{
"type": "FeatureCollection",
"name": "munich_neighbor_boundaries",
"crs": { "type": "name", "properties": { "name": "urn:ogc:def:crs:OGC:1.3:CRS84" } },
"features": [
{ "type": "Feature", "properties": { "bbox_west": 11.360777, "bbox_south": 48.0616244, "bbox_east": 11.7229099, "bbox_north": 48.2481162, "place_id": 117173815, "osm_type": "relation", "osm_id": 62428, "lat": 48.1371079, "lon": 11.5753822, "class": "boundary", "type": "administrative", "place_rank": 12, "importance": 0.81059816615894553, "addresstype": "city", "name": "Munich", "display_name": "Munich, Bavaria, Germany", "place_name": "Munich, Bavaria, Germany" }, "geometry": { "type": "MultiPolygon", "coordinates": [ [ [ [ 11.360777, 48.1580704 ], [ 11.3608464, 48.1580595 ], [ 11.3610401, 48.1580862 ], [ 11.3619435, 48.15823 ], [ 11.3624365, 48.1583045 ], [ 11.3628231, 48.1583839 ], [ 11.3636336, 48.1584867 ], [ 11.3637494, 48.1584906 ], [ 11.3643944, 48.1585382 ], [ 11.3650686, 48.1585413 ], [ 11.3655317, 48.1585659 ], [ 11.3660671, 48.158621 ], [ 11.3666368, 48.1586617 ], [ 11.3672258, 48.1586746 ], [ 11.368739, 48.1586119 ], [ 11.3702682, 48.1585098 ], [ 11.3706925, 48.1584467 ], [ 11.3711951, 48.1584195 ], [ 11.3711086, 48.1581782 ], [ 11.370894, 48.1580854 ], [ 11.3706953, 48.1581386 ], [ 11.3705808, 48.1580641 ], [ 11.3704558, 48.1581098 ], [ 11.3703492, 48.1580501 ], [ 11.3702468, 48.157973 ], [ 11.3702663, 48.1578597 ], [ 11.3703434, 48.1578524 ], [ 11.3703666, 48.1578142 ], [ 11.3703328, 48.1577475 ], [ 11.3702689, 48.1577662 ], [ 11.369986, 48.157309 ], [ 11.3701059, 48.1572727 ], [ 11.3698222, 48.15683 ], [ 11.3708289, 48.1566437 ], [ 11.3719407, 48.1562949 ], [ 11.3732801, 48.1560903 ], [ 11.3738101, 48.1560417 ], [ 11.3749147, 48.155983 ], [ 11.3751552, 48.1554886 ], [ 11.3738626, 48.1555401 ], [ 11.3740809, 48.1549591 ], [ 11.3744215, 48.1540883 ], [ 11.3735834, 48.1541884 ], [ 11.3739109, 48.1535523 ], [ 11.3756188, 48.1533677 ], [ 11.376996, 48.1533047 ], [ 11.377632, 48.1532531 ], [ 11.3780223, 48.1532215 ], [ 11.3780394, 48.1538371 ], [ 11.3782555, 48.153831 ], [ 11.3787063, 48.1538277 ], [ 11.3795223, 48.1538312 ], [ 11.3795025, 48.1535352 ], [ 11.380594, 48.1534831 ], [ 11.3810594, 48.1534286 ], [ 11.3816694, 48.1533278 ], [ 11.3828857, 48.1530762 ], [ 11.3829774, 48.1524968 ], [ 11.3830843, 48.1514987 ], [ 11.3831176, 48.1505825 ], [ 11.3831446, 48.1502745 ], [ 11.3831771, 48.1496722 ], [ 11.383642, 48.1497248 ], [ 11.3840156, 48.1497672 ], [ 11.3840216, 48.1490191 ], [ 11.3842808, 48.1491283 ], [ 11.3845394, 48.1492381 ], [ 11.3855294, 48.1496533 ], [ 11.3860788, 48.1488993 ], [ 11.3866319, 48.1481517 ], [ 11.3872366, 48.1473301 ], [ 11.3881189, 48.1476971 ], [ 11.3883477, 48.1477722 ], [ 11.389144, 48.1479327 ], [ 11.3898522, 48.1467021 ], [ 11.3902615, 48.1459832 ], [ 11.3894055, 48.1457461 ], [ 11.3906327, 48.1438677 ], [ 11.3904512, 48.1437964 ], [ 11.3904737, 48.1437576 ], [ 11.390152, 48.143654 ], [ 11.390388, 48.143287 ], [ 11.3912725, 48.1418913 ], [ 11.3909819, 48.1417798 ], [ 11.3895295, 48.1412227 ], [ 11.3921849, 48.1366638 ], [ 11.3899751, 48.1359786 ], [ 11.3901684, 48.1354416 ], [ 11.3891701, 48.1351323 ], [ 11.3892461, 48.1349181 ], [ 11.389039, 48.1348704 ], [ 11.3886071, 48.1347145 ], [ 11.3881907, 48.1345772 ], [ 11.3884441, 48.1337799 ], [ 11.3884807, 48.1336604 ], [ 11.3885519, 48.1334355 ], [ 11.3885113, 48.1334284 ], [ 11.3887205, 48.1328491 ], [ 11.388975, 48.1329001 ], [ 11.389187, 48.132321 ], [ 11.3893203, 48.131926 ], [ 11.3894088, 48.1316766 ], [ 11.3893863, 48.1316013 ], [ 11.3894068, 48.1315096 ], [ 11.3894039, 48.1314037 ], [ 11.3893202, 48.1310936 ], [ 11.3892142, 48.1310596 ], [ 11.388724, 48.1297424 ], [ 11.3887993, 48.1296105 ], [ 11.3896186, 48.1278656 ], [ 11.3907458, 48.1280443 ], [ 11.3930053, 48.1285263 ], [ 11.3942853, 48.1256635 ], [ 11.3944236, 48.1255105 ], [ 11.3945773, 48.1255071 ], [ 11.4022722, 48.1251677 ], [ 11.4022976, 48.1253264 ], [ 11.4029318, 48.125448 ], [ 11.4038308, 48.1256149 ], [ 11.4053336, 48.1258387 ], [ 11.4066689, 48.1259595 ], [ 11.408172, 48.1260958 ], [ 11.4089641, 48.1261967 ], [ 11.4100143, 48.1266337 ], [ 11.411219, 48.1270443 ], [ 11.4120802, 48.1273715 ], [ 11.4126814, 48.1275508 ], [ 11.4128816, 48.127491 ], [ 11.4133627, 48.1277067 ], [ 11.4144823, 48.1281938 ], [ 11.4155118, 48.1286784 ], [ 11.4161047, 48.1290178 ], [ 11.4167749, 48.1294053 ], [ 11.4173692, 48.1297644 ], [ 11.4182797, 48.1303026 ], [ 11.41836, 48.1303491 ], [ 11.4188182, 48.1306139 ], [ 11.4193196, 48.1308564 ], [ 11.4202075, 48.1312824 ], [ 11.4207634, 48.1315501 ], [ 11.4210785, 48.1316972 ], [ 11.4221037, 48.1321884 ], [ 11.42237, 48.1323143 ], [ 11.4226466, 48.1324989 ], [ 11.4229556, 48.132709 ], [ 11.4233438, 48.1330177 ], [ 11.423569, 48.1333308 ], [ 11.4236018, 48.1334187 ], [ 11.4237097, 48.1337133 ], [ 11.4237561, 48.133836 ], [ 11.4237888, 48.1339165 ], [ 11.4240461, 48.1345771 ], [ 11.4243359, 48.1349199 ], [ 11.4247077, 48.1353412 ], [ 11.4250977, 48.1356301 ], [ 11.4256934, 48.1360832 ], [ 11.4262618, 48.136538 ], [ 11.4268038, 48.1366929 ], [ 11.427425, 48.1368707 ], [ 11.4274357, 48.136868 ], [ 11.4276252, 48.1369359 ], [ 11.4276432, 48.1369257 ], [ 11.4281888, 48.1370646 ], [ 11.4292353, 48.1373526 ], [ 11.4299801, 48.1375559 ], [ 11.4301226, 48.1375299 ], [ 11.4309996, 48.1373665 ], [ 11.4319149, 48.1371735 ], [ 11.4321904, 48.1371136 ], [ 11.4326593, 48.1370193 ], [ 11.4328136, 48.1369856 ], [ 11.4330624, 48.1369342 ], [ 11.4332399, 48.1369443 ], [ 11.4334686, 48.1369548 ], [ 11.4339381, 48.1369766 ], [ 11.434039, 48.1369658 ], [ 11.4341779, 48.136945 ], [ 11.4343883, 48.1369181 ], [ 11.4346193, 48.1368894 ], [ 11.4352139, 48.1366868 ], [ 11.4355804, 48.1364318 ], [ 11.4356836, 48.1363428 ], [ 11.435891, 48.1361698 ], [ 11.4360395, 48.1361104 ], [ 11.4363741, 48.1366581 ], [ 11.4372746, 48.1361325 ], [ 11.4385662, 48.135373 ], [ 11.4381438, 48.1349579 ], [ 11.4381431, 48.1348153 ], [ 11.4381326, 48.1346137 ], [ 11.438724, 48.1345789 ], [ 11.4398061, 48.1344292 ], [ 11.4401533, 48.1344226 ], [ 11.441179, 48.1342489 ], [ 11.4416992, 48.1340952 ], [ 11.4420712, 48.1339819 ], [ 11.4421701, 48.1339475 ], [ 11.44229, 48.1339226 ], [ 11.4425601, 48.1339596 ], [ 11.4433138, 48.1339871 ], [ 11.4436935, 48.1340163 ], [ 11.4442603, 48.1340583 ], [ 11.4445464, 48.1340705 ], [ 11.4450237, 48.1340895 ], [ 11.4453251, 48.1340119 ], [ 11.4458291, 48.133886 ], [ 11.4460294, 48.1338349 ], [ 11.4473328, 48.1334886 ], [ 11.4474667, 48.1335873 ], [ 11.4476451, 48.1334827 ], [ 11.4474367, 48.1334552 ], [ 11.4472234, 48.1332891 ], [ 11.447122, 48.133176 ], [ 11.4470868, 48.1331878 ], [ 11.447041, 48.1330838 ], [ 11.4470728, 48.1329939 ], [ 11.4471803, 48.1328884 ], [ 11.4472995, 48.1326664 ], [ 11.4473148, 48.1324751 ], [ 11.4474504, 48.1322639 ], [ 11.4476122, 48.1321605 ], [ 11.4476998, 48.1320091 ], [ 11.4478952, 48.1318922 ], [ 11.4479757, 48.1317725 ], [ 11.4478869, 48.131542 ], [ 11.4481179, 48.1311538 ], [ 11.448232, 48.1312277 ], [ 11.4483293, 48.1311981 ], [ 11.4484068, 48.1313419 ], [ 11.4485028, 48.1314956 ], [ 11.4485404, 48.1315543 ], [ 11.4486664, 48.1315967 ], [ 11.4487755, 48.1318021 ], [ 11.4489221, 48.1319639 ], [ 11.4491144, 48.1321814 ], [ 11.4494415, 48.1325469 ], [ 11.449557, 48.1326763 ], [ 11.4497754, 48.1329213 ], [ 11.4499966, 48.1328512 ], [ 11.4506439, 48.1326431 ], [ 11.4511498, 48.1324851 ], [ 11.4512818, 48.1329293 ], [ 11.4513433, 48.1332103 ], [ 11.4513653, 48.1332754 ], [ 11.4514821, 48.1332564 ], [ 11.451501, 48.1332555 ], [ 11.451594, 48.1332539 ], [ 11.4517803, 48.1332496 ], [ 11.4524215, 48.1332041 ], [ 11.4533677, 48.1331361 ], [ 11.4543084, 48.1330459 ], [ 11.4548798, 48.1329687 ], [ 11.4547816, 48.1328338 ], [ 11.4547291, 48.1327351 ], [ 11.4547026, 48.1326279 ], [ 11.4553543, 48.1325296 ], [ 11.4566016, 48.1324016 ], [ 11.4573883, 48.1323157 ], [ 11.4578446, 48.1322561 ], [ 11.4578847, 48.1324797 ], [ 11.4601384, 48.1320449 ], [ 11.4598671, 48.1315228 ], [ 11.4596867, 48.1312212 ], [ 11.4594724, 48.1308994 ], [ 11.4600378, 48.1307216 ], [ 11.4606152, 48.1305997 ], [ 11.4615952, 48.1303927 ], [ 11.4621018, 48.1302968 ], [ 11.4620216, 48.1300002 ], [ 11.4623934, 48.1299342 ], [ 11.4634317, 48.1299203 ], [ 11.4636931, 48.129926 ], [ 11.4637414, 48.1298418 ], [ 11.4637916, 48.1294828 ], [ 11.4639766, 48.1294024 ], [ 11.4641672, 48.1293386 ], [ 11.4645429, 48.129238 ], [ 11.4647241, 48.1288863 ], [ 11.4649053, 48.1284188 ], [ 11.4649715, 48.1282282 ], [ 11.4649836, 48.1281116 ], [ 11.4650517, 48.1275585 ], [ 11.4650785, 48.1272944 ], [ 11.4651283, 48.126992 ], [ 11.4650257, 48.1266215 ], [ 11.4649556, 48.1258273 ], [ 11.4648591, 48.1253965 ], [ 11.4647395, 48.1248029 ], [ 11.4647217, 48.1243967 ], [ 11.4647495, 48.1240455 ], [ 11.4647619, 48.1239651 ], [ 11.4647975, 48.1237477 ], [ 11.4648301, 48.1235475 ], [ 11.4648296, 48.1234146 ], [ 11.4647902, 48.1232336 ], [ 11.4647833, 48.1231279 ], [ 11.4647654, 48.1230888 ], [ 11.4648172, 48.1227129 ], [ 11.4648621, 48.1223985 ], [ 11.464872, 48.1223559 ], [ 11.4648817, 48.1222815 ], [ 11.4649453, 48.1219619 ], [ 11.4649902, 48.1218976 ], [ 11.4650892, 48.1215049 ], [ 11.4652666, 48.1211763 ], [ 11.4654078, 48.1208012 ], [ 11.4655645, 48.120325 ], [ 11.4656232, 48.1199499 ], [ 11.465648, 48.1195223 ], [ 11.465644, 48.1192312 ], [ 11.4656494, 48.1188204 ], [ 11.4656651, 48.1185145 ], [ 11.4656528, 48.1181766 ], [ 11.4656448, 48.1179577 ], [ 11.4654772, 48.1172236 ], [ 11.4650913, 48.1158239 ], [ 11.4650619, 48.1148928 ], [ 11.4650608, 48.1147058 ], [ 11.4633954, 48.1145011 ], [ 11.4633641, 48.1141521 ], [ 11.4632613, 48.1137894 ], [ 11.463249, 48.1136757 ], [ 11.4632473, 48.1135427 ], [ 11.4632877, 48.1133581 ], [ 11.4634214, 48.1129937 ], [ 11.4635127, 48.112684 ], [ 11.4635178, 48.1123065 ], [ 11.4634674, 48.112078 ], [ 11.4633405, 48.1118078 ], [ 11.4632381, 48.1114309 ], [ 11.4631838, 48.1111136 ], [ 11.4632086, 48.1108723 ], [ 11.4632928, 48.1108046 ], [ 11.463263, 48.1105856 ], [ 11.4632616, 48.1103745 ], [ 11.4633129, 48.1094591 ], [ 11.4634128, 48.1093428 ], [ 11.4635114, 48.1091596 ], [ 11.4635432, 48.1089922 ], [ 11.4635875, 48.10872 ], [ 11.4636007, 48.1086455 ], [ 11.4635762, 48.1084018 ], [ 11.463506, 48.108175 ], [ 11.4634666, 48.1080964 ], [ 11.4633325, 48.1077512 ], [ 11.4632873, 48.1075534 ], [ 11.4632444, 48.1073288 ], [ 11.4632263, 48.1071192 ], [ 11.4632145, 48.1069695 ], [ 11.4631873, 48.1068511 ], [ 11.4631579, 48.1066785 ], [ 11.4631007, 48.1061092 ], [ 11.4630595, 48.1057195 ], [ 11.4630271, 48.1055533 ], [ 11.4630085, 48.1054311 ], [ 11.4629691, 48.1052549 ], [ 11.4636605, 48.1052476 ], [ 11.4653577, 48.1052311 ], [ 11.4671933, 48.1052317 ], [ 11.4684615, 48.10521 ], [ 11.4696285, 48.1052066 ], [ 11.4696902, 48.1058319 ], [ 11.4708482, 48.1053987 ], [ 11.4713145, 48.1052815 ], [ 11.4717794, 48.105161 ], [ 11.4720881, 48.1050848 ], [ 11.4730217, 48.1048992 ], [ 11.4733936, 48.1048413 ], [ 11.4742054, 48.1047123 ], [ 11.4748504, 48.1046058 ], [ 11.4744881, 48.1039092 ], [ 11.4746327, 48.1038646 ], [ 11.4744007, 48.103589 ], [ 11.4743472, 48.1035292 ], [ 11.4712267, 48.0998287 ], [ 11.470851, 48.0993754 ], [ 11.4736501, 48.0961392 ], [ 11.4739677, 48.0957768 ], [ 11.4739321, 48.0956445 ], [ 11.4739059, 48.0953933 ], [ 11.4741079, 48.0953762 ], [ 11.4740185, 48.095044 ], [ 11.4738633, 48.0944928 ], [ 11.4737534, 48.0939713 ], [ 11.4735975, 48.0935202 ], [ 11.4735507, 48.0932372 ], [ 11.4734694, 48.092711 ], [ 11.4732353, 48.092279 ], [ 11.4729453, 48.0917332 ], [ 11.4727615, 48.0913953 ], [ 11.4725125, 48.0909354 ], [ 11.4723567, 48.0906463 ], [ 11.4722279, 48.0904003 ], [ 11.4720742, 48.0901146 ], [ 11.4725202, 48.0899261 ], [ 11.4730972, 48.0896682 ], [ 11.4734441, 48.0894816 ], [ 11.4741951, 48.0891191 ], [ 11.4747488, 48.0889451 ], [ 11.4747606, 48.0889054 ], [ 11.4747322, 48.0888762 ], [ 11.4750278, 48.088815 ], [ 11.4752993, 48.0887828 ], [ 11.4755058, 48.0887713 ], [ 11.4759964, 48.088767 ], [ 11.476342, 48.0887657 ], [ 11.4762587, 48.0886602 ], [ 11.4761719, 48.0885554 ], [ 11.4759933, 48.0883363 ], [ 11.4757827, 48.0881032 ], [ 11.4757225, 48.0880376 ], [ 11.4756401, 48.0879422 ], [ 11.4755024, 48.087791 ], [ 11.4751587, 48.0874227 ], [ 11.474979, 48.0872355 ], [ 11.4748373, 48.0870844 ], [ 11.4747255, 48.0869866 ], [ 11.4746094, 48.0869337 ], [ 11.4745486, 48.0869106 ], [ 11.4742344, 48.0868188 ], [ 11.4737816, 48.0866953 ], [ 11.4736262, 48.0866661 ], [ 11.4734323, 48.0864484 ], [ 11.4732941, 48.0862585 ], [ 11.4730019, 48.0858698 ], [ 11.4727754, 48.085556 ], [ 11.4725716, 48.0852903 ], [ 11.4722808, 48.0849682 ], [ 11.4717173, 48.0843621 ], [ 11.4715605, 48.0841593 ], [ 11.4714161, 48.0839733 ], [ 11.471218, 48.0836525 ], [ 11.4711475, 48.0835388 ], [ 11.4710381, 48.0833143 ], [ 11.4710024, 48.0832622 ], [ 11.4709217, 48.0831868 ], [ 11.4732555, 48.0821942 ], [ 11.4729241, 48.0819643 ], [ 11.472374, 48.0822666 ], [ 11.4719421, 48.0818083 ], [ 11.4723237, 48.081595 ], [ 11.4725468, 48.0814217 ], [ 11.4729244, 48.0812229 ], [ 11.4733979, 48.081628 ], [ 11.4730197, 48.0818192 ], [ 11.4730299, 48.0819057 ], [ 11.4733659, 48.0821506 ], [ 11.474944, 48.0815106 ], [ 11.4774986, 48.0804267 ], [ 11.4796538, 48.0795014 ], [ 11.480804, 48.0790166 ], [ 11.4829049, 48.0781229 ], [ 11.4840945, 48.0776078 ], [ 11.4852582, 48.0771088 ], [ 11.4862979, 48.0766641 ], [ 11.4866951, 48.076495 ], [ 11.4870344, 48.0763511 ], [ 11.4867396, 48.0758621 ], [ 11.4864579, 48.0753843 ], [ 11.4862232, 48.0751362 ], [ 11.4861102, 48.074953 ], [ 11.4863151, 48.0748908 ], [ 11.4857966, 48.0742165 ], [ 11.4871308, 48.0737735 ], [ 11.488005, 48.074964 ], [ 11.4866484, 48.0753802 ], [ 11.4872351, 48.0762576 ], [ 11.4874766, 48.076152 ], [ 11.4874946, 48.0761541 ], [ 11.4879975, 48.0759476 ], [ 11.4889402, 48.0755464 ], [ 11.4896929, 48.0752288 ], [ 11.4903192, 48.0749589 ], [ 11.4916093, 48.0744138 ], [ 11.4917672, 48.0743496 ], [ 11.4938914, 48.0734502 ], [ 11.4961285, 48.0724996 ], [ 11.4983686, 48.0715452 ], [ 11.5004432, 48.0706603 ], [ 11.5025026, 48.0697668 ], [ 11.5028436, 48.0696178 ], [ 11.503558, 48.0692942 ], [ 11.5028817, 48.0686153 ], [ 11.5028493, 48.0685039 ], [ 11.5027329, 48.0681078 ], [ 11.5027701, 48.0676228 ], [ 11.5030212, 48.0669886 ], [ 11.5028462, 48.0669448 ], [ 11.5025769, 48.0669437 ], [ 11.5026315, 48.066809 ], [ 11.502892, 48.0662127 ], [ 11.5030423, 48.065703 ], [ 11.5036726, 48.0654734 ], [ 11.5037948, 48.0648125 ], [ 11.5038826, 48.0641665 ], [ 11.5041072, 48.0628905 ], [ 11.5042105, 48.0623947 ], [ 11.5054353, 48.0621699 ], [ 11.5062376, 48.0620793 ], [ 11.507189, 48.0618712 ], [ 11.5083365, 48.0616688 ], [ 11.5087578, 48.0616244 ], [ 11.5092742, 48.0621434 ], [ 11.5115038, 48.0643994 ], [ 11.5156035, 48.0633629 ], [ 11.5157531, 48.0637498 ], [ 11.515978, 48.0646355 ], [ 11.5161295, 48.0650159 ], [ 11.5163096, 48.0654374 ], [ 11.5166094, 48.065377 ], [ 11.5167808, 48.0657998 ], [ 11.5170141, 48.0663671 ], [ 11.517575, 48.066269 ], [ 11.5176967, 48.0666003 ], [ 11.5182312, 48.0666233 ], [ 11.5182103, 48.0669313 ], [ 11.5187834, 48.0670571 ], [ 11.5188325, 48.0669772 ], [ 11.5190033, 48.0670298 ], [ 11.5188177, 48.0673262 ], [ 11.5190514, 48.0673349 ], [ 11.51975, 48.0673562 ], [ 11.5202834, 48.067373 ], [ 11.5204734, 48.0673775 ], [ 11.5205936, 48.0673696 ], [ 11.5213115, 48.0673623 ], [ 11.5219619, 48.0673545 ], [ 11.5221162, 48.0673467 ], [ 11.5221338, 48.0671365 ], [ 11.5222559, 48.067133 ], [ 11.5221875, 48.0668762 ], [ 11.5221386, 48.0667118 ], [ 11.5221, 48.0665384 ], [ 11.5228134, 48.0664739 ], [ 11.5229583, 48.0664605 ], [ 11.5230971, 48.0676607 ], [ 11.5235863, 48.068134 ], [ 11.5238869, 48.0683743 ], [ 11.5243748, 48.0684628 ], [ 11.5251741, 48.0683727 ], [ 11.5262498, 48.0683357 ], [ 11.5262817, 48.0688113 ], [ 11.5262944, 48.0689891 ], [ 11.5269655, 48.06898 ], [ 11.5276982, 48.0689847 ], [ 11.5282499, 48.0689844 ], [ 11.5282659, 48.0692622 ], [ 11.5283135, 48.0692608 ], [ 11.5283815, 48.0695888 ], [ 11.5285692, 48.0695589 ], [ 11.5285869, 48.0697087 ], [ 11.5286104, 48.0697097 ], [ 11.5286606, 48.0700799 ], [ 11.5287346, 48.0704954 ], [ 11.5288338, 48.0707516 ], [ 11.5288804, 48.0709004 ], [ 11.5289968, 48.0717163 ], [ 11.5290124, 48.071819 ], [ 11.5290508, 48.07194 ], [ 11.5290874, 48.0719365 ], [ 11.5291374, 48.0720104 ], [ 11.5291657, 48.0720053 ], [ 11.5296061, 48.0726616 ], [ 11.5298881, 48.0730836 ], [ 11.5298622, 48.0730928 ], [ 11.5300274, 48.0733201 ], [ 11.5300542, 48.0733573 ], [ 11.5303984, 48.0738762 ], [ 11.530501, 48.0740282 ], [ 11.5306099, 48.0741926 ], [ 11.5307272, 48.0743654 ], [ 11.5308033, 48.0744843 ], [ 11.5309131, 48.0746626 ], [ 11.5309633, 48.0747439 ], [ 11.5310275, 48.0748511 ], [ 11.5310844, 48.0749435 ], [ 11.5311751, 48.0751696 ], [ 11.5312368, 48.0753217 ], [ 11.5313465, 48.0757046 ], [ 11.5314756, 48.0760233 ], [ 11.5315304, 48.0761553 ], [ 11.5317516, 48.076452 ], [ 11.5318708, 48.0765752 ], [ 11.5321329, 48.076834 ], [ 11.5321605, 48.0768239 ], [ 11.5322819, 48.076934 ], [ 11.5323782, 48.0770184 ], [ 11.5325349, 48.0771448 ], [ 11.532769, 48.0773178 ], [ 11.5330259, 48.0774799 ], [ 11.5333401, 48.0776214 ], [ 11.5334109, 48.077664 ], [ 11.5334768, 48.0776817 ], [ 11.533557, 48.0776767 ], [ 11.5336253, 48.0776629 ], [ 11.5336744, 48.0776611 ], [ 11.5337198, 48.0776799 ], [ 11.5337079, 48.0776924 ], [ 11.5337405, 48.077713 ], [ 11.5337849, 48.0777335 ], [ 11.5338321, 48.0777314 ], [ 11.5338495, 48.0777393 ], [ 11.5340416, 48.0777513 ], [ 11.534252, 48.0777547 ], [ 11.5343574, 48.077741 ], [ 11.5345905, 48.0777515 ], [ 11.5347324, 48.07776 ], [ 11.5349585, 48.0777858 ], [ 11.5352166, 48.0778294 ], [ 11.5354316, 48.0778655 ], [ 11.5355628, 48.0778741 ], [ 11.535642, 48.0778697 ], [ 11.5360495, 48.0779398 ], [ 11.5366467, 48.0779859 ], [ 11.53686, 48.0780039 ], [ 11.5378407, 48.0779788 ], [ 11.5384879, 48.0779626 ], [ 11.5400895, 48.0779199 ], [ 11.5408683, 48.0778988 ], [ 11.5413264, 48.0778866 ], [ 11.5423719, 48.0778567 ], [ 11.5423594, 48.0778277 ], [ 11.5423259, 48.077695 ], [ 11.542331, 48.0776204 ], [ 11.5423019, 48.0775182 ], [ 11.5422643, 48.0774395 ], [ 11.5422269, 48.0771928 ], [ 11.5422018, 48.0767898 ], [ 11.5421165, 48.0766991 ], [ 11.5420621, 48.0765674 ], [ 11.5420374, 48.0764679 ], [ 11.5419721, 48.0763699 ], [ 11.5419356, 48.0762893 ], [ 11.5419152, 48.0762892 ], [ 11.5419116, 48.0762556 ], [ 11.5419204, 48.076222 ], [ 11.5418922, 48.0761251 ], [ 11.5418489, 48.0760777 ], [ 11.5417874, 48.0759535 ], [ 11.5417571, 48.075929 ], [ 11.5416913, 48.0758357 ], [ 11.5416437, 48.0757099 ], [ 11.541585, 48.0755009 ], [ 11.5415813, 48.0753826 ], [ 11.5416351, 48.0752592 ], [ 11.5416604, 48.0751287 ], [ 11.5416759, 48.0749907 ], [ 11.5416962, 48.0749031 ], [ 11.5417166, 48.0747273 ], [ 11.5417552, 48.0745914 ], [ 11.5417982, 48.0745968 ], [ 11.5418399, 48.0745765 ], [ 11.5418668, 48.0745794 ], [ 11.5418798, 48.0745737 ], [ 11.5420001, 48.0745857 ], [ 11.542293, 48.074629 ], [ 11.542303, 48.0746361 ], [ 11.5423287, 48.0746381 ], [ 11.542338, 48.0746126 ], [ 11.5424279, 48.0746204 ], [ 11.5424678, 48.0745808 ], [ 11.5425216, 48.0745485 ], [ 11.5426379, 48.0745258 ], [ 11.5426646, 48.0745128 ], [ 11.542749, 48.0744143 ], [ 11.5427549, 48.0743741 ], [ 11.5427784, 48.0743556 ], [ 11.5427968, 48.0743371 ], [ 11.5428677, 48.0743161 ], [ 11.5429285, 48.0742134 ], [ 11.5429848, 48.0741632 ], [ 11.5430434, 48.0741191 ], [ 11.5431084, 48.0740837 ], [ 11.5431854, 48.0740502 ], [ 11.543219, 48.0740186 ], [ 11.5432503, 48.0740028 ], [ 11.5432747, 48.0739744 ], [ 11.5433263, 48.0739491 ], [ 11.5433545, 48.0738948 ], [ 11.5433467, 48.0738628 ], [ 11.5433235, 48.0738476 ], [ 11.5433657, 48.0737993 ], [ 11.5433598, 48.0737493 ], [ 11.543402, 48.0737525 ], [ 11.5434226, 48.0737393 ], [ 11.5434367, 48.0736936 ], [ 11.5434402, 48.0736612 ], [ 11.5435143, 48.0735709 ], [ 11.543548, 48.0735688 ], [ 11.5436028, 48.0735282 ], [ 11.5431318, 48.0730499 ], [ 11.5439683, 48.0719453 ], [ 11.544129, 48.0710883 ], [ 11.5442887, 48.0702448 ], [ 11.5440071, 48.0696331 ], [ 11.5441842, 48.0691267 ], [ 11.5440667, 48.0683123 ], [ 11.5450481, 48.0681918 ], [ 11.5454241, 48.0681278 ], [ 11.5456094, 48.0684532 ], [ 11.5459356, 48.0690211 ], [ 11.5464457, 48.0699252 ], [ 11.547287, 48.0715247 ], [ 11.5473653, 48.0716096 ], [ 11.5474989, 48.0715813 ], [ 11.5475379, 48.0716576 ], [ 11.5475739, 48.0717303 ], [ 11.5477866, 48.0721495 ], [ 11.5481764, 48.0729214 ], [ 11.5488404, 48.0742306 ], [ 11.548917, 48.0743802 ], [ 11.5490075, 48.0745628 ], [ 11.5490322, 48.0746059 ], [ 11.549757, 48.0744612 ], [ 11.5499136, 48.0746572 ], [ 11.5492346, 48.0749084 ], [ 11.5491556, 48.0748689 ], [ 11.5496477, 48.0758774 ], [ 11.5500988, 48.0767933 ], [ 11.5504046, 48.0774308 ], [ 11.5509031, 48.0784834 ], [ 11.5516394, 48.080022 ], [ 11.5519541, 48.0806903 ], [ 11.5528684, 48.0826423 ], [ 11.5534728, 48.0839501 ], [ 11.5539743, 48.0850231 ], [ 11.5544544, 48.084963 ], [ 11.5605373, 48.0841634 ], [ 11.5604997, 48.0839875 ], [ 11.5605688, 48.0839426 ], [ 11.5614117, 48.0837933 ], [ 11.5624875, 48.0836047 ], [ 11.5629115, 48.0851156 ], [ 11.5629144, 48.0851799 ], [ 11.5629913, 48.0851676 ], [ 11.5633151, 48.085265 ], [ 11.5635976, 48.0853674 ], [ 11.5646978, 48.0857708 ], [ 11.5655298, 48.086077 ], [ 11.5656286, 48.0861179 ], [ 11.5700403, 48.0877269 ], [ 11.5732319, 48.0888993 ], [ 11.5743819, 48.0888153 ], [ 11.5744301, 48.0893368 ], [ 11.5756459, 48.089798 ], [ 11.5781002, 48.0907286 ], [ 11.5798241, 48.0913816 ], [ 11.5803076, 48.0915647 ], [ 11.5804597, 48.0916224 ], [ 11.5832833, 48.0927068 ], [ 11.5833246, 48.0927226 ], [ 11.5842787, 48.0930879 ], [ 11.5850016, 48.0933514 ], [ 11.5851254, 48.0934114 ], [ 11.5854243, 48.0935285 ], [ 11.5855361, 48.0934879 ], [ 11.5856734, 48.0934567 ], [ 11.5858098, 48.0934509 ], [ 11.5859448, 48.0934653 ], [ 11.5860873, 48.0934961 ], [ 11.586197, 48.0935322 ], [ 11.5862649, 48.0935596 ], [ 11.5863274, 48.0935899 ], [ 11.5869189, 48.0938795 ], [ 11.5873397, 48.0935593 ], [ 11.5875022, 48.0935005 ], [ 11.5877235, 48.0934782 ], [ 11.5880219, 48.0935023 ], [ 11.588231, 48.0935454 ], [ 11.5883793, 48.0935273 ], [ 11.588558, 48.0934318 ], [ 11.5889081, 48.0927995 ], [ 11.5888304, 48.0927807 ], [ 11.5888614, 48.092733 ], [ 11.5889358, 48.0927461 ], [ 11.5911911, 48.0886842 ], [ 11.5915481, 48.0880336 ], [ 11.5918167, 48.0875241 ], [ 11.5921902, 48.0866702 ], [ 11.5922364, 48.0863351 ], [ 11.5922507, 48.0860489 ], [ 11.5923285, 48.085655 ], [ 11.5924363, 48.0854383 ], [ 11.5926218, 48.0850713 ], [ 11.5928809, 48.0850459 ], [ 11.5929692, 48.0850368 ], [ 11.5930965, 48.0850255 ], [ 11.5933673, 48.084998 ], [ 11.5936151, 48.0849751 ], [ 11.5941335, 48.0851413 ], [ 11.5945095, 48.0852642 ], [ 11.5943263, 48.0855192 ], [ 11.5945193, 48.0855746 ], [ 11.5944394, 48.085714 ], [ 11.5947192, 48.0858191 ], [ 11.594832, 48.0856828 ], [ 11.5950305, 48.0854296 ], [ 11.5955265, 48.0855637 ], [ 11.5959717, 48.0856984 ], [ 11.5964285, 48.0857868 ], [ 11.5968988, 48.0858324 ], [ 11.5974095, 48.0858382 ], [ 11.5976965, 48.0858711 ], [ 11.5978834, 48.0859325 ], [ 11.5980406, 48.0860577 ], [ 11.5981364, 48.0863389 ], [ 11.5981889, 48.0864497 ], [ 11.5982782, 48.086529 ], [ 11.5983569, 48.0865858 ], [ 11.5985459, 48.0866489 ], [ 11.5990531, 48.0867588 ], [ 11.5999665, 48.086956 ], [ 11.6006051, 48.087092 ], [ 11.6017741, 48.0873456 ], [ 11.6031191, 48.0855778 ], [ 11.6031338, 48.0855756 ], [ 11.6035253, 48.0850642 ], [ 11.6042136, 48.0854098 ], [ 11.6052422, 48.086002 ], [ 11.6055025, 48.0861501 ], [ 11.6059078, 48.0863871 ], [ 11.6062907, 48.0866651 ], [ 11.6064974, 48.086808 ], [ 11.6074765, 48.0868027 ], [ 11.6081093, 48.0868544 ], [ 11.6082567, 48.0868584 ], [ 11.6086758, 48.0868119 ], [ 11.6110383, 48.0869515 ], [ 11.6118972, 48.0870288 ], [ 11.6119796, 48.0870427 ], [ 11.6116855, 48.0881107 ], [ 11.6151817, 48.0880168 ], [ 11.615151, 48.0884248 ], [ 11.6158068, 48.0884427 ], [ 11.616311, 48.0884342 ], [ 11.616744, 48.0884262 ], [ 11.6167958, 48.0884388 ], [ 11.6167533, 48.0886253 ], [ 11.6176497, 48.0885602 ], [ 11.6237531, 48.08811 ], [ 11.623738, 48.0880184 ], [ 11.6238016, 48.0880175 ], [ 11.6237095, 48.0873266 ], [ 11.6263053, 48.0871363 ], [ 11.6263459, 48.0871034 ], [ 11.6264789, 48.0870825 ], [ 11.6266929, 48.0870962 ], [ 11.6268562, 48.0871003 ], [ 11.6270317, 48.0870844 ], [ 11.6270531, 48.0870743 ], [ 11.6270544, 48.0870568 ], [ 11.6270073, 48.0870096 ], [ 11.6269028, 48.0869564 ], [ 11.6265686, 48.0868397 ], [ 11.6265793, 48.0868019 ], [ 11.6267966, 48.0867734 ], [ 11.627783, 48.0866871 ], [ 11.6278327, 48.0866905 ], [ 11.6296264, 48.086547 ], [ 11.629625, 48.0862576 ], [ 11.6303537, 48.0862237 ], [ 11.6309985, 48.0861843 ], [ 11.6329513, 48.0859767 ], [ 11.633041, 48.0859672 ], [ 11.6330587, 48.0855682 ], [ 11.6330639, 48.085484 ], [ 11.6330623, 48.0850531 ], [ 11.6330541, 48.084877 ], [ 11.6330381, 48.0846929 ], [ 11.633028, 48.0844967 ], [ 11.6330367, 48.0842769 ], [ 11.6341403, 48.0842284 ], [ 11.6348545, 48.0841673 ], [ 11.6351791, 48.0841302 ], [ 11.6361896, 48.0839893 ], [ 11.6370073, 48.0838656 ], [ 11.6382475, 48.0836693 ], [ 11.6382285, 48.0836257 ], [ 11.6374048, 48.0837404 ], [ 11.6373747, 48.0836363 ], [ 11.6382305, 48.0835214 ], [ 11.6397866, 48.0832825 ], [ 11.641794, 48.0829309 ], [ 11.6437354, 48.0825606 ], [ 11.6451965, 48.0822592 ], [ 11.6458268, 48.0821369 ], [ 11.6467876, 48.0819642 ], [ 11.6468164, 48.0820207 ], [ 11.6499627, 48.0813013 ], [ 11.6501574, 48.0812816 ], [ 11.652066, 48.0809066 ], [ 11.6523642, 48.0808502 ], [ 11.6543193, 48.0804692 ], [ 11.6552296, 48.080292 ], [ 11.6556868, 48.0802093 ], [ 11.657002, 48.079977 ], [ 11.6574765, 48.079899 ], [ 11.6583543, 48.0797345 ], [ 11.6584352, 48.0797185 ], [ 11.6584714, 48.0797116 ], [ 11.6592372, 48.0795616 ], [ 11.6601024, 48.0794151 ], [ 11.6601999, 48.0793992 ], [ 11.6602419, 48.0794658 ], [ 11.6606871, 48.0793254 ], [ 11.6610158, 48.0792619 ], [ 11.6615075, 48.0791699 ], [ 11.6619928, 48.0790731 ], [ 11.662454, 48.0790057 ], [ 11.6629159, 48.0788982 ], [ 11.6633645, 48.0788111 ], [ 11.6634758, 48.0789937 ], [ 11.6643753, 48.078708 ], [ 11.664332, 48.0786148 ], [ 11.6649283, 48.078519 ], [ 11.665644, 48.0784041 ], [ 11.6655716, 48.0782116 ], [ 11.6666958, 48.078093 ], [ 11.6675383, 48.077996 ], [ 11.6678188, 48.0779646 ], [ 11.6683435, 48.0779811 ], [ 11.6704369, 48.0780515 ], [ 11.6712842, 48.0780545 ], [ 11.6717534, 48.0780549 ], [ 11.6734504, 48.0782127 ], [ 11.6737148, 48.0787812 ], [ 11.6743279, 48.0787184 ], [ 11.6753467, 48.0786139 ], [ 11.6769196, 48.0784484 ], [ 11.6769949, 48.0784406 ], [ 11.67862, 48.0782739 ], [ 11.6786688, 48.0784527 ], [ 11.6793833, 48.0783844 ], [ 11.6793467, 48.0781985 ], [ 11.6798462, 48.0781453 ], [ 11.6805126, 48.0780743 ], [ 11.682187, 48.0778471 ], [ 11.6827582, 48.0777696 ], [ 11.6840763, 48.0776633 ], [ 11.6843093, 48.0776358 ], [ 11.6852788, 48.0775213 ], [ 11.685651, 48.0774915 ], [ 11.6853956, 48.0776298 ], [ 11.6852705, 48.0777354 ], [ 11.6850678, 48.077905 ], [ 11.6848352, 48.0780664 ], [ 11.6847024, 48.0781947 ], [ 11.6846164, 48.0783096 ], [ 11.6844889, 48.078539 ], [ 11.6843527, 48.0787768 ], [ 11.6841225, 48.0790824 ], [ 11.6840698, 48.079155 ], [ 11.6837805, 48.0797246 ], [ 11.6835818, 48.0802574 ], [ 11.6835865, 48.0805714 ], [ 11.6834864, 48.0809112 ], [ 11.6834441, 48.0810661 ], [ 11.6834646, 48.0813338 ], [ 11.6835162, 48.0814904 ], [ 11.6830924, 48.0816592 ], [ 11.6829626, 48.0817667 ], [ 11.6828632, 48.0818037 ], [ 11.6823048, 48.0823383 ], [ 11.6818955, 48.0826176 ], [ 11.681562, 48.0828021 ], [ 11.681313, 48.0829658 ], [ 11.6812433, 48.0831604 ], [ 11.6810059, 48.0835742 ], [ 11.6809575, 48.0838042 ], [ 11.6809631, 48.0841034 ], [ 11.6811213, 48.0845254 ], [ 11.681149, 48.0846761 ], [ 11.6812239, 48.0849466 ], [ 11.6815181, 48.0855526 ], [ 11.68158, 48.0858116 ], [ 11.6816336, 48.0860869 ], [ 11.6816676, 48.0863541 ], [ 11.6817358, 48.0866201 ], [ 11.6817923, 48.0868066 ], [ 11.6818491, 48.0868473 ], [ 11.6819074, 48.0869425 ], [ 11.6819351, 48.0870356 ], [ 11.6820088, 48.0871261 ], [ 11.6820499, 48.0872891 ], [ 11.6821089, 48.0874549 ], [ 11.6821896, 48.0876104 ], [ 11.6822851, 48.0879685 ], [ 11.6823549, 48.0881996 ], [ 11.6824127, 48.0884471 ], [ 11.6824455, 48.0887168 ], [ 11.6825089, 48.0891729 ], [ 11.6825136, 48.0894314 ], [ 11.6824898, 48.0897684 ], [ 11.6825001, 48.0904368 ], [ 11.6825288, 48.0907127 ], [ 11.6825643, 48.0910337 ], [ 11.6826007, 48.0912918 ], [ 11.6826482, 48.0914523 ], [ 11.6827716, 48.0918035 ], [ 11.68304, 48.0920884 ], [ 11.6833458, 48.0922506 ], [ 11.6834932, 48.0922627 ], [ 11.6836904, 48.0923257 ], [ 11.6841376, 48.092421 ], [ 11.684497, 48.0924806 ], [ 11.685052, 48.0924545 ], [ 11.6856927, 48.0925076 ], [ 11.6859668, 48.0924856 ], [ 11.6868414, 48.0923354 ], [ 11.6873309, 48.0922273 ], [ 11.6878519, 48.0921369 ], [ 11.6878527, 48.0922019 ], [ 11.6882231, 48.0921909 ], [ 11.6887349, 48.0922119 ], [ 11.688307, 48.0925394 ], [ 11.6880003, 48.0927708 ], [ 11.6878784, 48.0928792 ], [ 11.6876699, 48.093025 ], [ 11.6874224, 48.0932478 ], [ 11.6872162, 48.0934379 ], [ 11.6871126, 48.0935434 ], [ 11.6882031, 48.0937944 ], [ 11.6890564, 48.0940088 ], [ 11.6890188, 48.0941653 ], [ 11.6889675, 48.0944984 ], [ 11.6888833, 48.0949278 ], [ 11.6893023, 48.0950908 ], [ 11.6900712, 48.0954169 ], [ 11.6912126, 48.0958457 ], [ 11.6917674, 48.096056 ], [ 11.6922574, 48.0962481 ], [ 11.6935644, 48.0967555 ], [ 11.6936641, 48.0968051 ], [ 11.6942302, 48.0971188 ], [ 11.6943538, 48.0971495 ], [ 11.6946477, 48.0972252 ], [ 11.6948815, 48.0972286 ], [ 11.6953906, 48.0972806 ], [ 11.6955205, 48.0973098 ], [ 11.695656, 48.097316 ], [ 11.69619, 48.097279 ], [ 11.6966424, 48.0974342 ], [ 11.696838, 48.0975481 ], [ 11.6970921, 48.0977583 ], [ 11.6975478, 48.0980096 ], [ 11.6982588, 48.0983257 ], [ 11.6989263, 48.0986132 ], [ 11.7001631, 48.0991648 ], [ 11.7014686, 48.0996033 ], [ 11.7027377, 48.1000653 ], [ 11.7033248, 48.1003102 ], [ 11.7037439, 48.1003534 ], [ 11.7040768, 48.1004066 ], [ 11.7043694, 48.1004612 ], [ 11.7048445, 48.1006829 ], [ 11.7052964, 48.1009084 ], [ 11.7057939, 48.1011611 ], [ 11.706179, 48.1013358 ], [ 11.7070277, 48.101643 ], [ 11.7084855, 48.1021528 ], [ 11.7088314, 48.1022905 ], [ 11.7090286, 48.1023941 ], [ 11.7093428, 48.1025744 ], [ 11.7095928, 48.1027608 ], [ 11.7109553, 48.1037084 ], [ 11.7111577, 48.1038721 ], [ 11.7112682, 48.103963 ], [ 11.7116586, 48.1042771 ], [ 11.7118101, 48.1043726 ], [ 11.7122874, 48.1046663 ], [ 11.7124414, 48.1047416 ], [ 11.7127047, 48.1048692 ], [ 11.7128891, 48.1052245 ], [ 11.7130833, 48.1056211 ], [ 11.713206, 48.1061745 ], [ 11.7132104, 48.1065489 ], [ 11.7132114, 48.1066466 ], [ 11.7132508, 48.1068394 ], [ 11.7132723, 48.1069427 ], [ 11.7133838, 48.1071173 ], [ 11.7140224, 48.1086335 ], [ 11.7141546, 48.1091652 ], [ 11.714231, 48.1095795 ], [ 11.7145108, 48.1105447 ], [ 11.7145732, 48.1107674 ], [ 11.7145946, 48.1108471 ], [ 11.7145908, 48.1108709 ], [ 11.7145785, 48.1109649 ], [ 11.714605, 48.111119 ], [ 11.7141395, 48.1110346 ], [ 11.7139366, 48.1110192 ], [ 11.7134453, 48.1112595 ], [ 11.7133534, 48.1113079 ], [ 11.7129604, 48.1115152 ], [ 11.712516, 48.1118068 ], [ 11.7118919, 48.1122648 ], [ 11.7112954, 48.1126462 ], [ 11.711163, 48.1127307 ], [ 11.7107198, 48.1130459 ], [ 11.7102978, 48.1133917 ], [ 11.7098284, 48.1137266 ], [ 11.7092989, 48.1140501 ], [ 11.7089815, 48.1142244 ], [ 11.708916, 48.1142371 ], [ 11.710668, 48.1155572 ], [ 11.7046465, 48.1168642 ], [ 11.6997477, 48.1179185 ], [ 11.6997239, 48.1178775 ], [ 11.6989484, 48.1180504 ], [ 11.6986909, 48.117973 ], [ 11.6984629, 48.1179705 ], [ 11.6979684, 48.118174 ], [ 11.6976769, 48.118308 ], [ 11.6966797, 48.1185273 ], [ 11.6964241, 48.1185431 ], [ 11.6963988, 48.1186477 ], [ 11.6947243, 48.1190141 ], [ 11.6940418, 48.1193471 ], [ 11.6940546, 48.1193629 ], [ 11.6947685, 48.1199876 ], [ 11.6948194, 48.1200315 ], [ 11.6947904, 48.1200406 ], [ 11.6951246, 48.1203408 ], [ 11.6960577, 48.1198625 ], [ 11.6975662, 48.12118 ], [ 11.6941881, 48.1231033 ], [ 11.6959275, 48.1243863 ], [ 11.6964272, 48.1243881 ], [ 11.6977398, 48.1253464 ], [ 11.6992458, 48.1244473 ], [ 11.7022318, 48.1226626 ], [ 11.7039993, 48.1215942 ], [ 11.7042695, 48.1214437 ], [ 11.7046079, 48.1216232 ], [ 11.7050443, 48.1218837 ], [ 11.7053509, 48.1220511 ], [ 11.7058057, 48.1222768 ], [ 11.7060649, 48.1223646 ], [ 11.7063555, 48.1224338 ], [ 11.7067367, 48.1224884 ], [ 11.7070119, 48.1225155 ], [ 11.7070999, 48.1225171 ], [ 11.707311, 48.1224334 ], [ 11.7074155, 48.1223731 ], [ 11.7073914, 48.1224772 ], [ 11.7086252, 48.1229634 ], [ 11.70885, 48.1226348 ], [ 11.7095868, 48.1231826 ], [ 11.7107359, 48.1240348 ], [ 11.7119885, 48.1229767 ], [ 11.7136506, 48.1240531 ], [ 11.7139429, 48.124264 ], [ 11.715141, 48.126331 ], [ 11.7155457, 48.1270733 ], [ 11.7161672, 48.1281741 ], [ 11.7151701, 48.1287789 ], [ 11.7153862, 48.1289385 ], [ 11.7145197, 48.1296081 ], [ 11.7133971, 48.1291073 ], [ 11.7117067, 48.1300689 ], [ 11.7126703, 48.1305387 ], [ 11.7143702, 48.1313657 ], [ 11.7141988, 48.1315726 ], [ 11.7135475, 48.1321962 ], [ 11.7122674, 48.1333845 ], [ 11.7144568, 48.1340328 ], [ 11.7152706, 48.1327982 ], [ 11.7175591, 48.1334772 ], [ 11.719111, 48.133936 ], [ 11.7201298, 48.1342334 ], [ 11.7204373, 48.134335 ], [ 11.7202835, 48.1345931 ], [ 11.7202151, 48.1347081 ], [ 11.7196799, 48.1355406 ], [ 11.7200402, 48.1357093 ], [ 11.7208145, 48.1360446 ], [ 11.722903, 48.1370622 ], [ 11.7229099, 48.137117 ], [ 11.7224159, 48.1375228 ], [ 11.7218743, 48.1379705 ], [ 11.7205525, 48.1390065 ], [ 11.720463, 48.1390675 ], [ 11.7196873, 48.1386771 ], [ 11.7192577, 48.1384557 ], [ 11.7188253, 48.138178 ], [ 11.7185958, 48.1380304 ], [ 11.7179981, 48.1377062 ], [ 11.717835, 48.1377466 ], [ 11.717692, 48.137782 ], [ 11.7160825, 48.1381969 ], [ 11.7159321, 48.1382357 ], [ 11.7150361, 48.1384666 ], [ 11.7149461, 48.1384898 ], [ 11.71471, 48.1386034 ], [ 11.7145998, 48.138613 ], [ 11.7145373, 48.1386169 ], [ 11.7144724, 48.1386219 ], [ 11.7142819, 48.1386467 ], [ 11.7141843, 48.1386774 ], [ 11.7140935, 48.1387307 ], [ 11.7139028, 48.1388882 ], [ 11.7138085, 48.1389768 ], [ 11.7136383, 48.1391319 ], [ 11.7136315, 48.1391381 ], [ 11.7135855, 48.1392029 ], [ 11.7135235, 48.1392815 ], [ 11.7118711, 48.1405283 ], [ 11.7109255, 48.1412833 ], [ 11.7101299, 48.141854 ], [ 11.7102885, 48.1419481 ], [ 11.7103937, 48.1420073 ], [ 11.7105074, 48.1420651 ], [ 11.710975, 48.1423027 ], [ 11.7110318, 48.1423301 ], [ 11.7116465, 48.1426264 ], [ 11.7122225, 48.1429125 ], [ 11.7127796, 48.1431936 ], [ 11.7109481, 48.1446123 ], [ 11.7133337, 48.1454764 ], [ 11.7134632, 48.1455237 ], [ 11.7127794, 48.1460563 ], [ 11.7118574, 48.1467821 ], [ 11.7105425, 48.1477765 ], [ 11.7104582, 48.1478693 ], [ 11.7102589, 48.1480888 ], [ 11.7101931, 48.1481612 ], [ 11.710117, 48.14818 ], [ 11.7083347, 48.1479568 ], [ 11.7074996, 48.147832 ], [ 11.7064455, 48.1477002 ], [ 11.7052922, 48.147553 ], [ 11.7029382, 48.147252 ], [ 11.702654, 48.1474726 ], [ 11.7025924, 48.1474398 ], [ 11.7027845, 48.1472332 ], [ 11.6986205, 48.1466975 ], [ 11.698403, 48.1468928 ], [ 11.6983469, 48.1468679 ], [ 11.6984962, 48.1466823 ], [ 11.6948666, 48.146223 ], [ 11.6946517, 48.1462175 ], [ 11.6933385, 48.1460222 ], [ 11.6916723, 48.1458121 ], [ 11.6914785, 48.1459701 ], [ 11.6914169, 48.145941 ], [ 11.6915437, 48.1457975 ], [ 11.6902082, 48.1456302 ], [ 11.6888536, 48.1454482 ], [ 11.6866865, 48.1451717 ], [ 11.6851852, 48.1449808 ], [ 11.6843965, 48.1448803 ], [ 11.6837275, 48.1447925 ], [ 11.6834155, 48.1448492 ], [ 11.6830616, 48.1449132 ], [ 11.6814969, 48.1447136 ], [ 11.679813, 48.1444986 ], [ 11.6781624, 48.144285 ], [ 11.6798009, 48.1532533 ], [ 11.6764581, 48.1550804 ], [ 11.6756028, 48.1555483 ], [ 11.675265, 48.155734 ], [ 11.6747338, 48.1560243 ], [ 11.6745174, 48.1561429 ], [ 11.6742172, 48.1563062 ], [ 11.673925, 48.15647 ], [ 11.6742158, 48.156714 ], [ 11.6743448, 48.1568191 ], [ 11.6745819, 48.1570155 ], [ 11.6746106, 48.1570838 ], [ 11.674778, 48.1572242 ], [ 11.6750791, 48.157423 ], [ 11.6755182, 48.1578108 ], [ 11.6760099, 48.1582427 ], [ 11.676485, 48.1586544 ], [ 11.6769605, 48.1590786 ], [ 11.6774298, 48.1595055 ], [ 11.6778833, 48.1599159 ], [ 11.6784996, 48.1604538 ], [ 11.6786286, 48.1605808 ], [ 11.6787114, 48.160718 ], [ 11.678787, 48.1608058 ], [ 11.678998, 48.1610015 ], [ 11.6796086, 48.1615764 ], [ 11.6802644, 48.1622023 ], [ 11.6809145, 48.1628376 ], [ 11.6811393, 48.1631006 ], [ 11.6812894, 48.1632727 ], [ 11.6814296, 48.1634038 ], [ 11.6816952, 48.1636423 ], [ 11.6819308, 48.1638608 ], [ 11.6822164, 48.1641483 ], [ 11.6828189, 48.164736 ], [ 11.6831728, 48.1650729 ], [ 11.6835325, 48.1654379 ], [ 11.6842502, 48.1661911 ], [ 11.6847135, 48.1666683 ], [ 11.684773, 48.1667336 ], [ 11.6849032, 48.1668636 ], [ 11.6850062, 48.1669941 ], [ 11.6851784, 48.1672244 ], [ 11.6852937, 48.1672633 ], [ 11.6854055, 48.167313 ], [ 11.6855153, 48.1673724 ], [ 11.6855987, 48.1674336 ], [ 11.6856558, 48.1674893 ], [ 11.6857352, 48.1675993 ], [ 11.6857947, 48.1677139 ], [ 11.6858331, 48.1678088 ], [ 11.6858365, 48.167874 ], [ 11.6858276, 48.1679379 ], [ 11.6857928, 48.1680306 ], [ 11.6857728, 48.1681203 ], [ 11.6857303, 48.1682782 ], [ 11.685728, 48.1683237 ], [ 11.6857532, 48.1683506 ], [ 11.6857968, 48.1683704 ], [ 11.6858779, 48.1684146 ], [ 11.6859241, 48.1684134 ], [ 11.6859741, 48.1684097 ], [ 11.6860035, 48.1684143 ], [ 11.686026, 48.1684315 ], [ 11.6860404, 48.1684583 ], [ 11.6860477, 48.168513 ], [ 11.6863297, 48.1687207 ], [ 11.6864455, 48.1688082 ], [ 11.6865201, 48.1689115 ], [ 11.686554, 48.1690459 ], [ 11.6865702, 48.1691224 ], [ 11.6866549, 48.1692696 ], [ 11.6866499, 48.1693123 ], [ 11.6865825, 48.1694622 ], [ 11.6866311, 48.1695847 ], [ 11.6867295, 48.1696659 ], [ 11.6867422, 48.1697065 ], [ 11.6867305, 48.1697444 ], [ 11.6866989, 48.169777 ], [ 11.6865639, 48.1699277 ], [ 11.6864071, 48.1701207 ], [ 11.6863347, 48.1702911 ], [ 11.6863113, 48.1703833 ], [ 11.6862778, 48.1704677 ], [ 11.6861201, 48.1707013 ], [ 11.6860166, 48.1708001 ], [ 11.6859487, 48.170847 ], [ 11.6859689, 48.1709802 ], [ 11.6859932, 48.1710521 ], [ 11.6860181, 48.1711053 ], [ 11.6860109, 48.1711893 ], [ 11.6859427, 48.1712812 ], [ 11.6858801, 48.1713242 ], [ 11.6858549, 48.1715929 ], [ 11.6857938, 48.1717565 ], [ 11.6887835, 48.1715231 ], [ 11.690547, 48.1711447 ], [ 11.692055, 48.1708182 ], [ 11.6932605, 48.1705663 ], [ 11.6939096, 48.1714186 ], [ 11.6943275, 48.1719623 ], [ 11.6955548, 48.1736082 ], [ 11.6960132, 48.1741803 ], [ 11.6960995, 48.1742858 ], [ 11.6951016, 48.1750352 ], [ 11.6947935, 48.1752512 ], [ 11.6946199, 48.1753761 ], [ 11.694336, 48.1756194 ], [ 11.6938948, 48.1759217 ], [ 11.6935938, 48.1761534 ], [ 11.6932409, 48.1764234 ], [ 11.6935138, 48.1765041 ], [ 11.6907035, 48.1781596 ], [ 11.6928429, 48.1789651 ], [ 11.6937448, 48.1793 ], [ 11.6955543, 48.1799813 ], [ 11.6946893, 48.1805328 ], [ 11.693927, 48.1810193 ], [ 11.6935953, 48.1812329 ], [ 11.6926102, 48.1820253 ], [ 11.6921874, 48.1823595 ], [ 11.6919782, 48.1825288 ], [ 11.6919119, 48.1825442 ], [ 11.6918122, 48.1825573 ], [ 11.6908027, 48.1826933 ], [ 11.6901089, 48.1827491 ], [ 11.6897044, 48.1827661 ], [ 11.6889679, 48.1827884 ], [ 11.6890044, 48.1818191 ], [ 11.6882773, 48.1814391 ], [ 11.687644, 48.1809012 ], [ 11.6868297, 48.180373 ], [ 11.6862148, 48.1804833 ], [ 11.6855789, 48.180575 ], [ 11.6822628, 48.181139 ], [ 11.6811049, 48.1813354 ], [ 11.6785744, 48.1815952 ], [ 11.6751957, 48.1818438 ], [ 11.6722917, 48.1821009 ], [ 11.6720634, 48.1821257 ], [ 11.6691596, 48.1824161 ], [ 11.6677748, 48.182516 ], [ 11.667133, 48.1825638 ], [ 11.6652871, 48.1826973 ], [ 11.6647229, 48.1827305 ], [ 11.6640418, 48.182774 ], [ 11.6633479, 48.1828168 ], [ 11.6622045, 48.1828884 ], [ 11.6621049, 48.1828129 ], [ 11.6620426, 48.1825967 ], [ 11.6620773, 48.1825101 ], [ 11.6618787, 48.1822334 ], [ 11.6616288, 48.1818785 ], [ 11.6612058, 48.1819001 ], [ 11.6610123, 48.1816876 ], [ 11.6609882, 48.1814998 ], [ 11.6610109, 48.1812779 ], [ 11.6608748, 48.181283 ], [ 11.6609587, 48.1810622 ], [ 11.6610019, 48.1809499 ], [ 11.6610651, 48.1807811 ], [ 11.6611422, 48.1805868 ], [ 11.6611459, 48.1805337 ], [ 11.6611484, 48.1804605 ], [ 11.6611007, 48.1802772 ], [ 11.6610556, 48.1800541 ], [ 11.6610328, 48.179893 ], [ 11.6610541, 48.1797005 ], [ 11.6610878, 48.1796436 ], [ 11.6613542, 48.1794141 ], [ 11.6622339, 48.1788464 ], [ 11.6643439, 48.1774846 ], [ 11.6644839, 48.1773975 ], [ 11.6645801, 48.1773762 ], [ 11.6648148, 48.1773837 ], [ 11.6649376, 48.177376 ], [ 11.6650604, 48.1773151 ], [ 11.6652721, 48.1772003 ], [ 11.6655143, 48.1770181 ], [ 11.6656653, 48.1768295 ], [ 11.6657165, 48.1767065 ], [ 11.6655252, 48.1761816 ], [ 11.6575707, 48.1755421 ], [ 11.6509408, 48.1749964 ], [ 11.6509888, 48.1745453 ], [ 11.6482612, 48.1745231 ], [ 11.6482684, 48.1741321 ], [ 11.6459992, 48.1739952 ], [ 11.6457021, 48.1739785 ], [ 11.6458051, 48.1737888 ], [ 11.6458544, 48.1736881 ], [ 11.6453927, 48.1737136 ], [ 11.6451367, 48.1737277 ], [ 11.6437337, 48.1738043 ], [ 11.6425043, 48.1738747 ], [ 11.6422344, 48.1738907 ], [ 11.6413408, 48.1739388 ], [ 11.6410058, 48.1733964 ], [ 11.6405967, 48.1735156 ], [ 11.6398645, 48.1737246 ], [ 11.6392554, 48.1738661 ], [ 11.638908, 48.1739479 ], [ 11.6381892, 48.174117 ], [ 11.6375913, 48.1742731 ], [ 11.6362891, 48.17476 ], [ 11.6361264, 48.17482 ], [ 11.6360017, 48.1748695 ], [ 11.6358903, 48.174917 ], [ 11.6359778, 48.1749014 ], [ 11.6361062, 48.1749335 ], [ 11.6362178, 48.1749596 ], [ 11.6364458, 48.1751439 ], [ 11.636574, 48.1753247 ], [ 11.6366956, 48.1754941 ], [ 11.6368178, 48.17567 ], [ 11.6370097, 48.175928 ], [ 11.6371334, 48.176254 ], [ 11.6372115, 48.1764448 ], [ 11.636196, 48.1766952 ], [ 11.6359118, 48.1767665 ], [ 11.6352761, 48.1769195 ], [ 11.6345525, 48.1770977 ], [ 11.631807, 48.177774 ], [ 11.6314002, 48.1778753 ], [ 11.6313289, 48.1775033 ], [ 11.6307066, 48.1776555 ], [ 11.6306151, 48.1774126 ], [ 11.6304834, 48.1774111 ], [ 11.6304297, 48.1771078 ], [ 11.6294089, 48.1771739 ], [ 11.6284969, 48.177227 ], [ 11.627706, 48.1773044 ], [ 11.6278988, 48.1777637 ], [ 11.6279365, 48.1779345 ], [ 11.6279692, 48.1781799 ], [ 11.6279558, 48.1782795 ], [ 11.6280515, 48.1785971 ], [ 11.6280539, 48.1787193 ], [ 11.6281867, 48.1788034 ], [ 11.6282537, 48.1788652 ], [ 11.6283106, 48.1789351 ], [ 11.6283347, 48.179015 ], [ 11.6283583, 48.1791798 ], [ 11.6283564, 48.1792591 ], [ 11.628342, 48.1793963 ], [ 11.6283684, 48.1794664 ], [ 11.6284635, 48.1796867 ], [ 11.6287175, 48.1800598 ], [ 11.6288842, 48.1803007 ], [ 11.6289488, 48.1803729 ], [ 11.6290006, 48.1805589 ], [ 11.6290368, 48.1807207 ], [ 11.6293187, 48.181067 ], [ 11.6298345, 48.1816851 ], [ 11.6300245, 48.1818587 ], [ 11.6301501, 48.182036 ], [ 11.630186, 48.1820887 ], [ 11.6302643, 48.1820817 ], [ 11.630554, 48.1823521 ], [ 11.6307066, 48.1824905 ], [ 11.6308655, 48.1825887 ], [ 11.631079, 48.1827575 ], [ 11.6312748, 48.1828841 ], [ 11.6315335, 48.1830639 ], [ 11.6313257, 48.1832192 ], [ 11.6310359, 48.1833379 ], [ 11.6310901, 48.183405 ], [ 11.631086, 48.1834251 ], [ 11.6312303, 48.1834969 ], [ 11.6306574, 48.1836828 ], [ 11.6305665, 48.1837098 ], [ 11.6305036, 48.1836364 ], [ 11.6294552, 48.1840213 ], [ 11.6295999, 48.1842016 ], [ 11.6292562, 48.1843291 ], [ 11.6293373, 48.1844196 ], [ 11.6293721, 48.1844555 ], [ 11.6296409, 48.1847881 ], [ 11.6298818, 48.1850706 ], [ 11.629946, 48.1851479 ], [ 11.6302444, 48.1855707 ], [ 11.6303974, 48.1857695 ], [ 11.6305071, 48.1859342 ], [ 11.6307214, 48.1862202 ], [ 11.6312158, 48.1868731 ], [ 11.6320977, 48.1880461 ], [ 11.6327349, 48.1890134 ], [ 11.6329927, 48.1894312 ], [ 11.6331849, 48.1897497 ], [ 11.6338779, 48.1909378 ], [ 11.6343592, 48.191762 ], [ 11.6346425, 48.1922472 ], [ 11.6348257, 48.1925612 ], [ 11.6350364, 48.1929316 ], [ 11.6352925, 48.193358 ], [ 11.6355769, 48.1938513 ], [ 11.6358861, 48.1943838 ], [ 11.6364588, 48.1953939 ], [ 11.6366892, 48.1958076 ], [ 11.6369974, 48.196371 ], [ 11.6373104, 48.1969415 ], [ 11.6375427, 48.1973737 ], [ 11.6377992, 48.1978661 ], [ 11.638105, 48.1984931 ], [ 11.6383474, 48.1992745 ], [ 11.6384173, 48.1996333 ], [ 11.6385162, 48.2001565 ], [ 11.6385213, 48.2005813 ], [ 11.6385152, 48.2011964 ], [ 11.638536, 48.2018224 ], [ 11.6385429, 48.2019973 ], [ 11.6385425, 48.2020515 ], [ 11.6386263, 48.2025337 ], [ 11.6386897, 48.2028854 ], [ 11.6389372, 48.2033943 ], [ 11.6391181, 48.2037657 ], [ 11.6394966, 48.2043305 ], [ 11.639661, 48.2045762 ], [ 11.6397402, 48.2046739 ], [ 11.6398525, 48.2047959 ], [ 11.6400333, 48.2049881 ], [ 11.640402, 48.205377 ], [ 11.6409366, 48.205801 ], [ 11.64129, 48.2060798 ], [ 11.6417969, 48.2063729 ], [ 11.6423738, 48.2067054 ], [ 11.6429375, 48.2069587 ], [ 11.643145, 48.207053 ], [ 11.6434236, 48.2071834 ], [ 11.6444081, 48.2076219 ], [ 11.6446919, 48.2077529 ], [ 11.6449182, 48.2078675 ], [ 11.6451273, 48.2079677 ], [ 11.6451494, 48.2079815 ], [ 11.645815, 48.2083158 ], [ 11.64678, 48.2088498 ], [ 11.6473491, 48.2092367 ], [ 11.6475912, 48.2093905 ], [ 11.6480642, 48.2097556 ], [ 11.6482084, 48.2099539 ], [ 11.6488131, 48.2107223 ], [ 11.6495873, 48.2117496 ], [ 11.6497562, 48.2117561 ], [ 11.6501575, 48.212506 ], [ 11.6502669, 48.2127747 ], [ 11.6503637, 48.2130173 ], [ 11.6504917, 48.2133803 ], [ 11.6505553, 48.2137554 ], [ 11.650666, 48.2143043 ], [ 11.6506929, 48.2147123 ], [ 11.6507277, 48.2151315 ], [ 11.6506055, 48.2162869 ], [ 11.6505275, 48.2168293 ], [ 11.6505051, 48.2170076 ], [ 11.648766, 48.2176901 ], [ 11.6484862, 48.2177943 ], [ 11.6476765, 48.2181227 ], [ 11.6465305, 48.2185485 ], [ 11.6453933, 48.2189303 ], [ 11.6434456, 48.2196437 ], [ 11.6432028, 48.2197397 ], [ 11.6428052, 48.219879 ], [ 11.6426275, 48.2200649 ], [ 11.6424388, 48.2201913 ], [ 11.6424356, 48.2202328 ], [ 11.6424904, 48.2203289 ], [ 11.6429349, 48.2205166 ], [ 11.6430175, 48.2206437 ], [ 11.6428554, 48.2206932 ], [ 11.6426738, 48.2207456 ], [ 11.6424684, 48.2208026 ], [ 11.6410494, 48.2212141 ], [ 11.6406529, 48.2213226 ], [ 11.6403398, 48.2214135 ], [ 11.6391535, 48.221753 ], [ 11.639017, 48.2220385 ], [ 11.638816, 48.2223989 ], [ 11.6387506, 48.2225328 ], [ 11.6385538, 48.2229324 ], [ 11.6384736, 48.2232067 ], [ 11.638465, 48.2234998 ], [ 11.6384614, 48.2236531 ], [ 11.63826, 48.2241538 ], [ 11.638272, 48.2244405 ], [ 11.6382597, 48.2246412 ], [ 11.6383027, 48.2247514 ], [ 11.6385843, 48.2249833 ], [ 11.6391905, 48.2253919 ], [ 11.6394583, 48.225636 ], [ 11.639484, 48.225704 ], [ 11.6390957, 48.2258524 ], [ 11.6389922, 48.2259624 ], [ 11.6381556, 48.2261028 ], [ 11.6373505, 48.2261989 ], [ 11.6366884, 48.2263088 ], [ 11.6366599, 48.2262756 ], [ 11.6356689, 48.2265047 ], [ 11.6347268, 48.2267739 ], [ 11.63384, 48.2270021 ], [ 11.6331366, 48.2271954 ], [ 11.633034, 48.2272244 ], [ 11.6329046, 48.2270696 ], [ 11.632491, 48.227181 ], [ 11.6323445, 48.2272196 ], [ 11.6320654, 48.2272911 ], [ 11.6311233, 48.2275309 ], [ 11.630278, 48.227746 ], [ 11.6285728, 48.2281949 ], [ 11.6285953, 48.2282537 ], [ 11.624613, 48.2292444 ], [ 11.6243103, 48.2289481 ], [ 11.6242308, 48.2288634 ], [ 11.6241655, 48.228777 ], [ 11.6241083, 48.2287003 ], [ 11.6235217, 48.2287418 ], [ 11.6230228, 48.2287645 ], [ 11.6229805, 48.2287664 ], [ 11.6228236, 48.2287699 ], [ 11.6223607, 48.2287395 ], [ 11.6223769, 48.2285429 ], [ 11.6224293, 48.2281679 ], [ 11.6224673, 48.2280023 ], [ 11.6225326, 48.227789 ], [ 11.6225178, 48.2276439 ], [ 11.6224909, 48.2275567 ], [ 11.6219307, 48.2275489 ], [ 11.6217546, 48.2275669 ], [ 11.6215521, 48.2275864 ], [ 11.6210609, 48.2275983 ], [ 11.6205721, 48.2276004 ], [ 11.6197749, 48.2276411 ], [ 11.618912, 48.2276458 ], [ 11.6185339, 48.2276249 ], [ 11.6181431, 48.2275868 ], [ 11.6175004, 48.2276214 ], [ 11.6171855, 48.2276678 ], [ 11.6165811, 48.227735 ], [ 11.6159319, 48.2277595 ], [ 11.6145834, 48.227888 ], [ 11.6141709, 48.2279305 ], [ 11.6140727, 48.2277537 ], [ 11.6139226, 48.2274438 ], [ 11.6136474, 48.2269867 ], [ 11.6135621, 48.2268474 ], [ 11.6134219, 48.2266125 ], [ 11.6131059, 48.2260831 ], [ 11.6129485, 48.2255761 ], [ 11.6121752, 48.2256232 ], [ 11.6115454, 48.2256569 ], [ 11.6113662, 48.2256442 ], [ 11.6107425, 48.2255611 ], [ 11.6103589, 48.2255463 ], [ 11.610029, 48.2255527 ], [ 11.609665, 48.2255403 ], [ 11.609395, 48.2255504 ], [ 11.6090604, 48.2256106 ], [ 11.6086925, 48.2257075 ], [ 11.6081407, 48.2256627 ], [ 11.607888, 48.2263845 ], [ 11.6075414, 48.2273 ], [ 11.6079614, 48.2273858 ], [ 11.6084999, 48.2274953 ], [ 11.6087872, 48.2275542 ], [ 11.6089722, 48.2275894 ], [ 11.6090824, 48.2276135 ], [ 11.6090099, 48.2278929 ], [ 11.6088775, 48.228416 ], [ 11.6070763, 48.2281597 ], [ 11.6071541, 48.2279546 ], [ 11.6072037, 48.2279597 ], [ 11.6073036, 48.2277446 ], [ 11.6073767, 48.2275867 ], [ 11.6075009, 48.2273276 ], [ 11.6070277, 48.2272028 ], [ 11.6060864, 48.2269353 ], [ 11.6058824, 48.2268739 ], [ 11.6057154, 48.2267704 ], [ 11.6059341, 48.2266434 ], [ 11.6061651, 48.2264844 ], [ 11.606306, 48.2263477 ], [ 11.6064249, 48.226146 ], [ 11.6067961, 48.2255956 ], [ 11.6072, 48.22501 ], [ 11.6075294, 48.2245292 ], [ 11.608005, 48.2240028 ], [ 11.6080964, 48.2239081 ], [ 11.6082673, 48.2237272 ], [ 11.6085498, 48.2234334 ], [ 11.6090048, 48.222872 ], [ 11.6092356, 48.2225798 ], [ 11.609506, 48.222152 ], [ 11.609674, 48.2218412 ], [ 11.6100666, 48.2212454 ], [ 11.6108256, 48.2202018 ], [ 11.6115803, 48.2191392 ], [ 11.6109421, 48.2192164 ], [ 11.6108532, 48.2189434 ], [ 11.608626, 48.2190685 ], [ 11.6061897, 48.2191897 ], [ 11.606269, 48.218402 ], [ 11.6058826, 48.2183476 ], [ 11.6055602, 48.2183178 ], [ 11.604813, 48.2183323 ], [ 11.6048253, 48.2181575 ], [ 11.6048619, 48.2179776 ], [ 11.6049988, 48.2174771 ], [ 11.6043444, 48.2173561 ], [ 11.6018313, 48.2168632 ], [ 11.6019528, 48.21596 ], [ 11.6020336, 48.215108 ], [ 11.6018376, 48.2150807 ], [ 11.6018472, 48.2149783 ], [ 11.6015143, 48.2149446 ], [ 11.6015233, 48.2146682 ], [ 11.6018342, 48.2133525 ], [ 11.6009184, 48.2133031 ], [ 11.5994547, 48.2133343 ], [ 11.5989036, 48.2133933 ], [ 11.5979297, 48.2134121 ], [ 11.5955957, 48.2134304 ], [ 11.5955269, 48.2134309 ], [ 11.5954435, 48.2134314 ], [ 11.5948401, 48.2134353 ], [ 11.5940119, 48.213475 ], [ 11.5921987, 48.2135653 ], [ 11.5914521, 48.2135531 ], [ 11.5889879, 48.2135065 ], [ 11.5885036, 48.2134972 ], [ 11.5880999, 48.2134877 ], [ 11.5878925, 48.2134856 ], [ 11.5877192, 48.2134811 ], [ 11.5874666, 48.2134767 ], [ 11.5874861, 48.2137269 ], [ 11.5874891, 48.2140623 ], [ 11.5874639, 48.2166141 ], [ 11.5874483, 48.2180759 ], [ 11.5874504, 48.2191247 ], [ 11.5874464, 48.220034 ], [ 11.5874404, 48.2203795 ], [ 11.5874395, 48.2207059 ], [ 11.5874361, 48.2209669 ], [ 11.5874496, 48.2209722 ], [ 11.5874425, 48.2214764 ], [ 11.5874383, 48.2221152 ], [ 11.5874962, 48.222137 ], [ 11.5874274, 48.2226188 ], [ 11.5873901, 48.2228675 ], [ 11.5873292, 48.2231601 ], [ 11.587159, 48.2240011 ], [ 11.5870845, 48.2241702 ], [ 11.5870286, 48.2242686 ], [ 11.5870422, 48.2242795 ], [ 11.5870234, 48.2243485 ], [ 11.5869796, 48.2244017 ], [ 11.5868741, 48.2245268 ], [ 11.5866848, 48.2247135 ], [ 11.5863774, 48.2249571 ], [ 11.5857997, 48.2253991 ], [ 11.5850797, 48.2259322 ], [ 11.5845408, 48.226369 ], [ 11.584046, 48.2268026 ], [ 11.583046, 48.2276449 ], [ 11.5827362, 48.2280024 ], [ 11.582774, 48.2280092 ], [ 11.5825872, 48.2282263 ], [ 11.582371, 48.2284863 ], [ 11.5823007, 48.2285636 ], [ 11.5810611, 48.2284541 ], [ 11.5787586, 48.2282367 ], [ 11.5774904, 48.228129 ], [ 11.577341, 48.2280873 ], [ 11.5759421, 48.2279691 ], [ 11.5756517, 48.2279446 ], [ 11.5753446, 48.2279174 ], [ 11.5743547, 48.2278245 ], [ 11.5724619, 48.2276791 ], [ 11.570792, 48.2275558 ], [ 11.5701042, 48.2275181 ], [ 11.5688198, 48.2274371 ], [ 11.5682515, 48.227408 ], [ 11.5673916, 48.2273588 ], [ 11.5663438, 48.2273043 ], [ 11.5649439, 48.2272429 ], [ 11.5632518, 48.2271786 ], [ 11.5607363, 48.227116 ], [ 11.5605832, 48.2270424 ], [ 11.5605053, 48.2270414 ], [ 11.5603511, 48.2270993 ], [ 11.5587934, 48.2270814 ], [ 11.5564724, 48.2270448 ], [ 11.5540068, 48.2269917 ], [ 11.5535565, 48.2269926 ], [ 11.5531312, 48.2269813 ], [ 11.5529318, 48.2269712 ], [ 11.5527521, 48.2269024 ], [ 11.5515745, 48.2269058 ], [ 11.5493764, 48.2268791 ], [ 11.5480361, 48.2269435 ], [ 11.5474284, 48.2269969 ], [ 11.5468314, 48.227114 ], [ 11.5462655, 48.2272777 ], [ 11.5458753, 48.2274064 ], [ 11.5456126, 48.22753 ], [ 11.5452022, 48.2277596 ], [ 11.5450185, 48.2278923 ], [ 11.5447979, 48.2280931 ], [ 11.5444407, 48.2284551 ], [ 11.5441915, 48.2287072 ], [ 11.544136, 48.2288796 ], [ 11.5441414, 48.228941 ], [ 11.5441503, 48.2289764 ], [ 11.5442711, 48.229276 ], [ 11.5442234, 48.2292175 ], [ 11.54414, 48.229185 ], [ 11.5440638, 48.2291766 ], [ 11.5438444, 48.2291895 ], [ 11.5437386, 48.2291371 ], [ 11.5435745, 48.2294385 ], [ 11.5432765, 48.2287567 ], [ 11.5416825, 48.2288405 ], [ 11.5417649, 48.2291812 ], [ 11.5377482, 48.2299149 ], [ 11.5377907, 48.2299775 ], [ 11.5377331, 48.2299955 ], [ 11.5375857, 48.2300146 ], [ 11.5374132, 48.2300456 ], [ 11.5373886, 48.2300142 ], [ 11.5359243, 48.230286 ], [ 11.5339469, 48.2304904 ], [ 11.5339601, 48.2306331 ], [ 11.5339446, 48.2306428 ], [ 11.5340096, 48.2314164 ], [ 11.5311184, 48.2313437 ], [ 11.5307856, 48.2316409 ], [ 11.5301013, 48.2322522 ], [ 11.5300244, 48.2322626 ], [ 11.5298501, 48.2324408 ], [ 11.5296105, 48.2328517 ], [ 11.5293451, 48.2333915 ], [ 11.5291027, 48.233938 ], [ 11.5287514, 48.2345215 ], [ 11.5285516, 48.2349514 ], [ 11.5283907, 48.2351933 ], [ 11.5281912, 48.2356025 ], [ 11.5279958, 48.2360157 ], [ 11.5277244, 48.2367178 ], [ 11.5274189, 48.2372889 ], [ 11.5271064, 48.2378681 ], [ 11.5269311, 48.2383556 ], [ 11.5265978, 48.2388724 ], [ 11.5262795, 48.239511 ], [ 11.525862, 48.2403449 ], [ 11.5255147, 48.2408128 ], [ 11.5254407, 48.2411147 ], [ 11.5253855, 48.2413177 ], [ 11.5251407, 48.2413426 ], [ 11.5250653, 48.2413632 ], [ 11.5246721, 48.2415114 ], [ 11.5238573, 48.2418205 ], [ 11.5219636, 48.2425658 ], [ 11.5204451, 48.2431471 ], [ 11.5188169, 48.2437234 ], [ 11.5151591, 48.2449319 ], [ 11.514312, 48.2452989 ], [ 11.5134888, 48.2456498 ], [ 11.5132717, 48.2457287 ], [ 11.5121948, 48.2459741 ], [ 11.5114795, 48.2461043 ], [ 11.5090118, 48.2465896 ], [ 11.5077674, 48.2468746 ], [ 11.5070156, 48.2471273 ], [ 11.5061828, 48.2473326 ], [ 11.5052122, 48.2474583 ], [ 11.5044299, 48.247564 ], [ 11.5032725, 48.2476975 ], [ 11.5014069, 48.2480909 ], [ 11.5011968, 48.2481162 ], [ 11.500708, 48.2481142 ], [ 11.4998422, 48.2480984 ], [ 11.4998239, 48.2478952 ], [ 11.4998304, 48.2476589 ], [ 11.4998563, 48.2475737 ], [ 11.4999247, 48.2474575 ], [ 11.4996213, 48.2474324 ], [ 11.4983881, 48.247344 ], [ 11.4978928, 48.247251 ], [ 11.4969025, 48.247034 ], [ 11.4952111, 48.2466392 ], [ 11.4941689, 48.2464279 ], [ 11.4934992, 48.2463008 ], [ 11.491617, 48.2459324 ], [ 11.4911108, 48.2458168 ], [ 11.490981, 48.2457752 ], [ 11.4909376, 48.2457321 ], [ 11.4908451, 48.2456452 ], [ 11.4908081, 48.2456047 ], [ 11.4907733, 48.2455437 ], [ 11.4907347, 48.245477 ], [ 11.4906903, 48.2454237 ], [ 11.4906877, 48.245376 ], [ 11.4906987, 48.2453406 ], [ 11.4906615, 48.2451819 ], [ 11.4906453, 48.2448003 ], [ 11.4906339, 48.244553 ], [ 11.490617, 48.2440331 ], [ 11.4906052, 48.2440192 ], [ 11.4905873, 48.2435961 ], [ 11.4906009, 48.2434475 ], [ 11.4906399, 48.2433097 ], [ 11.4907315, 48.2431276 ], [ 11.4909671, 48.242782 ], [ 11.4913841, 48.2421885 ], [ 11.4915101, 48.2420045 ], [ 11.4915338, 48.2419385 ], [ 11.4915749, 48.2418609 ], [ 11.4915739, 48.2417403 ], [ 11.4915273, 48.2416294 ], [ 11.4914587, 48.2415528 ], [ 11.4913127, 48.2414479 ], [ 11.4911669, 48.2413454 ], [ 11.4910034, 48.2412245 ], [ 11.4909099, 48.2411237 ], [ 11.4908733, 48.2410543 ], [ 11.4908569, 48.2409736 ], [ 11.4908786, 48.240872 ], [ 11.4909345, 48.2407902 ], [ 11.4910135, 48.2406799 ], [ 11.4915541, 48.2401185 ], [ 11.4919203, 48.2397346 ], [ 11.4918989, 48.2396552 ], [ 11.4918587, 48.2395004 ], [ 11.491839, 48.2394294 ], [ 11.4918091, 48.2394281 ], [ 11.4917693, 48.2392721 ], [ 11.491703, 48.2390243 ], [ 11.4916125, 48.2386658 ], [ 11.4915039, 48.2382047 ], [ 11.490802, 48.2379814 ], [ 11.4895372, 48.2379692 ], [ 11.4895457, 48.237932 ], [ 11.4897534, 48.2373431 ], [ 11.4898137, 48.2371055 ], [ 11.4900153, 48.236216 ], [ 11.4902024, 48.2354487 ], [ 11.4900386, 48.234826 ], [ 11.4899837, 48.2347448 ], [ 11.4897937, 48.2346238 ], [ 11.4893884, 48.2343474 ], [ 11.4891491, 48.234064 ], [ 11.4889948, 48.2338904 ], [ 11.4887212, 48.2335855 ], [ 11.4886374, 48.2334869 ], [ 11.4882237, 48.2328677 ], [ 11.4878507, 48.2323122 ], [ 11.4877657, 48.2321912 ], [ 11.4877521, 48.2320807 ], [ 11.4878053, 48.2317552 ], [ 11.4879762, 48.230889 ], [ 11.4883096, 48.2299724 ], [ 11.4884385, 48.229679 ], [ 11.4885583, 48.229337 ], [ 11.4884204, 48.2288153 ], [ 11.4883569, 48.2283033 ], [ 11.4881807, 48.2265958 ], [ 11.488066, 48.226256 ], [ 11.4882205, 48.2258619 ], [ 11.4884964, 48.2252015 ], [ 11.4886636, 48.2247846 ], [ 11.4889809, 48.2240063 ], [ 11.4888895, 48.2234665 ], [ 11.4910806, 48.2230962 ], [ 11.4880844, 48.222395 ], [ 11.4878355, 48.2223328 ], [ 11.4869965, 48.2221448 ], [ 11.485553, 48.221829 ], [ 11.484757, 48.2216687 ], [ 11.4843844, 48.2215824 ], [ 11.4841977, 48.2215413 ], [ 11.4828579, 48.221237 ], [ 11.481827, 48.2210002 ], [ 11.4796356, 48.220501 ], [ 11.478888, 48.2203301 ], [ 11.4779216, 48.2201118 ], [ 11.4774271, 48.2199989 ], [ 11.4774679, 48.2197313 ], [ 11.4772417, 48.219612 ], [ 11.4770563, 48.2195538 ], [ 11.4769572, 48.2195321 ], [ 11.4768994, 48.2195305 ], [ 11.4763175, 48.2195132 ], [ 11.4746869, 48.2194638 ], [ 11.4738206, 48.2194338 ], [ 11.473032, 48.2193732 ], [ 11.4723219, 48.2192144 ], [ 11.4719632, 48.219096 ], [ 11.4717088, 48.2190139 ], [ 11.4709661, 48.2187779 ], [ 11.4706648, 48.2186592 ], [ 11.4702641, 48.2184986 ], [ 11.4694713, 48.2181557 ], [ 11.4680929, 48.2174997 ], [ 11.4676486, 48.2173073 ], [ 11.4664436, 48.216789 ], [ 11.4657199, 48.2164664 ], [ 11.4650471, 48.2161758 ], [ 11.4643117, 48.2158691 ], [ 11.4634522, 48.215499 ], [ 11.4627361, 48.2151068 ], [ 11.4626492, 48.2150517 ], [ 11.462278, 48.2148066 ], [ 11.4619144, 48.2145487 ], [ 11.4617916, 48.214465 ], [ 11.4616524, 48.2143363 ], [ 11.4613656, 48.2140819 ], [ 11.461168, 48.2138649 ], [ 11.460605, 48.2132915 ], [ 11.4605115, 48.2133127 ], [ 11.4604103, 48.2131961 ], [ 11.4604368, 48.2131823 ], [ 11.4603675, 48.2130714 ], [ 11.4603338, 48.2129048 ], [ 11.4606375, 48.212279 ], [ 11.4606378, 48.2122785 ], [ 11.4605904, 48.2121532 ], [ 11.4605009, 48.2120246 ], [ 11.4603262, 48.2119201 ], [ 11.4600037, 48.2118452 ], [ 11.4594747, 48.2117169 ], [ 11.4591345, 48.2116368 ], [ 11.4590604, 48.2115776 ], [ 11.4589577, 48.2113363 ], [ 11.4588714, 48.2109686 ], [ 11.4587546, 48.2104817 ], [ 11.4584247, 48.2099311 ], [ 11.458372, 48.2099473 ], [ 11.4579949, 48.2093835 ], [ 11.4578069, 48.2090916 ], [ 11.4576008, 48.2087996 ], [ 11.4574852, 48.2087893 ], [ 11.4552259, 48.2084819 ], [ 11.4525006, 48.208112 ], [ 11.4503943, 48.2078227 ], [ 11.447648, 48.2074409 ], [ 11.4459346, 48.2072014 ], [ 11.4440659, 48.2069387 ], [ 11.4435089, 48.2063668 ], [ 11.4427004, 48.2063363 ], [ 11.4412539, 48.2062914 ], [ 11.4384262, 48.2061977 ], [ 11.4383589, 48.2061643 ], [ 11.4383679, 48.2058276 ], [ 11.4358701, 48.2057958 ], [ 11.4323665, 48.2057585 ], [ 11.4324192, 48.2052394 ], [ 11.4320937, 48.2051937 ], [ 11.4305354, 48.2049763 ], [ 11.4283616, 48.2046631 ], [ 11.4277885, 48.2045797 ], [ 11.4265971, 48.2044107 ], [ 11.4262293, 48.2043577 ], [ 11.4260416, 48.2043324 ], [ 11.4260174, 48.2042922 ], [ 11.4257969, 48.2043072 ], [ 11.4253543, 48.2043298 ], [ 11.4235235, 48.2040699 ], [ 11.4207431, 48.2036751 ], [ 11.4196325, 48.2035407 ], [ 11.4194546, 48.2035059 ], [ 11.4193432, 48.2034039 ], [ 11.4191989, 48.2031739 ], [ 11.4190238, 48.2028893 ], [ 11.4189385, 48.202814 ], [ 11.4188322, 48.2027723 ], [ 11.4186796, 48.2027683 ], [ 11.4170594, 48.2031286 ], [ 11.4168667, 48.2031454 ], [ 11.4160805, 48.2030242 ], [ 11.4130023, 48.2025602 ], [ 11.4129039, 48.2025378 ], [ 11.4102472, 48.2021834 ], [ 11.4090669, 48.2020261 ], [ 11.4088673, 48.2019086 ], [ 11.4069823, 48.2016447 ], [ 11.4067122, 48.2016114 ], [ 11.4066476, 48.2016067 ], [ 11.4065717, 48.201657 ], [ 11.4047901, 48.20139 ], [ 11.4047069, 48.2013822 ], [ 11.4046319, 48.2013522 ], [ 11.4046178, 48.2013685 ], [ 11.4028239, 48.2011354 ], [ 11.4024401, 48.2013933 ], [ 11.4023451, 48.2013124 ], [ 11.4023272, 48.2013015 ], [ 11.4022575, 48.2012588 ], [ 11.4021081, 48.2011598 ], [ 11.4020176, 48.2012151 ], [ 11.4016772, 48.2009856 ], [ 11.4015412, 48.2009487 ], [ 11.4012985, 48.2009309 ], [ 11.4003018, 48.2008907 ], [ 11.397317, 48.2007468 ], [ 11.3942653, 48.2006189 ], [ 11.3935928, 48.2005894 ], [ 11.3921054, 48.2005218 ], [ 11.3908298, 48.2004624 ], [ 11.3907621, 48.2003333 ], [ 11.3906722, 48.2001512 ], [ 11.390593, 48.1996991 ], [ 11.3905976, 48.199676 ], [ 11.3904517, 48.1990121 ], [ 11.3903533, 48.1985925 ], [ 11.390326, 48.1985894 ], [ 11.390188, 48.1979923 ], [ 11.3902047, 48.1979805 ], [ 11.3900981, 48.1974865 ], [ 11.390079, 48.1974858 ], [ 11.3899793, 48.1970059 ], [ 11.3900167, 48.1969846 ], [ 11.389993, 48.1969489 ], [ 11.3899779, 48.1969465 ], [ 11.3896586, 48.1953251 ], [ 11.3895138, 48.1948123 ], [ 11.3893395, 48.1942236 ], [ 11.38918, 48.1937723 ], [ 11.3888655, 48.1928345 ], [ 11.388779, 48.1924919 ], [ 11.3887407, 48.192323 ], [ 11.3887022, 48.1920127 ], [ 11.3886665, 48.1916758 ], [ 11.3886234, 48.1912652 ], [ 11.3885987, 48.1910891 ], [ 11.3885404, 48.1908446 ], [ 11.3896894, 48.1907037 ], [ 11.3907007, 48.1905799 ], [ 11.3905496, 48.1902715 ], [ 11.3915474, 48.1898131 ], [ 11.3922842, 48.1895554 ], [ 11.3922375, 48.1892604 ], [ 11.3922159, 48.1886702 ], [ 11.3922158, 48.1882899 ], [ 11.392207, 48.1879294 ], [ 11.3920408, 48.186967 ], [ 11.3920119, 48.1867844 ], [ 11.3919095, 48.1864788 ], [ 11.3917813, 48.1861705 ], [ 11.3917642, 48.1861471 ], [ 11.3916281, 48.1859605 ], [ 11.3915679, 48.1858807 ], [ 11.3912683, 48.1855524 ], [ 11.3926899, 48.1847721 ], [ 11.3932585, 48.1844601 ], [ 11.392597, 48.1836087 ], [ 11.3916643, 48.1824082 ], [ 11.3911788, 48.1817723 ], [ 11.391023, 48.1815706 ], [ 11.3909586, 48.1814875 ], [ 11.3908722, 48.181389 ], [ 11.3907071, 48.1812695 ], [ 11.3905801, 48.1811797 ], [ 11.3904597, 48.1811056 ], [ 11.3895588, 48.1807015 ], [ 11.3888963, 48.1804075 ], [ 11.3888656, 48.1803864 ], [ 11.3884908, 48.1802112 ], [ 11.3883609, 48.1801284 ], [ 11.3880811, 48.1798673 ], [ 11.3878229, 48.1794692 ], [ 11.38744, 48.1788823 ], [ 11.3873094, 48.1787851 ], [ 11.3867785, 48.1784571 ], [ 11.3859987, 48.1779942 ], [ 11.3853011, 48.177571 ], [ 11.3848322, 48.1777501 ], [ 11.3846344, 48.1778026 ], [ 11.3841088, 48.1778606 ], [ 11.3838617, 48.1778859 ], [ 11.3835317, 48.177918 ], [ 11.3833122, 48.1779646 ], [ 11.3831458, 48.1780236 ], [ 11.3830006, 48.1780985 ], [ 11.3821176, 48.1786708 ], [ 11.3810841, 48.1793421 ], [ 11.3810412, 48.1793165 ], [ 11.3805117, 48.1792592 ], [ 11.3795039, 48.179147 ], [ 11.3774025, 48.1789277 ], [ 11.3752942, 48.1790745 ], [ 11.3751988, 48.1790711 ], [ 11.3750821, 48.1790691 ], [ 11.3750744, 48.1790457 ], [ 11.3750412, 48.1789759 ], [ 11.37498, 48.1789231 ], [ 11.3749179, 48.1788887 ], [ 11.3746953, 48.1788136 ], [ 11.3741559, 48.178629 ], [ 11.3737967, 48.1785053 ], [ 11.3736819, 48.1784768 ], [ 11.3734821, 48.1784539 ], [ 11.3722332, 48.178437 ], [ 11.3716001, 48.1784311 ], [ 11.3714597, 48.1784184 ], [ 11.3713056, 48.1783807 ], [ 11.3711875, 48.1783358 ], [ 11.3711004, 48.1782815 ], [ 11.3706665, 48.1778938 ], [ 11.3703154, 48.1775858 ], [ 11.369843, 48.1771676 ], [ 11.3691266, 48.1765327 ], [ 11.369049, 48.1764125 ], [ 11.3690279, 48.1763006 ], [ 11.3692982, 48.1754528 ], [ 11.3695753, 48.1746115 ], [ 11.3696669, 48.174332 ], [ 11.3696347, 48.1742276 ], [ 11.3695329, 48.1740176 ], [ 11.3694306, 48.1738165 ], [ 11.3694089, 48.1737937 ], [ 11.3693961, 48.1737436 ], [ 11.3691519, 48.1732645 ], [ 11.3688606, 48.1726736 ], [ 11.3687487, 48.172019 ], [ 11.3687529, 48.1719167 ], [ 11.3686784, 48.1716821 ], [ 11.3686774, 48.1715266 ], [ 11.368658, 48.1714418 ], [ 11.3686224, 48.1712754 ], [ 11.3686266, 48.1711332 ], [ 11.3685498, 48.1707898 ], [ 11.3685367, 48.1706459 ], [ 11.3684888, 48.170584 ], [ 11.3685113, 48.1705459 ], [ 11.3685134, 48.1704512 ], [ 11.3684756, 48.170347 ], [ 11.3684278, 48.1700369 ], [ 11.3683799, 48.1696775 ], [ 11.368298, 48.169446 ], [ 11.3680849, 48.1690237 ], [ 11.3680698, 48.1689501 ], [ 11.3680182, 48.1688714 ], [ 11.3679751, 48.168773 ], [ 11.3679034, 48.168604 ], [ 11.3678431, 48.1684747 ], [ 11.3676555, 48.168145 ], [ 11.367631, 48.1681523 ], [ 11.3675907, 48.1681231 ], [ 11.3675688, 48.1680869 ], [ 11.3675392, 48.1680311 ], [ 11.3675148, 48.1679852 ], [ 11.3675029, 48.1679653 ], [ 11.3674657, 48.1679004 ], [ 11.367444, 48.1678582 ], [ 11.3674599, 48.1678483 ], [ 11.3674261, 48.1677924 ], [ 11.367385, 48.1677368 ], [ 11.367181, 48.1674345 ], [ 11.3670762, 48.1672097 ], [ 11.3670175, 48.167104 ], [ 11.3667847, 48.1666784 ], [ 11.3665903, 48.1663215 ], [ 11.3662365, 48.1656796 ], [ 11.3660648, 48.1653575 ], [ 11.3658325, 48.1649132 ], [ 11.365756, 48.1647833 ], [ 11.365646, 48.1646212 ], [ 11.3655284, 48.1644768 ], [ 11.3654224, 48.1643455 ], [ 11.3651119, 48.1640759 ], [ 11.3648758, 48.1638889 ], [ 11.3643432, 48.1635874 ], [ 11.3641799, 48.1635112 ], [ 11.3639436, 48.1634077 ], [ 11.3636894, 48.1633125 ], [ 11.36277, 48.163048 ], [ 11.3627796, 48.1630295 ], [ 11.3627591, 48.163022 ], [ 11.3627063, 48.1628616 ], [ 11.3626417, 48.1626334 ], [ 11.3621088, 48.1609087 ], [ 11.3617953, 48.1598761 ], [ 11.3617779, 48.159837 ], [ 11.3616993, 48.1596909 ], [ 11.361568, 48.1594586 ], [ 11.3613732, 48.1591246 ], [ 11.3613127, 48.1590198 ], [ 11.3612515, 48.1589213 ], [ 11.3612284, 48.1588809 ], [ 11.3611133, 48.1586657 ], [ 11.360777, 48.1580704 ] ] ], [ [ [ 11.4902263, 48.073821 ], [ 11.4903024, 48.0737742 ], [ 11.4905389, 48.0739459 ], [ 11.4906451, 48.0740223 ], [ 11.4907698, 48.0739494 ], [ 11.4909805, 48.0741023 ], [ 11.490724, 48.0742575 ], [ 11.4905361, 48.0741167 ], [ 11.4905841, 48.0740868 ], [ 11.4902263, 48.073821 ] ] ], [ [ [ 11.5560672, 48.0799449 ], [ 11.5569527, 48.0793801 ], [ 11.5577562, 48.0795803 ], [ 11.5572383, 48.0799067 ], [ 11.5563954, 48.0804318 ], [ 11.5560672, 48.0799449 ] ] ] ] } },
{ "type": "Feature", "properties": { "bbox_west": 11.3843887, "bbox_south": 48.227495, "bbox_east": 11.5025338, "bbox_north": 48.3117077, "place_id": 117463489, "osm_type": "relation", "osm_id": 934468, "lat": 48.2592477, "lon": 11.4354419, "class": "boundary", "type": "administrative", "place_rank": 16, "importance": 0.56563715075733678, "addresstype": "town", "name": "Dachau", "display_name": "Dachau, Landkreis Dachau, Bavaria, 85221, Germany", "place_name": "Dachau, Bavaria, Germany" }, "geometry": { "type": "Polygon", "coordinates": [ [ [ 11.3843887, 48.2937518 ], [ 11.3846338, 48.2936573 ], [ 11.3848042, 48.2935959 ], [ 11.3854506, 48.2933424 ], [ 11.3857856, 48.2932133 ], [ 11.3864428, 48.2929599 ], [ 11.3865214, 48.2929296 ], [ 11.3880627, 48.2923663 ], [ 11.388711, 48.2921332 ], [ 11.3886599, 48.2920366 ], [ 11.388608, 48.2919405 ], [ 11.3890203, 48.2917924 ], [ 11.3884763, 48.2911663 ], [ 11.3888641, 48.2910474 ], [ 11.3911327, 48.2903659 ], [ 11.3920239, 48.2900982 ], [ 11.3921536, 48.2900606 ], [ 11.3925914, 48.2899269 ], [ 11.3926481, 48.2899096 ], [ 11.3931626, 48.2897525 ], [ 11.3938911, 48.2895116 ], [ 11.3944934, 48.2892722 ], [ 11.3949832, 48.2890168 ], [ 11.39539, 48.2887615 ], [ 11.3957833, 48.2884555 ], [ 11.3957942, 48.288449 ], [ 11.3958716, 48.2883864 ], [ 11.3960532, 48.2882391 ], [ 11.3961243, 48.2881794 ], [ 11.3964169, 48.2879208 ], [ 11.3966327, 48.287727 ], [ 11.3970126, 48.2873244 ], [ 11.3974666, 48.2867971 ], [ 11.3979239, 48.2862712 ], [ 11.3993801, 48.2845892 ], [ 11.3994999, 48.2844477 ], [ 11.3997235, 48.2841551 ], [ 11.3999975, 48.2837286 ], [ 11.4002716, 48.2832593 ], [ 11.400407, 48.283037 ], [ 11.4007034, 48.2825238 ], [ 11.4009139, 48.282239 ], [ 11.4012001, 48.2819155 ], [ 11.4014241, 48.2816917 ], [ 11.4020815, 48.2810578 ], [ 11.4025407, 48.2805828 ], [ 11.4035987, 48.279453 ], [ 11.40365, 48.2794131 ], [ 11.404289, 48.2787068 ], [ 11.4045038, 48.2784956 ], [ 11.4048944, 48.2781806 ], [ 11.4050717, 48.2780606 ], [ 11.4051813, 48.2780033 ], [ 11.4053457, 48.2779175 ], [ 11.4056159, 48.277796 ], [ 11.4058849, 48.2776957 ], [ 11.4060837, 48.2776353 ], [ 11.4061431, 48.2776174 ], [ 11.4062658, 48.2775867 ], [ 11.40633, 48.2775708 ], [ 11.4067475, 48.2774913 ], [ 11.4071597, 48.2774424 ], [ 11.4080011, 48.2773214 ], [ 11.4085472, 48.2772347 ], [ 11.4085754, 48.2772319 ], [ 11.4086257, 48.2772223 ], [ 11.4086521, 48.2772148 ], [ 11.4091085, 48.2771126 ], [ 11.4095505, 48.2769977 ], [ 11.4099175, 48.2768881 ], [ 11.4100798, 48.276834 ], [ 11.4102608, 48.2767703 ], [ 11.4105632, 48.2766565 ], [ 11.4110774, 48.2764405 ], [ 11.4130686, 48.2755853 ], [ 11.4140424, 48.2751738 ], [ 11.4140071, 48.2751251 ], [ 11.4139832, 48.2750857 ], [ 11.413951, 48.275039 ], [ 11.4138619, 48.2749241 ], [ 11.4134716, 48.2744247 ], [ 11.4138621, 48.2742351 ], [ 11.4148324, 48.2738675 ], [ 11.4157162, 48.2735857 ], [ 11.4175961, 48.2730149 ], [ 11.4179487, 48.2728955 ], [ 11.4183604, 48.2728052 ], [ 11.4187463, 48.2726416 ], [ 11.4191099, 48.2724945 ], [ 11.4192396, 48.2724495 ], [ 11.4196013, 48.2723233 ], [ 11.4194784, 48.2722841 ], [ 11.4193757, 48.2722514 ], [ 11.4188907, 48.2721209 ], [ 11.4188219, 48.2721012 ], [ 11.4187126, 48.2720699 ], [ 11.4185773, 48.2720314 ], [ 11.4182324, 48.272139 ], [ 11.417545, 48.2723041 ], [ 11.4174675, 48.2723291 ], [ 11.4152146, 48.2730502 ], [ 11.4151138, 48.273084 ], [ 11.4152429, 48.2720546 ], [ 11.4155474, 48.2720878 ], [ 11.4155879, 48.2720001 ], [ 11.415618, 48.2719084 ], [ 11.4156202, 48.2718101 ], [ 11.4143203, 48.2716698 ], [ 11.4134197, 48.2715681 ], [ 11.413146, 48.2715371 ], [ 11.4128812, 48.2715317 ], [ 11.4125351, 48.2715457 ], [ 11.412191, 48.2715246 ], [ 11.4118715, 48.2714965 ], [ 11.411509, 48.2714204 ], [ 11.4112382, 48.2714106 ], [ 11.4112281, 48.2712541 ], [ 11.4112419, 48.270892 ], [ 11.4111821, 48.2705493 ], [ 11.411174, 48.2702759 ], [ 11.4105525, 48.2702115 ], [ 11.410824, 48.2695261 ], [ 11.4104963, 48.2690444 ], [ 11.4104604, 48.2689915 ], [ 11.4103513, 48.2687139 ], [ 11.4103052, 48.2685966 ], [ 11.4103735, 48.2683927 ], [ 11.4098754, 48.2684152 ], [ 11.4091789, 48.2664787 ], [ 11.40898, 48.2659256 ], [ 11.4089801, 48.2658225 ], [ 11.40898, 48.26572 ], [ 11.4090497, 48.265228 ], [ 11.4091258, 48.2646925 ], [ 11.4092062, 48.2641351 ], [ 11.4093146, 48.263708 ], [ 11.4094368, 48.2633024 ], [ 11.409446, 48.2632872 ], [ 11.4095964, 48.2631311 ], [ 11.4096634, 48.2630469 ], [ 11.4097071, 48.2630152 ], [ 11.4098036, 48.2629864 ], [ 11.4098563, 48.2629768 ], [ 11.4099046, 48.262982 ], [ 11.4100437, 48.2629844 ], [ 11.4106176, 48.2629439 ], [ 11.4107118, 48.2629286 ], [ 11.4107374, 48.2629146 ], [ 11.4107827, 48.2628643 ], [ 11.4108302, 48.2627412 ], [ 11.4109705, 48.262507 ], [ 11.4117846, 48.2600355 ], [ 11.4118379, 48.2599272 ], [ 11.4120152, 48.2595662 ], [ 11.4122748, 48.2592157 ], [ 11.412374, 48.2591324 ], [ 11.4124977, 48.2590284 ], [ 11.4127012, 48.2589797 ], [ 11.4132292, 48.2588866 ], [ 11.4133422, 48.2580064 ], [ 11.4130753, 48.2579846 ], [ 11.4125385, 48.2579911 ], [ 11.4121252, 48.2579803 ], [ 11.4118222, 48.2579644 ], [ 11.4115816, 48.2579462 ], [ 11.4115364, 48.2579444 ], [ 11.4101012, 48.2578412 ], [ 11.4096601, 48.2578705 ], [ 11.408774, 48.2579376 ], [ 11.4081897, 48.258029 ], [ 11.4077518, 48.258121 ], [ 11.407644, 48.2581485 ], [ 11.4076129, 48.2579783 ], [ 11.4075064, 48.257394 ], [ 11.4073873, 48.256486 ], [ 11.4066611, 48.2564555 ], [ 11.4067375, 48.2564053 ], [ 11.4067553, 48.2563852 ], [ 11.4067649, 48.2563628 ], [ 11.4067656, 48.2563395 ], [ 11.4067251, 48.2562278 ], [ 11.4066853, 48.2561549 ], [ 11.4067003, 48.2561193 ], [ 11.4069081, 48.2561167 ], [ 11.4076902, 48.2561355 ], [ 11.4077717, 48.2560177 ], [ 11.4079202, 48.2559692 ], [ 11.4080375, 48.2557591 ], [ 11.4079778, 48.2556636 ], [ 11.4079179, 48.2555679 ], [ 11.4081284, 48.255585 ], [ 11.4092137, 48.2556982 ], [ 11.4095182, 48.2557294 ], [ 11.4095953, 48.2557341 ], [ 11.409775, 48.255745 ], [ 11.4098085, 48.2557612 ], [ 11.4099061, 48.2558083 ], [ 11.4099239, 48.2558204 ], [ 11.4104594, 48.255765 ], [ 11.4108115, 48.2556902 ], [ 11.4111913, 48.2555291 ], [ 11.4115329, 48.2552468 ], [ 11.4122132, 48.2546874 ], [ 11.4134163, 48.2536769 ], [ 11.413956, 48.2532873 ], [ 11.4139238, 48.2532444 ], [ 11.4137431, 48.2531074 ], [ 11.4137051, 48.2530786 ], [ 11.4136639, 48.2530475 ], [ 11.4136003, 48.2529992 ], [ 11.4135278, 48.2529443 ], [ 11.4134306, 48.2528707 ], [ 11.4134197, 48.2528624 ], [ 11.4133232, 48.2525123 ], [ 11.4132115, 48.2521072 ], [ 11.4131901, 48.2520296 ], [ 11.4131381, 48.2518409 ], [ 11.4125203, 48.2518829 ], [ 11.4119923, 48.2516813 ], [ 11.4114699, 48.2513376 ], [ 11.4109864, 48.2508534 ], [ 11.4111927, 48.2505166 ], [ 11.4111931, 48.2503723 ], [ 11.4111991, 48.250176 ], [ 11.410849, 48.2496741 ], [ 11.4107938, 48.2495947 ], [ 11.4108018, 48.2493479 ], [ 11.4108183, 48.2488391 ], [ 11.4109513, 48.2483476 ], [ 11.4109788, 48.248249 ], [ 11.4108534, 48.2477853 ], [ 11.4107915, 48.2475596 ], [ 11.4106645, 48.2462365 ], [ 11.4107805, 48.2460341 ], [ 11.4116913, 48.2445243 ], [ 11.4117744, 48.2443924 ], [ 11.4125296, 48.2447714 ], [ 11.4132248, 48.2451713 ], [ 11.4139246, 48.2455671 ], [ 11.4139673, 48.2455912 ], [ 11.4143637, 48.2457763 ], [ 11.4146087, 48.2458707 ], [ 11.4149273, 48.2459757 ], [ 11.4162948, 48.2464199 ], [ 11.4168026, 48.2456185 ], [ 11.4172623, 48.2449983 ], [ 11.4174062, 48.2447412 ], [ 11.4174419, 48.2446343 ], [ 11.4173623, 48.2444005 ], [ 11.4173156, 48.2442599 ], [ 11.4172452, 48.2435194 ], [ 11.4173143, 48.2419314 ], [ 11.4173157, 48.241899 ], [ 11.4173332, 48.241778 ], [ 11.4173593, 48.2415887 ], [ 11.4173743, 48.2414767 ], [ 11.4174773, 48.2395824 ], [ 11.4175228, 48.2390207 ], [ 11.4176723, 48.2361769 ], [ 11.4177313, 48.2360941 ], [ 11.4177835, 48.2360209 ], [ 11.4192372, 48.2349641 ], [ 11.4204059, 48.2339782 ], [ 11.4214524, 48.2331796 ], [ 11.4206076, 48.2323301 ], [ 11.4203105, 48.2319365 ], [ 11.4201524, 48.2317269 ], [ 11.4192286, 48.2304984 ], [ 11.4190942, 48.2303019 ], [ 11.4191851, 48.2302924 ], [ 11.4204356, 48.2301863 ], [ 11.4213483, 48.2301162 ], [ 11.4224155, 48.2300519 ], [ 11.4231426, 48.2300183 ], [ 11.4241757, 48.2299083 ], [ 11.4244545, 48.2298339 ], [ 11.4246642, 48.2297325 ], [ 11.4248201, 48.2296138 ], [ 11.425161, 48.229214 ], [ 11.4252896, 48.2290807 ], [ 11.4254415, 48.2289734 ], [ 11.4255488, 48.2289201 ], [ 11.4256646, 48.228874 ], [ 11.4256761, 48.2288709 ], [ 11.4259499, 48.2287976 ], [ 11.426939, 48.2286277 ], [ 11.4273366, 48.2285317 ], [ 11.4276508, 48.2284635 ], [ 11.4278112, 48.2284467 ], [ 11.4278387, 48.228447 ], [ 11.4279063, 48.2284079 ], [ 11.428048, 48.2283157 ], [ 11.4281567, 48.2282165 ], [ 11.4282289, 48.2280759 ], [ 11.4282343, 48.2280652 ], [ 11.4282119, 48.2278673 ], [ 11.4281924, 48.2277693 ], [ 11.4281511, 48.2275246 ], [ 11.428243, 48.2275157 ], [ 11.428477, 48.227495 ], [ 11.4285907, 48.2277153 ], [ 11.4286717, 48.2278941 ], [ 11.4287985, 48.2281806 ], [ 11.4287366, 48.2284758 ], [ 11.4286074, 48.2289568 ], [ 11.4285214, 48.2293681 ], [ 11.4286128, 48.2296947 ], [ 11.4287782, 48.2298309 ], [ 11.4289902, 48.2299383 ], [ 11.4292265, 48.2300213 ], [ 11.429314, 48.2300408 ], [ 11.4294919, 48.230067 ], [ 11.4300299, 48.230113 ], [ 11.4302221, 48.2301293 ], [ 11.431209, 48.2302079 ], [ 11.4315421, 48.2302938 ], [ 11.4323601, 48.2303895 ], [ 11.4326175, 48.2304274 ], [ 11.4332855, 48.2305257 ], [ 11.4334372, 48.2305494 ], [ 11.4337922, 48.2305929 ], [ 11.434939, 48.2307409 ], [ 11.4358387, 48.2309369 ], [ 11.4360177, 48.2309754 ], [ 11.4362026, 48.2310186 ], [ 11.4366519, 48.2311245 ], [ 11.4368967, 48.231187 ], [ 11.437284, 48.2312859 ], [ 11.4377076, 48.2314137 ], [ 11.4385456, 48.2316462 ], [ 11.4400056, 48.2321446 ], [ 11.4400507, 48.2321612 ], [ 11.4407035, 48.2323998 ], [ 11.4409981, 48.2325232 ], [ 11.4420521, 48.2329649 ], [ 11.4427832, 48.233303 ], [ 11.4429659, 48.2333916 ], [ 11.4438815, 48.23386 ], [ 11.4449474, 48.2344738 ], [ 11.4459268, 48.2350944 ], [ 11.4462363, 48.2353092 ], [ 11.4466365, 48.2355868 ], [ 11.4468575, 48.2357597 ], [ 11.447655, 48.2363835 ], [ 11.4478884, 48.2365892 ], [ 11.4480277, 48.2367087 ], [ 11.448232, 48.2368921 ], [ 11.4484952, 48.2371128 ], [ 11.4489713, 48.2375553 ], [ 11.4490925, 48.2376673 ], [ 11.4491941, 48.2377612 ], [ 11.4493704, 48.2379238 ], [ 11.4495439, 48.2380907 ], [ 11.4497884, 48.2383223 ], [ 11.4498074, 48.2383426 ], [ 11.4500508, 48.238399 ], [ 11.4502623, 48.2384294 ], [ 11.4504885, 48.2384214 ], [ 11.450638, 48.2383928 ], [ 11.4507047, 48.2383742 ], [ 11.4507905, 48.2383338 ], [ 11.4508726, 48.2382615 ], [ 11.4509691, 48.2381039 ], [ 11.4510666, 48.2378862 ], [ 11.4512617, 48.2373405 ], [ 11.4514812, 48.2373314 ], [ 11.4515919, 48.2373271 ], [ 11.4516859, 48.2373217 ], [ 11.4517801, 48.237317 ], [ 11.4518257, 48.2373139 ], [ 11.4521397, 48.2373078 ], [ 11.4523501, 48.2373063 ], [ 11.4523806, 48.2378081 ], [ 11.4524524, 48.2385251 ], [ 11.4524847, 48.238575 ], [ 11.4526173, 48.2386971 ], [ 11.4533884, 48.2391805 ], [ 11.4534429, 48.2392166 ], [ 11.4535031, 48.2392725 ], [ 11.4535943, 48.2393572 ], [ 11.4536973, 48.2395049 ], [ 11.4538814, 48.2398108 ], [ 11.4539412, 48.2399488 ], [ 11.4539679, 48.2400661 ], [ 11.4540047, 48.2402684 ], [ 11.4540102, 48.2405078 ], [ 11.4538918, 48.2412227 ], [ 11.4540224, 48.2412767 ], [ 11.4540545, 48.2412896 ], [ 11.4541859, 48.2413357 ], [ 11.4543086, 48.2413817 ], [ 11.4543583, 48.2414003 ], [ 11.4547181, 48.2415199 ], [ 11.454963, 48.2415962 ], [ 11.4553514, 48.2416053 ], [ 11.4556532, 48.2416124 ], [ 11.4572278, 48.2419709 ], [ 11.4572339, 48.2420124 ], [ 11.4572402, 48.2420555 ], [ 11.4574035, 48.2420591 ], [ 11.4575417, 48.2420593 ], [ 11.4609236, 48.2420632 ], [ 11.4609099, 48.2422044 ], [ 11.4655618, 48.242165 ], [ 11.4668128, 48.2421793 ], [ 11.4672591, 48.2422006 ], [ 11.4674565, 48.2422153 ], [ 11.4679874, 48.2422717 ], [ 11.4680848, 48.2422794 ], [ 11.4687625, 48.2423674 ], [ 11.4690841, 48.2424297 ], [ 11.4692319, 48.2424635 ], [ 11.4692339, 48.2426619 ], [ 11.4692422, 48.242754 ], [ 11.4691975, 48.2428238 ], [ 11.4691859, 48.2428526 ], [ 11.4691857, 48.2428809 ], [ 11.4692148, 48.2432141 ], [ 11.4692556, 48.2441795 ], [ 11.4692715, 48.2446868 ], [ 11.4693107, 48.2460413 ], [ 11.4693368, 48.2465887 ], [ 11.4693494, 48.2470324 ], [ 11.4693562, 48.247334 ], [ 11.4694073, 48.2482848 ], [ 11.4694219, 48.2486182 ], [ 11.4698841, 48.2541103 ], [ 11.4698953, 48.2542357 ], [ 11.4698864, 48.2543474 ], [ 11.4698871, 48.2545571 ], [ 11.4698931, 48.2550119 ], [ 11.4698971, 48.2551454 ], [ 11.4699106, 48.2555449 ], [ 11.4699275, 48.2557742 ], [ 11.4701764, 48.2557633 ], [ 11.4706888, 48.25573 ], [ 11.4728431, 48.255618 ], [ 11.4732793, 48.2555921 ], [ 11.4742971, 48.2555258 ], [ 11.475708, 48.2554539 ], [ 11.4790798, 48.2552623 ], [ 11.4814885, 48.255125 ], [ 11.4815401, 48.2551221 ], [ 11.4817645, 48.2551509 ], [ 11.4821416, 48.2551525 ], [ 11.4841119, 48.2550192 ], [ 11.4848025, 48.2549754 ], [ 11.4859563, 48.2549143 ], [ 11.4904628, 48.2546231 ], [ 11.4907992, 48.254608 ], [ 11.4910532, 48.2545998 ], [ 11.4918242, 48.2545499 ], [ 11.4926076, 48.2544983 ], [ 11.494728, 48.2543505 ], [ 11.4979476, 48.2541899 ], [ 11.4986282, 48.2541526 ], [ 11.4992036, 48.2541213 ], [ 11.4995095, 48.2541069 ], [ 11.5002969, 48.2540231 ], [ 11.5008367, 48.2539625 ], [ 11.5009054, 48.2539594 ], [ 11.500953, 48.2541599 ], [ 11.5009499, 48.25426 ], [ 11.5009524, 48.2543771 ], [ 11.5009729, 48.2545543 ], [ 11.501057, 48.2547917 ], [ 11.5011008, 48.2548531 ], [ 11.5012178, 48.2550166 ], [ 11.5014936, 48.2552676 ], [ 11.5016664, 48.2553737 ], [ 11.5017369, 48.2554169 ], [ 11.5019036, 48.2555191 ], [ 11.5022655, 48.2557897 ], [ 11.5023322, 48.2558699 ], [ 11.5023888, 48.2559376 ], [ 11.502464, 48.2560852 ], [ 11.5025292, 48.2562841 ], [ 11.5025317, 48.256361 ], [ 11.5025338, 48.2564267 ], [ 11.5019221, 48.2593888 ], [ 11.5019001, 48.2594176 ], [ 11.5018134, 48.2595304 ], [ 11.5017004, 48.2596888 ], [ 11.50127, 48.2602922 ], [ 11.5009603, 48.2607261 ], [ 11.5005951, 48.261238 ], [ 11.500311, 48.2616362 ], [ 11.4999075, 48.2621877 ], [ 11.4997586, 48.2623866 ], [ 11.4993819, 48.2628903 ], [ 11.4986282, 48.2638793 ], [ 11.4982776, 48.264348 ], [ 11.4981875, 48.2644828 ], [ 11.4980862, 48.2646722 ], [ 11.498002, 48.2649327 ], [ 11.4979314, 48.265262 ], [ 11.4979818, 48.2660913 ], [ 11.4980109, 48.2665686 ], [ 11.4981751, 48.2668077 ], [ 11.4981487, 48.2683843 ], [ 11.4981085, 48.2685817 ], [ 11.4980274, 48.268767 ], [ 11.4978783, 48.2689433 ], [ 11.4977033, 48.2690962 ], [ 11.4974511, 48.2693817 ], [ 11.4973479, 48.2694748 ], [ 11.4962765, 48.2703982 ], [ 11.4958819, 48.2707383 ], [ 11.4958376, 48.2707759 ], [ 11.4956917, 48.2709014 ], [ 11.4956313, 48.271434 ], [ 11.4955291, 48.2719862 ], [ 11.4954991, 48.2722072 ], [ 11.4955227, 48.2725753 ], [ 11.4955624, 48.2729517 ], [ 11.4955343, 48.273213 ], [ 11.4954723, 48.2736293 ], [ 11.4953756, 48.2738609 ], [ 11.4952664, 48.2742138 ], [ 11.4950258, 48.2752961 ], [ 11.4949837, 48.2758502 ], [ 11.4949912, 48.27596 ], [ 11.4949743, 48.2761048 ], [ 11.4947007, 48.2760711 ], [ 11.4944226, 48.2760368 ], [ 11.4926613, 48.2757765 ], [ 11.4904421, 48.2754623 ], [ 11.4900174, 48.2753916 ], [ 11.48924, 48.2752623 ], [ 11.488793, 48.2751879 ], [ 11.4882568, 48.2759266 ], [ 11.4879818, 48.2764149 ], [ 11.4877822, 48.2763712 ], [ 11.4811447, 48.2752512 ], [ 11.4792327, 48.2750547 ], [ 11.4785772, 48.2749873 ], [ 11.4768623, 48.2747156 ], [ 11.4754809, 48.2744655 ], [ 11.4743981, 48.2743542 ], [ 11.4735003, 48.2752915 ], [ 11.4731023, 48.2757866 ], [ 11.4727394, 48.2762327 ], [ 11.4726045, 48.2764107 ], [ 11.4723599, 48.2765991 ], [ 11.4718223, 48.277081 ], [ 11.471496, 48.2773282 ], [ 11.4712102, 48.2775448 ], [ 11.4707855, 48.2780958 ], [ 11.4707712, 48.2781152 ], [ 11.4707788, 48.2791687 ], [ 11.4710151, 48.2801213 ], [ 11.4711033, 48.281083 ], [ 11.4711121, 48.2811793 ], [ 11.4711179, 48.2812324 ], [ 11.4709954, 48.2812382 ], [ 11.4704952, 48.2815711 ], [ 11.4702561, 48.2814535 ], [ 11.4700402, 48.2814072 ], [ 11.4696687, 48.2811751 ], [ 11.4692288, 48.281066 ], [ 11.4690542, 48.2808817 ], [ 11.4690434, 48.2808686 ], [ 11.4687311, 48.2806299 ], [ 11.4684231, 48.2805669 ], [ 11.4683866, 48.2805594 ], [ 11.4681246, 48.2805458 ], [ 11.4677237, 48.2805877 ], [ 11.4675137, 48.2806096 ], [ 11.4674719, 48.2803894 ], [ 11.4672843, 48.2800964 ], [ 11.4669374, 48.279852 ], [ 11.4669632, 48.2797924 ], [ 11.4665318, 48.2798532 ], [ 11.4665011, 48.2798856 ], [ 11.4658842, 48.2805349 ], [ 11.465842, 48.2805794 ], [ 11.4657728, 48.2806519 ], [ 11.4656451, 48.2807845 ], [ 11.4657629, 48.2809722 ], [ 11.4658161, 48.2810589 ], [ 11.4661881, 48.2816339 ], [ 11.4663566, 48.2821569 ], [ 11.4663915, 48.2822656 ], [ 11.4662864, 48.2823364 ], [ 11.4661633, 48.2824384 ], [ 11.466067, 48.2825428 ], [ 11.465939, 48.2826983 ], [ 11.4658188, 48.2828728 ], [ 11.4653332, 48.2834007 ], [ 11.4651096, 48.2836631 ], [ 11.4650791, 48.2836986 ], [ 11.464936, 48.2837362 ], [ 11.4647657, 48.2837832 ], [ 11.4646122, 48.2838255 ], [ 11.4644859, 48.2838626 ], [ 11.4644536, 48.283757 ], [ 11.4643873, 48.2836258 ], [ 11.4643639, 48.2835933 ], [ 11.4642455, 48.2834296 ], [ 11.4641757, 48.2833619 ], [ 11.4640818, 48.2834046 ], [ 11.4637515, 48.2831046 ], [ 11.4637196, 48.2831202 ], [ 11.4622871, 48.2838202 ], [ 11.4624339, 48.283881 ], [ 11.4629607, 48.2842037 ], [ 11.4637125, 48.2847993 ], [ 11.463301, 48.2848277 ], [ 11.4629903, 48.2848527 ], [ 11.4625537, 48.284886 ], [ 11.4625536, 48.2848406 ], [ 11.4622365, 48.2848677 ], [ 11.462227, 48.284914 ], [ 11.4620954, 48.2850865 ], [ 11.4620735, 48.2851149 ], [ 11.4620268, 48.285164 ], [ 11.4620113, 48.2851921 ], [ 11.4619998, 48.2852447 ], [ 11.4619656, 48.2856403 ], [ 11.4619232, 48.286034 ], [ 11.4619081, 48.2862253 ], [ 11.4619065, 48.2863828 ], [ 11.4619189, 48.2865411 ], [ 11.4619247, 48.2865606 ], [ 11.4619987, 48.2867115 ], [ 11.461764, 48.289182 ], [ 11.4619204, 48.2894507 ], [ 11.4621912, 48.2895672 ], [ 11.4624822, 48.2896022 ], [ 11.462477, 48.2896508 ], [ 11.4624107, 48.2899641 ], [ 11.4619984, 48.2900281 ], [ 11.4613475, 48.2899678 ], [ 11.4610235, 48.2899441 ], [ 11.46091, 48.2899358 ], [ 11.4602138, 48.2898281 ], [ 11.4600694, 48.2897995 ], [ 11.4596306, 48.2896979 ], [ 11.459285, 48.289612 ], [ 11.4594487, 48.2894849 ], [ 11.4595955, 48.2893094 ], [ 11.4594941, 48.2888108 ], [ 11.4593357, 48.288805 ], [ 11.4590119, 48.2888122 ], [ 11.4587603, 48.2887624 ], [ 11.4582058, 48.2885898 ], [ 11.4574166, 48.2878832 ], [ 11.457088, 48.287658 ], [ 11.4567235, 48.2878862 ], [ 11.456533, 48.2880054 ], [ 11.4565413, 48.2878913 ], [ 11.4564697, 48.2877288 ], [ 11.4564098, 48.2875922 ], [ 11.4564013, 48.2874996 ], [ 11.4563578, 48.2871917 ], [ 11.456318, 48.2869093 ], [ 11.4561297, 48.2866403 ], [ 11.4560191, 48.2864581 ], [ 11.456013, 48.2864366 ], [ 11.4559146, 48.2860946 ], [ 11.4558492, 48.2859282 ], [ 11.4556997, 48.2854479 ], [ 11.4556435, 48.2852262 ], [ 11.45562, 48.2851613 ], [ 11.4554405, 48.2850254 ], [ 11.4553303, 48.2849146 ], [ 11.4552515, 48.2848354 ], [ 11.4550975, 48.2847929 ], [ 11.455018, 48.2847748 ], [ 11.4549002, 48.2848259 ], [ 11.4547587, 48.2848736 ], [ 11.4544946, 48.2849729 ], [ 11.4543935, 48.2850077 ], [ 11.4542509, 48.285046 ], [ 11.4540536, 48.2850815 ], [ 11.4538062, 48.2851153 ], [ 11.4532487, 48.2852152 ], [ 11.4527956, 48.2845661 ], [ 11.4524863, 48.2841232 ], [ 11.4522841, 48.2829639 ], [ 11.4499552, 48.2828126 ], [ 11.4498076, 48.2827641 ], [ 11.4491337, 48.2825497 ], [ 11.4489052, 48.2825249 ], [ 11.4472655, 48.2824844 ], [ 11.4461979, 48.2824477 ], [ 11.4448453, 48.2823341 ], [ 11.4450668, 48.2806321 ], [ 11.4448559, 48.2806298 ], [ 11.4446441, 48.2806322 ], [ 11.4405207, 48.2808012 ], [ 11.4403526, 48.2807897 ], [ 11.4373621, 48.280648 ], [ 11.4348713, 48.2808864 ], [ 11.4349143, 48.2826053 ], [ 11.4319725, 48.2825665 ], [ 11.431961, 48.2825035 ], [ 11.4319446, 48.2823188 ], [ 11.4319242, 48.2819518 ], [ 11.4319229, 48.2818907 ], [ 11.4318719, 48.2816067 ], [ 11.4317254, 48.2816068 ], [ 11.4300182, 48.2815909 ], [ 11.4285813, 48.2816748 ], [ 11.4280393, 48.2816588 ], [ 11.4278692, 48.2816702 ], [ 11.4275022, 48.2816949 ], [ 11.42697, 48.2817828 ], [ 11.4264568, 48.2819274 ], [ 11.4264345, 48.2819496 ], [ 11.4263525, 48.2820309 ], [ 11.4258054, 48.2822982 ], [ 11.4252823, 48.2825089 ], [ 11.4249487, 48.2826903 ], [ 11.4249214, 48.2827605 ], [ 11.4248969, 48.2828232 ], [ 11.4249, 48.2830018 ], [ 11.4249232, 48.2832105 ], [ 11.4250021, 48.2836006 ], [ 11.425021, 48.2837614 ], [ 11.4250326, 48.2838579 ], [ 11.425269, 48.2838316 ], [ 11.4254533, 48.2838112 ], [ 11.4255046, 48.284629 ], [ 11.4257385, 48.2847845 ], [ 11.4258361, 48.2848372 ], [ 11.4269837, 48.2849224 ], [ 11.4269668, 48.2852312 ], [ 11.4270955, 48.2856395 ], [ 11.4272385, 48.2858209 ], [ 11.4268643, 48.2860115 ], [ 11.4266527, 48.286211 ], [ 11.4264134, 48.2864231 ], [ 11.4262474, 48.2866517 ], [ 11.4261535, 48.2868919 ], [ 11.4260727, 48.2872213 ], [ 11.4260173, 48.2875288 ], [ 11.4259956, 48.2876424 ], [ 11.4259903, 48.2878697 ], [ 11.4259965, 48.2878905 ], [ 11.4260897, 48.2880304 ], [ 11.4247982, 48.2880992 ], [ 11.4248049, 48.2882241 ], [ 11.4251254, 48.2916154 ], [ 11.4251427, 48.2916803 ], [ 11.4251572, 48.291736 ], [ 11.4259304, 48.2913559 ], [ 11.4260909, 48.291282 ], [ 11.4261473, 48.2913737 ], [ 11.4270094, 48.2927765 ], [ 11.427072, 48.2929122 ], [ 11.4271438, 48.2930696 ], [ 11.4272851, 48.293055 ], [ 11.4274291, 48.2930391 ], [ 11.4275575, 48.2934115 ], [ 11.4278088, 48.2940736 ], [ 11.4278558, 48.2943807 ], [ 11.4278966, 48.2949284 ], [ 11.4278661, 48.2954345 ], [ 11.4278703, 48.2956089 ], [ 11.4311442, 48.2962818 ], [ 11.4313023, 48.2979558 ], [ 11.431401, 48.2988527 ], [ 11.4314014, 48.2990936 ], [ 11.4314785, 48.3012531 ], [ 11.4314899, 48.3018307 ], [ 11.4315019, 48.3019565 ], [ 11.4315075, 48.3020204 ], [ 11.4315227, 48.3028585 ], [ 11.4299533, 48.3029365 ], [ 11.4273876, 48.303 ], [ 11.4238912, 48.3034221 ], [ 11.4237631, 48.3034457 ], [ 11.4234932, 48.3035092 ], [ 11.4234936, 48.3036152 ], [ 11.4234931, 48.3037209 ], [ 11.4235187, 48.3046979 ], [ 11.4235098, 48.304974 ], [ 11.4219886, 48.305406 ], [ 11.4215288, 48.3055818 ], [ 11.4215504, 48.3057197 ], [ 11.4216735, 48.3065022 ], [ 11.4217372, 48.306966 ], [ 11.4216997, 48.3071668 ], [ 11.421118, 48.307842 ], [ 11.420395, 48.3078827 ], [ 11.4201045, 48.3088366 ], [ 11.4200381, 48.3090821 ], [ 11.4198911, 48.309623 ], [ 11.4195436, 48.3095976 ], [ 11.4182259, 48.3095015 ], [ 11.4177675, 48.3094846 ], [ 11.4165707, 48.3094406 ], [ 11.4162555, 48.3100835 ], [ 11.4159436, 48.3107765 ], [ 11.4155039, 48.3107752 ], [ 11.4151043, 48.3107922 ], [ 11.4149726, 48.3108023 ], [ 11.4148113, 48.3108132 ], [ 11.4141442, 48.3108975 ], [ 11.4138644, 48.3108996 ], [ 11.41358, 48.310915 ], [ 11.413299, 48.3109085 ], [ 11.4132276, 48.3109037 ], [ 11.4132434, 48.3106777 ], [ 11.4130602, 48.3106299 ], [ 11.4110835, 48.3101148 ], [ 11.4110249, 48.3097952 ], [ 11.4103419, 48.3098012 ], [ 11.4086588, 48.3098133 ], [ 11.4073334, 48.3099385 ], [ 11.4067926, 48.3100354 ], [ 11.4062141, 48.310139 ], [ 11.4060802, 48.3102353 ], [ 11.4060134, 48.3103498 ], [ 11.406066, 48.3107393 ], [ 11.4060229, 48.3108697 ], [ 11.4059806, 48.3109625 ], [ 11.4058464, 48.31113 ], [ 11.4057294, 48.3112635 ], [ 11.4056228, 48.3113698 ], [ 11.4055575, 48.3114467 ], [ 11.4052274, 48.3113844 ], [ 11.4051789, 48.3114774 ], [ 11.40511, 48.3115704 ], [ 11.4050479, 48.311661 ], [ 11.4050083, 48.3117077 ], [ 11.4043098, 48.3114319 ], [ 11.4042708, 48.3114192 ], [ 11.4037086, 48.3113166 ], [ 11.4030269, 48.3109456 ], [ 11.4019611, 48.3103654 ], [ 11.4007367, 48.3097196 ], [ 11.4002368, 48.3094615 ], [ 11.3992346, 48.3089612 ], [ 11.3990629, 48.3090792 ], [ 11.3986473, 48.3093502 ], [ 11.3989185, 48.309435 ], [ 11.3986041, 48.3095768 ], [ 11.3984339, 48.3095391 ], [ 11.3977076, 48.3093548 ], [ 11.3972277, 48.3092349 ], [ 11.39707, 48.3091942 ], [ 11.3970885, 48.3088146 ], [ 11.3974338, 48.3086742 ], [ 11.3973119, 48.3085807 ], [ 11.3972499, 48.30853 ], [ 11.3972029, 48.3084931 ], [ 11.3965618, 48.3080674 ], [ 11.3963762, 48.3079171 ], [ 11.3963174, 48.307878 ], [ 11.3962499, 48.3078333 ], [ 11.3961498, 48.3077518 ], [ 11.396309, 48.3076982 ], [ 11.3967432, 48.3075531 ], [ 11.3966371, 48.3065489 ], [ 11.3964656, 48.3056891 ], [ 11.3967314, 48.3056833 ], [ 11.3967126, 48.3055894 ], [ 11.3963729, 48.3040792 ], [ 11.3967521, 48.3040368 ], [ 11.3967698, 48.3040435 ], [ 11.3967825, 48.3039375 ], [ 11.3968009, 48.3038206 ], [ 11.3970792, 48.3023431 ], [ 11.3957132, 48.3021878 ], [ 11.3957751, 48.301913 ], [ 11.3958463, 48.3015275 ], [ 11.3957704, 48.3015246 ], [ 11.395535, 48.3015121 ], [ 11.3952908, 48.3014988 ], [ 11.3945643, 48.3014509 ], [ 11.3935473, 48.3013737 ], [ 11.3933657, 48.3013625 ], [ 11.3935984, 48.3000009 ], [ 11.3936975, 48.2993827 ], [ 11.391594, 48.299206 ], [ 11.3915909, 48.299117 ], [ 11.3915921, 48.2990918 ], [ 11.3915951, 48.2990788 ], [ 11.3922649, 48.2962256 ], [ 11.3914382, 48.2961804 ], [ 11.3912932, 48.2961747 ], [ 11.391305, 48.2960646 ], [ 11.3903929, 48.2938775 ], [ 11.3881788, 48.2943775 ], [ 11.388139, 48.2943798 ], [ 11.3874537, 48.2945535 ], [ 11.3873556, 48.2945909 ], [ 11.3873156, 48.2946062 ], [ 11.3872307, 48.2946524 ], [ 11.3867657, 48.2948873 ], [ 11.3863842, 48.2950444 ], [ 11.3859705, 48.2951052 ], [ 11.3843887, 48.2937518 ] ] ] } },
{ "type": "Feature", "properties": { "bbox_west": 11.6404507, "bbox_south": 48.330606, "bbox_east": 11.7925143, "bbox_north": 48.4490313, "place_id": 117147363, "osm_type": "relation", "osm_id": 30005, "lat": 48.4008273, "lon": 11.7439565, "class": "boundary", "type": "administrative", "place_rank": 16, "importance": 0.55455209995818655, "addresstype": "town", "name": "Freising", "display_name": "Freising, Landkreis Freising, Bavaria, Germany", "place_name": "Freising, Bavaria, Germany" }, "geometry": { "type": "Polygon", "coordinates": [ [ [ 11.6404507, 48.3923694 ], [ 11.6404682, 48.3922725 ], [ 11.6404856, 48.3921757 ], [ 11.6406662, 48.3905525 ], [ 11.6407245, 48.3900265 ], [ 11.6406908, 48.3899315 ], [ 11.6406569, 48.3898364 ], [ 11.6408077, 48.3898031 ], [ 11.6409587, 48.3897698 ], [ 11.6411273, 48.3885774 ], [ 11.6414097, 48.3866856 ], [ 11.6414343, 48.3864293 ], [ 11.6414205, 48.3863914 ], [ 11.6432722, 48.386711 ], [ 11.6432904, 48.386545 ], [ 11.643301, 48.3863731 ], [ 11.6435813, 48.3864198 ], [ 11.6438408, 48.3843941 ], [ 11.6448103, 48.384364 ], [ 11.6459397, 48.3834342 ], [ 11.6465665, 48.3828568 ], [ 11.6463155, 48.3823116 ], [ 11.6458867, 48.3813657 ], [ 11.6489584, 48.3810477 ], [ 11.6489208, 48.3801782 ], [ 11.6488453, 48.3799946 ], [ 11.6488305, 48.3799663 ], [ 11.648819, 48.3798249 ], [ 11.6489613, 48.3798086 ], [ 11.6491038, 48.3797938 ], [ 11.6490259, 48.3788522 ], [ 11.6489188, 48.3773796 ], [ 11.6488586, 48.3764751 ], [ 11.648853, 48.3764587 ], [ 11.6488815, 48.3762965 ], [ 11.6499123, 48.3758835 ], [ 11.651676, 48.375169 ], [ 11.6522618, 48.3748996 ], [ 11.6513736, 48.3744431 ], [ 11.6506469, 48.3738477 ], [ 11.6503261, 48.3735776 ], [ 11.64997, 48.3732934 ], [ 11.649856, 48.373182 ], [ 11.6498021, 48.3731458 ], [ 11.6496211, 48.373023 ], [ 11.649654, 48.3730161 ], [ 11.6506927, 48.3726941 ], [ 11.6511157, 48.3725318 ], [ 11.6513197, 48.372442 ], [ 11.6515848, 48.3723072 ], [ 11.65182, 48.3721707 ], [ 11.6519644, 48.372082 ], [ 11.6521378, 48.3720493 ], [ 11.6524037, 48.3719994 ], [ 11.6527827, 48.3719751 ], [ 11.6530843, 48.3719523 ], [ 11.6536078, 48.3717021 ], [ 11.6536361, 48.3716788 ], [ 11.6539016, 48.3714867 ], [ 11.654099, 48.3713439 ], [ 11.6552799, 48.3707784 ], [ 11.6562575, 48.37032 ], [ 11.6564058, 48.3702506 ], [ 11.6566894, 48.3701514 ], [ 11.657746, 48.3698823 ], [ 11.6580898, 48.3697928 ], [ 11.6581176, 48.3697842 ], [ 11.6582759, 48.369736 ], [ 11.6586038, 48.3696362 ], [ 11.659033, 48.369513 ], [ 11.6606588, 48.3692553 ], [ 11.6618974, 48.3690053 ], [ 11.6630038, 48.3687273 ], [ 11.663044, 48.3687203 ], [ 11.6630487, 48.3687261 ], [ 11.6632168, 48.3688652 ], [ 11.6641389, 48.3695031 ], [ 11.6643961, 48.3696907 ], [ 11.6644858, 48.3697566 ], [ 11.664828, 48.370065 ], [ 11.6651036, 48.370266 ], [ 11.6652685, 48.370367 ], [ 11.6666134, 48.3713811 ], [ 11.6671369, 48.371854 ], [ 11.667467, 48.3720887 ], [ 11.6677737, 48.3722435 ], [ 11.6678703, 48.3723088 ], [ 11.6679259, 48.3723461 ], [ 11.6685853, 48.373121 ], [ 11.6688358, 48.3733389 ], [ 11.6688758, 48.3733584 ], [ 11.6690938, 48.3734106 ], [ 11.6696126, 48.3734737 ], [ 11.6696997, 48.3733933 ], [ 11.6697867, 48.373313 ], [ 11.6699777, 48.3731567 ], [ 11.6702488, 48.3729779 ], [ 11.6704669, 48.3728665 ], [ 11.6705909, 48.3727873 ], [ 11.6706905, 48.3727077 ], [ 11.671389, 48.3720691 ], [ 11.6715678, 48.3719201 ], [ 11.671737, 48.3717974 ], [ 11.6722499, 48.3715097 ], [ 11.6727405, 48.3713176 ], [ 11.675851, 48.3700999 ], [ 11.6774152, 48.3694875 ], [ 11.6789652, 48.3688805 ], [ 11.6790864, 48.368833 ], [ 11.679306, 48.368747 ], [ 11.6796361, 48.3686043 ], [ 11.6798347, 48.3685005 ], [ 11.6801898, 48.3682871 ], [ 11.6803847, 48.3681925 ], [ 11.6804232, 48.3681772 ], [ 11.6804575, 48.3681707 ], [ 11.68084, 48.3679861 ], [ 11.6809455, 48.3679352 ], [ 11.6811331, 48.3678068 ], [ 11.6813604, 48.3676082 ], [ 11.6816032, 48.3673589 ], [ 11.6816644, 48.367303 ], [ 11.6817821, 48.3671954 ], [ 11.6818028, 48.3671765 ], [ 11.6820511, 48.3669392 ], [ 11.6829867, 48.3662021 ], [ 11.6829716, 48.3661768 ], [ 11.6828806, 48.3660458 ], [ 11.681626, 48.3645954 ], [ 11.6812058, 48.3641096 ], [ 11.6808564, 48.3638343 ], [ 11.6801545, 48.3634405 ], [ 11.6800469, 48.3633801 ], [ 11.679834, 48.3632572 ], [ 11.6788927, 48.3627131 ], [ 11.6788513, 48.3626878 ], [ 11.6785807, 48.3625684 ], [ 11.6786281, 48.3625131 ], [ 11.6786545, 48.3624864 ], [ 11.6787402, 48.3624007 ], [ 11.678772, 48.3623691 ], [ 11.6788003, 48.3623409 ], [ 11.6788442, 48.3622972 ], [ 11.6788768, 48.3622521 ], [ 11.6788053, 48.3611188 ], [ 11.6787943, 48.3609451 ], [ 11.6787722, 48.360551 ], [ 11.6787693, 48.3605 ], [ 11.6787507, 48.3603843 ], [ 11.6782615, 48.3591123 ], [ 11.6782465, 48.3590297 ], [ 11.6782396, 48.3589415 ], [ 11.67824, 48.3588391 ], [ 11.6782602, 48.3587357 ], [ 11.6783895, 48.358475 ], [ 11.6784119, 48.3584487 ], [ 11.6786627, 48.3581536 ], [ 11.6803274, 48.3562004 ], [ 11.6807625, 48.3556511 ], [ 11.6808256, 48.3555399 ], [ 11.6808997, 48.3553798 ], [ 11.6809182, 48.3552539 ], [ 11.6809311, 48.3551651 ], [ 11.68094, 48.3551469 ], [ 11.6809495, 48.3550393 ], [ 11.6809121, 48.3548837 ], [ 11.6815747, 48.3544873 ], [ 11.6816816, 48.3544 ], [ 11.6817114, 48.3543757 ], [ 11.6818029, 48.3542475 ], [ 11.6820848, 48.3538523 ], [ 11.6822673, 48.3535295 ], [ 11.6822994, 48.3534728 ], [ 11.6827001, 48.3525103 ], [ 11.6827404, 48.3523882 ], [ 11.6827504, 48.3523572 ], [ 11.6828675, 48.3520963 ], [ 11.6829829, 48.351957 ], [ 11.6832954, 48.3515787 ], [ 11.6836949, 48.3506919 ], [ 11.6837549, 48.3505431 ], [ 11.6838178, 48.3503867 ], [ 11.6839036, 48.3501875 ], [ 11.6843603, 48.349058 ], [ 11.6845829, 48.3485442 ], [ 11.684799, 48.3482242 ], [ 11.6850067, 48.3480976 ], [ 11.6850882, 48.348015 ], [ 11.6851172, 48.3479855 ], [ 11.6851459, 48.347928 ], [ 11.6851889, 48.3477504 ], [ 11.6853039, 48.3475887 ], [ 11.6854409, 48.3475854 ], [ 11.6855094, 48.3474527 ], [ 11.6855792, 48.3473173 ], [ 11.6857663, 48.3471398 ], [ 11.6857867, 48.3471274 ], [ 11.6856597, 48.3466321 ], [ 11.6855973, 48.3460293 ], [ 11.6854569, 48.3460259 ], [ 11.6851945, 48.3447515 ], [ 11.6866414, 48.3444795 ], [ 11.6859676, 48.3438372 ], [ 11.6860734, 48.343777 ], [ 11.6862684, 48.3436828 ], [ 11.6864379, 48.3436018 ], [ 11.6862312, 48.3434111 ], [ 11.6864613, 48.3433998 ], [ 11.6908599, 48.3431833 ], [ 11.6933465, 48.3430244 ], [ 11.6939246, 48.3414682 ], [ 11.69459, 48.3397718 ], [ 11.6956951, 48.3369774 ], [ 11.695357, 48.336899 ], [ 11.6953713, 48.3368016 ], [ 11.696539, 48.3339634 ], [ 11.6970915, 48.3340561 ], [ 11.6971434, 48.333942 ], [ 11.6971608, 48.3339005 ], [ 11.6972261, 48.3337265 ], [ 11.6972473, 48.333665 ], [ 11.6972645, 48.3336031 ], [ 11.6973018, 48.3334704 ], [ 11.6982523, 48.3336506 ], [ 11.6984297, 48.3336842 ], [ 11.6990454, 48.3338132 ], [ 11.6993932, 48.3338892 ], [ 11.6995452, 48.3339224 ], [ 11.6998701, 48.3339845 ], [ 11.6998515, 48.3339642 ], [ 11.6997735, 48.3338783 ], [ 11.6995493, 48.3336783 ], [ 11.699323, 48.3334763 ], [ 11.6990343, 48.3331988 ], [ 11.6989096, 48.3330832 ], [ 11.6987347, 48.332918 ], [ 11.6985779, 48.3328537 ], [ 11.6984264, 48.3327134 ], [ 11.6979013, 48.3322268 ], [ 11.6980044, 48.332168 ], [ 11.6981577, 48.3320714 ], [ 11.6982567, 48.3321579 ], [ 11.6984133, 48.3323043 ], [ 11.6999537, 48.3319395 ], [ 11.7018911, 48.3313644 ], [ 11.7025784, 48.3312879 ], [ 11.7026114, 48.3312842 ], [ 11.7037159, 48.3312927 ], [ 11.704539, 48.3312461 ], [ 11.7053411, 48.3310611 ], [ 11.706182, 48.3309136 ], [ 11.7067433, 48.3308378 ], [ 11.7084611, 48.330606 ], [ 11.7090221, 48.3320123 ], [ 11.7092109, 48.3323918 ], [ 11.709477, 48.3329263 ], [ 11.7097866, 48.3333821 ], [ 11.7099114, 48.3336423 ], [ 11.7099517, 48.3337536 ], [ 11.7108334, 48.3360337 ], [ 11.7129385, 48.337174 ], [ 11.7137481, 48.3376568 ], [ 11.7139227, 48.3377607 ], [ 11.7141952, 48.3379229 ], [ 11.7142329, 48.3379454 ], [ 11.7145017, 48.3381054 ], [ 11.7146655, 48.3382027 ], [ 11.7170101, 48.3395754 ], [ 11.717849, 48.339894 ], [ 11.718796, 48.3402538 ], [ 11.7193654, 48.3404642 ], [ 11.7198984, 48.3406608 ], [ 11.7214906, 48.3412272 ], [ 11.7218053, 48.3413407 ], [ 11.7219708, 48.3414006 ], [ 11.7233087, 48.3418836 ], [ 11.7233346, 48.341893 ], [ 11.723361, 48.3421301 ], [ 11.7241565, 48.3425098 ], [ 11.7248825, 48.3436609 ], [ 11.7250748, 48.3439658 ], [ 11.7250899, 48.3439869 ], [ 11.7252127, 48.3441535 ], [ 11.7256907, 48.3448033 ], [ 11.7255961, 48.3453411 ], [ 11.7252788, 48.3471479 ], [ 11.7258926, 48.3479418 ], [ 11.7260469, 48.3478714 ], [ 11.7266265, 48.3476083 ], [ 11.7268028, 48.3475627 ], [ 11.7271057, 48.3475427 ], [ 11.7272375, 48.3475521 ], [ 11.7273371, 48.3475592 ], [ 11.7279179, 48.3475701 ], [ 11.7280124, 48.3475718 ], [ 11.7280173, 48.3475557 ], [ 11.7277155, 48.3472866 ], [ 11.7275776, 48.3471634 ], [ 11.7269268, 48.346586 ], [ 11.7268185, 48.3464919 ], [ 11.7269733, 48.3463501 ], [ 11.7270795, 48.3463618 ], [ 11.7274223, 48.3463815 ], [ 11.7277281, 48.346393 ], [ 11.7277997, 48.3465536 ], [ 11.727854, 48.3467028 ], [ 11.7281562, 48.3470712 ], [ 11.728434, 48.3474095 ], [ 11.7284891, 48.3474769 ], [ 11.7288606, 48.3474433 ], [ 11.7286641, 48.3471533 ], [ 11.7285761, 48.3470144 ], [ 11.7293542, 48.3470873 ], [ 11.7316767, 48.3472388 ], [ 11.7321239, 48.3472896 ], [ 11.7321559, 48.3472972 ], [ 11.7323404, 48.3473669 ], [ 11.7323682, 48.3473822 ], [ 11.7326185, 48.3475808 ], [ 11.7327688, 48.347738 ], [ 11.7335226, 48.3485184 ], [ 11.733606, 48.3485054 ], [ 11.733749, 48.3484829 ], [ 11.734301, 48.3483965 ], [ 11.7345053, 48.3483644 ], [ 11.7347962, 48.3483189 ], [ 11.7348631, 48.3483083 ], [ 11.7349994, 48.348287 ], [ 11.7350766, 48.3484713 ], [ 11.7351528, 48.348653 ], [ 11.7352752, 48.348819 ], [ 11.7356244, 48.3492927 ], [ 11.735711, 48.3494102 ], [ 11.7360906, 48.3497128 ], [ 11.7361598, 48.3497681 ], [ 11.7361694, 48.3497846 ], [ 11.7363772, 48.3501447 ], [ 11.7364795, 48.3503222 ], [ 11.7374252, 48.3504498 ], [ 11.7376324, 48.3504971 ], [ 11.7377185, 48.3505156 ], [ 11.7385844, 48.3506923 ], [ 11.7391206, 48.3507981 ], [ 11.7395161, 48.3508917 ], [ 11.7407551, 48.3511491 ], [ 11.7408778, 48.3511729 ], [ 11.7413655, 48.3512741 ], [ 11.7433625, 48.3513952 ], [ 11.7432262, 48.3511745 ], [ 11.7431908, 48.3511084 ], [ 11.7431614, 48.3510428 ], [ 11.7431077, 48.350923 ], [ 11.7429187, 48.3505002 ], [ 11.7429077, 48.3504564 ], [ 11.7428888, 48.3502482 ], [ 11.7430707, 48.3502619 ], [ 11.7435631, 48.3503049 ], [ 11.7476932, 48.350721 ], [ 11.7498359, 48.3510075 ], [ 11.7500992, 48.351146 ], [ 11.7547532, 48.3514948 ], [ 11.7559922, 48.3516096 ], [ 11.7565683, 48.3515864 ], [ 11.7565595, 48.3515131 ], [ 11.7565403, 48.3513544 ], [ 11.7565342, 48.3513034 ], [ 11.7565312, 48.3512789 ], [ 11.7567047, 48.351189 ], [ 11.7561992, 48.3501598 ], [ 11.7561951, 48.3501292 ], [ 11.7561943, 48.3500919 ], [ 11.7563658, 48.3491514 ], [ 11.7563928, 48.3489951 ], [ 11.7564076, 48.3489087 ], [ 11.7563079, 48.3488214 ], [ 11.7565761, 48.3472611 ], [ 11.7566018, 48.3471442 ], [ 11.7566276, 48.3470274 ], [ 11.757215, 48.3470618 ], [ 11.7574774, 48.3457257 ], [ 11.7597595, 48.3461905 ], [ 11.7601592, 48.3467096 ], [ 11.7621071, 48.3471802 ], [ 11.7639635, 48.3476112 ], [ 11.7639203, 48.3477677 ], [ 11.7637414, 48.3483519 ], [ 11.7636716, 48.3486901 ], [ 11.7636452, 48.3488184 ], [ 11.7636513, 48.3488471 ], [ 11.7638055, 48.3495593 ], [ 11.7638511, 48.3497699 ], [ 11.7640089, 48.349778 ], [ 11.7660644, 48.3499128 ], [ 11.7659769, 48.3505869 ], [ 11.7659667, 48.35066 ], [ 11.7664007, 48.3507776 ], [ 11.7672868, 48.3510177 ], [ 11.7680848, 48.3512478 ], [ 11.7689528, 48.3514917 ], [ 11.7694346, 48.3516214 ], [ 11.769538, 48.3516523 ], [ 11.769896, 48.3517592 ], [ 11.7700597, 48.3518142 ], [ 11.7708313, 48.3520736 ], [ 11.7726692, 48.3527517 ], [ 11.7734844, 48.353056 ], [ 11.7743689, 48.353281 ], [ 11.7752618, 48.3534976 ], [ 11.7763017, 48.3537498 ], [ 11.7776452, 48.3540724 ], [ 11.7798533, 48.3543586 ], [ 11.7791149, 48.3577814 ], [ 11.7798699, 48.3581223 ], [ 11.7804445, 48.3583818 ], [ 11.7805864, 48.3584458 ], [ 11.7807364, 48.3585135 ], [ 11.7809975, 48.3586316 ], [ 11.7809617, 48.358691 ], [ 11.780879, 48.3588284 ], [ 11.7810715, 48.3589376 ], [ 11.7811941, 48.359001 ], [ 11.781719, 48.3592251 ], [ 11.7823335, 48.3593936 ], [ 11.7825228, 48.3595107 ], [ 11.7827597, 48.3596573 ], [ 11.7836885, 48.3602252 ], [ 11.783752, 48.3602642 ], [ 11.7848837, 48.3607608 ], [ 11.7850139, 48.36084 ], [ 11.7860621, 48.3614976 ], [ 11.7865003, 48.3617726 ], [ 11.7901039, 48.3645232 ], [ 11.7919458, 48.3660778 ], [ 11.7891859, 48.3668581 ], [ 11.7888074, 48.3669571 ], [ 11.7883662, 48.3670845 ], [ 11.7878266, 48.3672395 ], [ 11.785535, 48.3677918 ], [ 11.7862015, 48.368695 ], [ 11.7864002, 48.3689643 ], [ 11.7881975, 48.3711381 ], [ 11.7882908, 48.3712502 ], [ 11.7881612, 48.3713024 ], [ 11.7879746, 48.3714 ], [ 11.7879491, 48.3714193 ], [ 11.7878515, 48.3715279 ], [ 11.7878072, 48.3716125 ], [ 11.7877847, 48.3716557 ], [ 11.7877082, 48.371953 ], [ 11.7866889, 48.3724659 ], [ 11.7851167, 48.3732569 ], [ 11.7845434, 48.3735619 ], [ 11.7845319, 48.3736219 ], [ 11.7844954, 48.3738123 ], [ 11.7844826, 48.3738725 ], [ 11.7844624, 48.37395 ], [ 11.784306, 48.3739742 ], [ 11.7841513, 48.3739422 ], [ 11.7835509, 48.3739125 ], [ 11.7834119, 48.3739294 ], [ 11.7832623, 48.3739693 ], [ 11.7830387, 48.3741226 ], [ 11.7829156, 48.3741898 ], [ 11.7827631, 48.3742729 ], [ 11.7827269, 48.3742853 ], [ 11.7825888, 48.3743093 ], [ 11.782543, 48.3743094 ], [ 11.7823533, 48.3742769 ], [ 11.7822472, 48.3742933 ], [ 11.7821357, 48.3743811 ], [ 11.7819009, 48.3745118 ], [ 11.7816427, 48.3746161 ], [ 11.779082, 48.3754909 ], [ 11.7781685, 48.3757719 ], [ 11.7778726, 48.3758399 ], [ 11.7777163, 48.3760057 ], [ 11.7775475, 48.3761811 ], [ 11.777762, 48.3762857 ], [ 11.7778349, 48.3763532 ], [ 11.77817, 48.3765454 ], [ 11.7784546, 48.3766914 ], [ 11.7785852, 48.376778 ], [ 11.7785792, 48.3769492 ], [ 11.7785688, 48.3770731 ], [ 11.7787618, 48.3772023 ], [ 11.778982, 48.3772987 ], [ 11.7791693, 48.377423 ], [ 11.7792762, 48.3777729 ], [ 11.7793502, 48.3778205 ], [ 11.7794452, 48.3778817 ], [ 11.7795182, 48.3779663 ], [ 11.7796166, 48.3780467 ], [ 11.7802065, 48.3784305 ], [ 11.7804916, 48.3786349 ], [ 11.7805939, 48.3787082 ], [ 11.7807448, 48.3787999 ], [ 11.7809833, 48.3789208 ], [ 11.7812161, 48.3790335 ], [ 11.7812776, 48.3790788 ], [ 11.7813507, 48.3791081 ], [ 11.7813203, 48.379176 ], [ 11.781249, 48.3793329 ], [ 11.7808692, 48.379737 ], [ 11.7806903, 48.3800778 ], [ 11.7807085, 48.3804809 ], [ 11.7808255, 48.3809929 ], [ 11.7811432, 48.3811856 ], [ 11.7813743, 48.3812802 ], [ 11.7817645, 48.38144 ], [ 11.7824453, 48.381721 ], [ 11.7826959, 48.3818248 ], [ 11.7828652, 48.3818948 ], [ 11.7844242, 48.382439 ], [ 11.7842389, 48.3829206 ], [ 11.7834611, 48.3833032 ], [ 11.7832599, 48.3836847 ], [ 11.7832278, 48.3837648 ], [ 11.7831806, 48.3838826 ], [ 11.7821695, 48.3850121 ], [ 11.7820898, 48.3851033 ], [ 11.7835184, 48.3852138 ], [ 11.7835823, 48.3864006 ], [ 11.7835973, 48.3868812 ], [ 11.7836147, 48.3872484 ], [ 11.7821214, 48.3875009 ], [ 11.7819728, 48.3875276 ], [ 11.7820349, 48.3876189 ], [ 11.7821657, 48.3877627 ], [ 11.7823071, 48.3878784 ], [ 11.7825007, 48.3880012 ], [ 11.782742, 48.3881242 ], [ 11.7830191, 48.3882468 ], [ 11.7829638, 48.3883492 ], [ 11.7829298, 48.3884081 ], [ 11.7828992, 48.3884677 ], [ 11.7828203, 48.3886214 ], [ 11.781366, 48.388316 ], [ 11.7813021, 48.3886854 ], [ 11.7809167, 48.389154 ], [ 11.7807947, 48.3893023 ], [ 11.7804684, 48.3893787 ], [ 11.7802974, 48.389569 ], [ 11.7801395, 48.3895809 ], [ 11.779127, 48.3896307 ], [ 11.7786868, 48.3896524 ], [ 11.7786874, 48.3897123 ], [ 11.7786875, 48.3898703 ], [ 11.7786831, 48.3900148 ], [ 11.7788498, 48.3907939 ], [ 11.7790466, 48.3910515 ], [ 11.7791601, 48.3911025 ], [ 11.7796804, 48.3913362 ], [ 11.7801772, 48.3914274 ], [ 11.7812985, 48.3916069 ], [ 11.7817745, 48.3921905 ], [ 11.7825817, 48.3923618 ], [ 11.784586, 48.3925408 ], [ 11.7850974, 48.3925864 ], [ 11.7858479, 48.3926097 ], [ 11.7863864, 48.3926647 ], [ 11.7866679, 48.3926143 ], [ 11.7868307, 48.3926078 ], [ 11.7871636, 48.3926547 ], [ 11.7880492, 48.3929494 ], [ 11.7884174, 48.3930436 ], [ 11.7887807, 48.3931571 ], [ 11.7888666, 48.3931782 ], [ 11.7892219, 48.3932651 ], [ 11.7894419, 48.3937129 ], [ 11.7897777, 48.3941188 ], [ 11.7895411, 48.3946296 ], [ 11.7892176, 48.394537 ], [ 11.7890937, 48.394509 ], [ 11.7893211, 48.3955968 ], [ 11.7894526, 48.396145 ], [ 11.7894868, 48.3962181 ], [ 11.7897075, 48.3962506 ], [ 11.7897303, 48.3963371 ], [ 11.7902051, 48.3977439 ], [ 11.7903714, 48.3983986 ], [ 11.7906274, 48.3988654 ], [ 11.7907519, 48.3990791 ], [ 11.7912017, 48.3998632 ], [ 11.7914387, 48.4004247 ], [ 11.7914608, 48.4004541 ], [ 11.7914748, 48.400483 ], [ 11.7915314, 48.400605 ], [ 11.7924642, 48.4006673 ], [ 11.7924826, 48.4007264 ], [ 11.7924973, 48.4008028 ], [ 11.7925082, 48.4009052 ], [ 11.7925143, 48.4010184 ], [ 11.7925, 48.401216 ], [ 11.7924972, 48.4012641 ], [ 11.7924767, 48.4013807 ], [ 11.7924039, 48.4016086 ], [ 11.7923196, 48.4018797 ], [ 11.7922468, 48.4020847 ], [ 11.7921772, 48.4023297 ], [ 11.7921338, 48.4024469 ], [ 11.7920776, 48.4025989 ], [ 11.7920268, 48.4027656 ], [ 11.7919921, 48.4028768 ], [ 11.7919686, 48.4029642 ], [ 11.7919608, 48.40298 ], [ 11.7919492, 48.4030127 ], [ 11.7919492, 48.4030173 ], [ 11.791894, 48.4031952 ], [ 11.7918657, 48.4032862 ], [ 11.7917264, 48.4038212 ], [ 11.7916589, 48.4040913 ], [ 11.7916534, 48.4041053 ], [ 11.7916494, 48.4041293 ], [ 11.7916091, 48.4044728 ], [ 11.7909781, 48.4044972 ], [ 11.7905847, 48.4045158 ], [ 11.7903357, 48.4045499 ], [ 11.7901191, 48.4046037 ], [ 11.7900837, 48.4046083 ], [ 11.7900861, 48.4047438 ], [ 11.7900946, 48.4051536 ], [ 11.7901201, 48.4067057 ], [ 11.7901119, 48.4069703 ], [ 11.7901259, 48.4070161 ], [ 11.7886803, 48.4077458 ], [ 11.7902362, 48.407757 ], [ 11.790318, 48.4077527 ], [ 11.7905232, 48.4077421 ], [ 11.7906209, 48.4077419 ], [ 11.7906166, 48.4078848 ], [ 11.7906076, 48.4079486 ], [ 11.7905986, 48.4080459 ], [ 11.7905749, 48.4082934 ], [ 11.7905634, 48.4084127 ], [ 11.7904062, 48.4096614 ], [ 11.7903821, 48.4097232 ], [ 11.7902434, 48.4097105 ], [ 11.7901588, 48.4097028 ], [ 11.7900034, 48.4096887 ], [ 11.789647, 48.4097253 ], [ 11.789181, 48.4097851 ], [ 11.7887479, 48.4098473 ], [ 11.7883946, 48.409912 ], [ 11.7881911, 48.4098777 ], [ 11.7880887, 48.4098141 ], [ 11.7880278, 48.4097321 ], [ 11.7880393, 48.4095964 ], [ 11.7880405, 48.4093057 ], [ 11.7880048, 48.4091555 ], [ 11.7878969, 48.4090944 ], [ 11.7877583, 48.4090291 ], [ 11.7875495, 48.4089635 ], [ 11.7870499, 48.4088282 ], [ 11.7867966, 48.4087407 ], [ 11.7866198, 48.4086575 ], [ 11.7864187, 48.4084958 ], [ 11.7863005, 48.4084247 ], [ 11.7860358, 48.4083568 ], [ 11.7859743, 48.4084004 ], [ 11.7858676, 48.4084761 ], [ 11.7855733, 48.4083947 ], [ 11.7854072, 48.408399 ], [ 11.7848769, 48.4086762 ], [ 11.7844788, 48.4094223 ], [ 11.7846152, 48.4095489 ], [ 11.7848927, 48.4098063 ], [ 11.785853, 48.4107064 ], [ 11.7863716, 48.4111625 ], [ 11.7864999, 48.4113026 ], [ 11.7863013, 48.4114057 ], [ 11.7865236, 48.4116734 ], [ 11.786663, 48.4118116 ], [ 11.7867679, 48.411715 ], [ 11.7867779, 48.411819 ], [ 11.7867012, 48.4119212 ], [ 11.7865766, 48.4119464 ], [ 11.7864873, 48.4120476 ], [ 11.7864219, 48.4121667 ], [ 11.7862884, 48.4125157 ], [ 11.7861967, 48.4127686 ], [ 11.7859758, 48.4133604 ], [ 11.7857026, 48.4133445 ], [ 11.7850458, 48.4133062 ], [ 11.7841352, 48.4133379 ], [ 11.7840505, 48.4133457 ], [ 11.7831665, 48.4134267 ], [ 11.7831768, 48.4138419 ], [ 11.7830534, 48.4146062 ], [ 11.7826617, 48.414607 ], [ 11.7826696, 48.4147449 ], [ 11.7845787, 48.4148885 ], [ 11.7847283, 48.414906 ], [ 11.7849844, 48.4149278 ], [ 11.7848607, 48.4150599 ], [ 11.7847256, 48.4151856 ], [ 11.7846418, 48.4152542 ], [ 11.7843688, 48.4154478 ], [ 11.7841035, 48.4156593 ], [ 11.7840083, 48.4157263 ], [ 11.7838321, 48.41585 ], [ 11.7836978, 48.4158497 ], [ 11.7835315, 48.4158492 ], [ 11.7832321, 48.4158485 ], [ 11.7828009, 48.4158667 ], [ 11.7826284, 48.416016 ], [ 11.7823542, 48.4161249 ], [ 11.7819386, 48.4162414 ], [ 11.7820939, 48.4164009 ], [ 11.7821805, 48.4164899 ], [ 11.782233, 48.4165439 ], [ 11.7821208, 48.4166241 ], [ 11.7820249, 48.4166702 ], [ 11.7812197, 48.4170583 ], [ 11.7812722, 48.4171242 ], [ 11.7812163, 48.4171579 ], [ 11.7807547, 48.4174379 ], [ 11.7808574, 48.4175662 ], [ 11.7811746, 48.4179777 ], [ 11.7813882, 48.4183358 ], [ 11.7809786, 48.418406 ], [ 11.78102, 48.4185171 ], [ 11.7811893, 48.4189709 ], [ 11.7813227, 48.419548 ], [ 11.7817799, 48.4196447 ], [ 11.7822589, 48.4198246 ], [ 11.7824862, 48.4199817 ], [ 11.7812958, 48.4203815 ], [ 11.7813361, 48.4204944 ], [ 11.7813606, 48.4205851 ], [ 11.7813729, 48.4206976 ], [ 11.7814043, 48.4208265 ], [ 11.78143, 48.4209311 ], [ 11.7816626, 48.4209769 ], [ 11.7819053, 48.4210151 ], [ 11.7824163, 48.4211206 ], [ 11.7826433, 48.4211791 ], [ 11.7829636, 48.4212571 ], [ 11.7830118, 48.4213281 ], [ 11.7829873, 48.4216683 ], [ 11.7849267, 48.4219051 ], [ 11.7848138, 48.4221981 ], [ 11.7847668, 48.4221958 ], [ 11.7827423, 48.4221009 ], [ 11.7825092, 48.42209 ], [ 11.7826171, 48.422494 ], [ 11.7819826, 48.422612 ], [ 11.7820379, 48.4233176 ], [ 11.7820523, 48.4234774 ], [ 11.7819855, 48.4235085 ], [ 11.7817492, 48.423633 ], [ 11.7813903, 48.423786 ], [ 11.7814254, 48.4245239 ], [ 11.7822949, 48.424616 ], [ 11.7823245, 48.424872 ], [ 11.7811803, 48.4247925 ], [ 11.7811245, 48.4238881 ], [ 11.7809882, 48.4239209 ], [ 11.7807194, 48.4239724 ], [ 11.7803649, 48.4240271 ], [ 11.7801405, 48.4240689 ], [ 11.7800981, 48.4248836 ], [ 11.7798612, 48.4249139 ], [ 11.7798015, 48.425239 ], [ 11.7795586, 48.4265445 ], [ 11.7795243, 48.4267611 ], [ 11.7792395, 48.4266621 ], [ 11.778984, 48.4265846 ], [ 11.7789549, 48.4265718 ], [ 11.7787456, 48.4264421 ], [ 11.7786211, 48.4268007 ], [ 11.776926, 48.4269403 ], [ 11.7768577, 48.426946 ], [ 11.7753817, 48.4271311 ], [ 11.7755462, 48.4281654 ], [ 11.7758166, 48.4284955 ], [ 11.7761722, 48.4299293 ], [ 11.776194, 48.4300265 ], [ 11.776261, 48.4303273 ], [ 11.7762877, 48.4303285 ], [ 11.7763126, 48.4303342 ], [ 11.7772612, 48.4302355 ], [ 11.7813982, 48.4292732 ], [ 11.7817073, 48.4298041 ], [ 11.781719, 48.4305479 ], [ 11.7824615, 48.4306057 ], [ 11.7824943, 48.4309514 ], [ 11.7825742, 48.4314119 ], [ 11.7826442, 48.4315224 ], [ 11.7827467, 48.4316883 ], [ 11.7829533, 48.4318947 ], [ 11.7832077, 48.4318288 ], [ 11.7830451, 48.4316641 ], [ 11.7832669, 48.4315888 ], [ 11.783926, 48.4315586 ], [ 11.7839228, 48.4313822 ], [ 11.7841549, 48.4313648 ], [ 11.7847006, 48.4313624 ], [ 11.7856832, 48.4314677 ], [ 11.7865562, 48.4316788 ], [ 11.7873156, 48.4315801 ], [ 11.787421, 48.430949 ], [ 11.7880712, 48.4310546 ], [ 11.7880096, 48.4316947 ], [ 11.788245, 48.4324405 ], [ 11.7884567, 48.4331816 ], [ 11.7873133, 48.4334642 ], [ 11.78746, 48.4342033 ], [ 11.7875395, 48.4345829 ], [ 11.787777, 48.4352583 ], [ 11.7878401, 48.4354381 ], [ 11.7866145, 48.4356471 ], [ 11.7866376, 48.4367079 ], [ 11.7867372, 48.436964 ], [ 11.7867749, 48.4370609 ], [ 11.786194, 48.4371362 ], [ 11.7869545, 48.4378951 ], [ 11.7872852, 48.4375871 ], [ 11.7874293, 48.437513 ], [ 11.7875697, 48.4374803 ], [ 11.7876333, 48.4375665 ], [ 11.7881128, 48.4382149 ], [ 11.7880201, 48.4385344 ], [ 11.7882097, 48.4390021 ], [ 11.7883747, 48.439049 ], [ 11.7883206, 48.4391374 ], [ 11.7883071, 48.439234 ], [ 11.7883157, 48.4392701 ], [ 11.7883343, 48.4393114 ], [ 11.7883434, 48.4393525 ], [ 11.7883607, 48.4394696 ], [ 11.7882544, 48.4394631 ], [ 11.788076, 48.4394817 ], [ 11.7879745, 48.4394999 ], [ 11.7879259, 48.4395711 ], [ 11.7879105, 48.4398699 ], [ 11.787812, 48.4400584 ], [ 11.7876608, 48.4400047 ], [ 11.7873896, 48.4399417 ], [ 11.7873616, 48.4399414 ], [ 11.7869723, 48.4399365 ], [ 11.7869093, 48.439941 ], [ 11.7867122, 48.4399721 ], [ 11.7866023, 48.439994 ], [ 11.7861395, 48.4402292 ], [ 11.7860801, 48.4402864 ], [ 11.7860445, 48.4404227 ], [ 11.7860497, 48.440429 ], [ 11.786059, 48.440429 ], [ 11.7861243, 48.4404178 ], [ 11.7861571, 48.4404159 ], [ 11.7862263, 48.4404225 ], [ 11.7862696, 48.4404266 ], [ 11.7863, 48.4404344 ], [ 11.7863272, 48.4404467 ], [ 11.7863493, 48.4404625 ], [ 11.7863655, 48.4404813 ], [ 11.7863705, 48.4404927 ], [ 11.7864141, 48.4405884 ], [ 11.7864165, 48.4406117 ], [ 11.7864106, 48.4406335 ], [ 11.7864031, 48.4406449 ], [ 11.7863351, 48.4407494 ], [ 11.7862971, 48.4407786 ], [ 11.7862723, 48.4407887 ], [ 11.7860858, 48.4408338 ], [ 11.7857346, 48.4409289 ], [ 11.7856719, 48.4409657 ], [ 11.7855184, 48.44104 ], [ 11.7854228, 48.4410748 ], [ 11.7853046, 48.4411177 ], [ 11.7852279, 48.4411388 ], [ 11.7849347, 48.4412008 ], [ 11.7848279, 48.4412482 ], [ 11.7846417, 48.441334 ], [ 11.7845924, 48.4413661 ], [ 11.7845194, 48.4414199 ], [ 11.7843481, 48.4416367 ], [ 11.7843527, 48.4416502 ], [ 11.7843757, 48.4417187 ], [ 11.7844448, 48.4418114 ], [ 11.7845201, 48.4419298 ], [ 11.7845602, 48.4420132 ], [ 11.7845697, 48.4420807 ], [ 11.784476, 48.4421055 ], [ 11.7843339, 48.4421432 ], [ 11.7842011, 48.4421881 ], [ 11.7841658, 48.4421721 ], [ 11.7839898, 48.4420923 ], [ 11.7839575, 48.4420869 ], [ 11.7838261, 48.4420421 ], [ 11.7838131, 48.4420464 ], [ 11.7836703, 48.4421554 ], [ 11.7837179, 48.4422213 ], [ 11.7838074, 48.4423453 ], [ 11.7837088, 48.4426325 ], [ 11.7834077, 48.4426973 ], [ 11.7832721, 48.4426978 ], [ 11.7832158, 48.4426975 ], [ 11.7831436, 48.4426972 ], [ 11.7827276, 48.4426999 ], [ 11.7820663, 48.4427065 ], [ 11.7819204, 48.4427081 ], [ 11.7817373, 48.4427104 ], [ 11.7810539, 48.4426005 ], [ 11.7809146, 48.442574 ], [ 11.7807241, 48.4425423 ], [ 11.7805413, 48.4425293 ], [ 11.7805182, 48.4425302 ], [ 11.7803111, 48.4425602 ], [ 11.7801501, 48.4425944 ], [ 11.7799971, 48.4426162 ], [ 11.7798605, 48.4426528 ], [ 11.7794719, 48.4427568 ], [ 11.7791746, 48.4428366 ], [ 11.7787292, 48.4429348 ], [ 11.7786032, 48.4429563 ], [ 11.7780824, 48.4430452 ], [ 11.7764187, 48.4432843 ], [ 11.775532, 48.4430462 ], [ 11.7752242, 48.4430779 ], [ 11.7747659, 48.4431624 ], [ 11.7746173, 48.4432173 ], [ 11.7745896, 48.4432355 ], [ 11.7745769, 48.4432504 ], [ 11.7744342, 48.4434901 ], [ 11.7728093, 48.4432687 ], [ 11.7726066, 48.4428895 ], [ 11.7724228, 48.4427353 ], [ 11.7721683, 48.4425217 ], [ 11.7705785, 48.4419271 ], [ 11.7704517, 48.4419444 ], [ 11.7702516, 48.4419708 ], [ 11.7698866, 48.4420259 ], [ 11.7697614, 48.4420359 ], [ 11.7692821, 48.4421123 ], [ 11.7683079, 48.4423042 ], [ 11.7681667, 48.442332 ], [ 11.7680214, 48.4423261 ], [ 11.7678977, 48.4423253 ], [ 11.7674268, 48.4423386 ], [ 11.7674148, 48.4423465 ], [ 11.767161, 48.4424686 ], [ 11.7669441, 48.4425607 ], [ 11.7660916, 48.4428284 ], [ 11.7659346, 48.4428723 ], [ 11.7656892, 48.4429317 ], [ 11.7655865, 48.4429506 ], [ 11.7652159, 48.4429984 ], [ 11.7647412, 48.4430088 ], [ 11.7644002, 48.442962 ], [ 11.7641893, 48.4429058 ], [ 11.7633776, 48.4428702 ], [ 11.7632732, 48.4428693 ], [ 11.7631346, 48.4428815 ], [ 11.7630987, 48.4428829 ], [ 11.7630385, 48.4429361 ], [ 11.7629637, 48.4430014 ], [ 11.7629341, 48.4430379 ], [ 11.762892, 48.4431044 ], [ 11.762842, 48.443135 ], [ 11.7627924, 48.4431544 ], [ 11.7627379, 48.4431682 ], [ 11.7626475, 48.4431722 ], [ 11.76256, 48.4431633 ], [ 11.7624171, 48.4431428 ], [ 11.7622493, 48.4431186 ], [ 11.7621529, 48.4431103 ], [ 11.761695, 48.4430735 ], [ 11.7616694, 48.4430747 ], [ 11.7616446, 48.4430792 ], [ 11.760873, 48.4433319 ], [ 11.7607952, 48.4433466 ], [ 11.7605181, 48.4433315 ], [ 11.7575627, 48.4431717 ], [ 11.7570077, 48.4429247 ], [ 11.7561182, 48.4425288 ], [ 11.7557738, 48.4425248 ], [ 11.7549671, 48.4425243 ], [ 11.7549206, 48.4425242 ], [ 11.754778, 48.4425116 ], [ 11.7547254, 48.4425412 ], [ 11.754569, 48.4426278 ], [ 11.7541392, 48.4428709 ], [ 11.7536404, 48.4431749 ], [ 11.7534872, 48.4432681 ], [ 11.7524706, 48.4437983 ], [ 11.7513912, 48.444063 ], [ 11.7498341, 48.4444447 ], [ 11.7492389, 48.4445963 ], [ 11.7491143, 48.4446253 ], [ 11.7474315, 48.4450168 ], [ 11.747202, 48.4450778 ], [ 11.7471537, 48.4450783 ], [ 11.7469036, 48.4450805 ], [ 11.7468257, 48.4450741 ], [ 11.7462407, 48.445026 ], [ 11.7457873, 48.4448725 ], [ 11.7455058, 48.4448744 ], [ 11.7449599, 48.444974 ], [ 11.7445112, 48.4451546 ], [ 11.7443448, 48.4452306 ], [ 11.7438891, 48.4454385 ], [ 11.7435751, 48.4455819 ], [ 11.7434446, 48.4456413 ], [ 11.7432937, 48.4457934 ], [ 11.7430098, 48.4459301 ], [ 11.7430205, 48.4461198 ], [ 11.7429472, 48.4461766 ], [ 11.7429182, 48.4461992 ], [ 11.7428108, 48.4462811 ], [ 11.7427395, 48.4462751 ], [ 11.7410459, 48.4462687 ], [ 11.7410136, 48.4462633 ], [ 11.7409841, 48.4462527 ], [ 11.7409505, 48.446229 ], [ 11.7409412, 48.4462195 ], [ 11.7408908, 48.4461191 ], [ 11.7408692, 48.4457351 ], [ 11.7408588, 48.4456439 ], [ 11.7408501, 48.4455841 ], [ 11.7408435, 48.4455391 ], [ 11.7407923, 48.4453911 ], [ 11.7407141, 48.4452358 ], [ 11.740376, 48.444565 ], [ 11.7382185, 48.4446433 ], [ 11.7382378, 48.444691 ], [ 11.7382707, 48.4447718 ], [ 11.738473, 48.445239 ], [ 11.7386022, 48.4455858 ], [ 11.7386413, 48.4456818 ], [ 11.7386593, 48.4457513 ], [ 11.7376228, 48.4458019 ], [ 11.7369614, 48.4459644 ], [ 11.7359731, 48.4461719 ], [ 11.7352471, 48.4461634 ], [ 11.7352203, 48.4461663 ], [ 11.7351927, 48.4461684 ], [ 11.7350197, 48.4461607 ], [ 11.7346236, 48.4461351 ], [ 11.7345716, 48.4461318 ], [ 11.7341238, 48.4460766 ], [ 11.7334861, 48.4460557 ], [ 11.7332917, 48.4460668 ], [ 11.7332206, 48.4455899 ], [ 11.7331988, 48.445437 ], [ 11.7313403, 48.4455912 ], [ 11.7314346, 48.4459694 ], [ 11.7314692, 48.4461998 ], [ 11.7314879, 48.4462911 ], [ 11.7314961, 48.4463899 ], [ 11.7309514, 48.4465094 ], [ 11.7301456, 48.4466115 ], [ 11.7298718, 48.4466532 ], [ 11.7287692, 48.446777 ], [ 11.7277082, 48.4467668 ], [ 11.7268575, 48.446811 ], [ 11.7257161, 48.4468648 ], [ 11.7256949, 48.4468325 ], [ 11.7256263, 48.4466773 ], [ 11.7255186, 48.4464847 ], [ 11.7254918, 48.446432 ], [ 11.7252757, 48.4464176 ], [ 11.7250309, 48.44641 ], [ 11.7239749, 48.4465982 ], [ 11.7239215, 48.4465967 ], [ 11.7232457, 48.4466232 ], [ 11.7220362, 48.4466706 ], [ 11.721751, 48.4466709 ], [ 11.7217029, 48.4466679 ], [ 11.7209385, 48.4466207 ], [ 11.72079, 48.4466214 ], [ 11.7216502, 48.4479911 ], [ 11.7218002, 48.4482758 ], [ 11.7218108, 48.4482951 ], [ 11.7218196, 48.4483159 ], [ 11.7220252, 48.4487101 ], [ 11.7221991, 48.4489737 ], [ 11.7215579, 48.4489735 ], [ 11.7213387, 48.4489735 ], [ 11.7212506, 48.4489734 ], [ 11.7207007, 48.4489482 ], [ 11.7204139, 48.448935 ], [ 11.7202462, 48.4489273 ], [ 11.7191286, 48.4490313 ], [ 11.7165559, 48.4482945 ], [ 11.7153422, 48.4481261 ], [ 11.7153012, 48.4481477 ], [ 11.7150891, 48.4482444 ], [ 11.714977, 48.4482956 ], [ 11.7148423, 48.4481783 ], [ 11.7147734, 48.448129 ], [ 11.7142932, 48.4478006 ], [ 11.7128269, 48.4467179 ], [ 11.7122793, 48.4463136 ], [ 11.7122653, 48.4462971 ], [ 11.7122077, 48.4463022 ], [ 11.7109832, 48.4463999 ], [ 11.7104154, 48.4464455 ], [ 11.7099271, 48.4464847 ], [ 11.7089115, 48.4465663 ], [ 11.7080561, 48.4466348 ], [ 11.7077345, 48.4466607 ], [ 11.7034763, 48.4469199 ], [ 11.7031705, 48.4469479 ], [ 11.7033384, 48.4460484 ], [ 11.7033667, 48.4457996 ], [ 11.7034087, 48.4456074 ], [ 11.7034771, 48.4452822 ], [ 11.7039667, 48.4429543 ], [ 11.7038598, 48.4429788 ], [ 11.7035667, 48.4430646 ], [ 11.7035637, 48.4430485 ], [ 11.703604, 48.4428616 ], [ 11.7036114, 48.4428229 ], [ 11.7035749, 48.4426429 ], [ 11.703571, 48.4426147 ], [ 11.7035656, 48.4425969 ], [ 11.70356, 48.4425881 ], [ 11.7035077, 48.4424605 ], [ 11.7034538, 48.4423674 ], [ 11.7034353, 48.4423167 ], [ 11.703387, 48.4422113 ], [ 11.7033755, 48.4421509 ], [ 11.7033804, 48.4421231 ], [ 11.7034995, 48.4420015 ], [ 11.7035745, 48.4419295 ], [ 11.7036846, 48.4418515 ], [ 11.7037065, 48.4418281 ], [ 11.7038295, 48.4416132 ], [ 11.7038729, 48.4414784 ], [ 11.7039212, 48.4413607 ], [ 11.7039596, 48.4412855 ], [ 11.704021, 48.4412314 ], [ 11.7040094, 48.4410615 ], [ 11.7041246, 48.4407709 ], [ 11.7041901, 48.4403751 ], [ 11.7042741, 48.4400932 ], [ 11.7045407, 48.4397417 ], [ 11.7045573, 48.4396584 ], [ 11.7045638, 48.4395611 ], [ 11.7045568, 48.4394037 ], [ 11.7044356, 48.4389783 ], [ 11.7043891, 48.4388965 ], [ 11.7043116, 48.4388029 ], [ 11.7041148, 48.4386745 ], [ 11.7039549, 48.4386021 ], [ 11.7037777, 48.4385417 ], [ 11.7030974, 48.4383722 ], [ 11.7029639, 48.4383305 ], [ 11.702796, 48.4382518 ], [ 11.7026104, 48.438127 ], [ 11.7024282, 48.4379952 ], [ 11.7022744, 48.4379605 ], [ 11.7021411, 48.437951 ], [ 11.7019366, 48.4379509 ], [ 11.7019288, 48.4379513 ], [ 11.7018387, 48.4379554 ], [ 11.7018287, 48.4377977 ], [ 11.7018398, 48.4377915 ], [ 11.7020307, 48.4376474 ], [ 11.702416, 48.4373323 ], [ 11.7026021, 48.4371531 ], [ 11.7027182, 48.4370218 ], [ 11.7027813, 48.4369312 ], [ 11.7028613, 48.4368004 ], [ 11.7026319, 48.4367406 ], [ 11.7024054, 48.4366669 ], [ 11.7024363, 48.4365734 ], [ 11.7024999, 48.4364514 ], [ 11.7025487, 48.4363448 ], [ 11.7025915, 48.436282 ], [ 11.7026952, 48.4360322 ], [ 11.7031921, 48.4350103 ], [ 11.7030422, 48.4346756 ], [ 11.7032413, 48.4342329 ], [ 11.7032961, 48.4339334 ], [ 11.7033379, 48.433705 ], [ 11.7035441, 48.4335824 ], [ 11.7037053, 48.4334866 ], [ 11.7041988, 48.4335595 ], [ 11.7048179, 48.4336509 ], [ 11.7059075, 48.433604 ], [ 11.7058719, 48.4335313 ], [ 11.7058676, 48.4335077 ], [ 11.7058835, 48.4333871 ], [ 11.7061164, 48.4328069 ], [ 11.7061385, 48.4327201 ], [ 11.7061437, 48.4326236 ], [ 11.7061348, 48.4325476 ], [ 11.7060945, 48.4323882 ], [ 11.7060653, 48.4322271 ], [ 11.7060697, 48.432036 ], [ 11.7060806, 48.4319283 ], [ 11.7061229, 48.431829 ], [ 11.7059974, 48.4317609 ], [ 11.7046114, 48.4311458 ], [ 11.7044209, 48.4311356 ], [ 11.7042165, 48.4311147 ], [ 11.7040271, 48.4309989 ], [ 11.7038546, 48.4308918 ], [ 11.7035705, 48.4308401 ], [ 11.7037487, 48.4300254 ], [ 11.7037884, 48.4298441 ], [ 11.7030073, 48.4293871 ], [ 11.7027136, 48.4290245 ], [ 11.7027699, 48.4284989 ], [ 11.7027813, 48.4277961 ], [ 11.702504, 48.427601 ], [ 11.7019915, 48.4276423 ], [ 11.7013539, 48.4273776 ], [ 11.7013366, 48.4273802 ], [ 11.7008686, 48.4274483 ], [ 11.7007842, 48.4274138 ], [ 11.6999409, 48.4275744 ], [ 11.6996352, 48.4273729 ], [ 11.69959, 48.427341 ], [ 11.7000185, 48.4268631 ], [ 11.7002347, 48.4266632 ], [ 11.7002366, 48.4266597 ], [ 11.7002763, 48.4266314 ], [ 11.7003921, 48.4265488 ], [ 11.7005408, 48.4264642 ], [ 11.7006965, 48.4263694 ], [ 11.7011977, 48.4260724 ], [ 11.7014703, 48.4258986 ], [ 11.7016133, 48.4258074 ], [ 11.701828, 48.4256978 ], [ 11.7023176, 48.4254465 ], [ 11.7023666, 48.4255016 ], [ 11.7024481, 48.4256027 ], [ 11.7027186, 48.425592 ], [ 11.7025199, 48.4253581 ], [ 11.7023374, 48.4252076 ], [ 11.7020649, 48.4249552 ], [ 11.7019277, 48.4247734 ], [ 11.6995166, 48.4214725 ], [ 11.6991194, 48.4209483 ], [ 11.6981614, 48.4197226 ], [ 11.6977818, 48.4193099 ], [ 11.6976714, 48.4191898 ], [ 11.6950489, 48.4157108 ], [ 11.6948025, 48.4153785 ], [ 11.694798, 48.4153705 ], [ 11.6947843, 48.4153324 ], [ 11.6947353, 48.4152077 ], [ 11.6946642, 48.4150024 ], [ 11.6946389, 48.4148483 ], [ 11.6946101, 48.4147035 ], [ 11.6946203, 48.4146357 ], [ 11.6942074, 48.4140715 ], [ 11.6937574, 48.4134916 ], [ 11.6922967, 48.4115923 ], [ 11.6918323, 48.4110531 ], [ 11.6915297, 48.4105488 ], [ 11.6911008, 48.4099405 ], [ 11.6908981, 48.4096575 ], [ 11.6908047, 48.4093127 ], [ 11.6905943, 48.4093516 ], [ 11.6897906, 48.4094702 ], [ 11.689181, 48.4095489 ], [ 11.6886823, 48.409619 ], [ 11.6884523, 48.4096566 ], [ 11.6881784, 48.4097127 ], [ 11.6875329, 48.4098788 ], [ 11.6871947, 48.4099796 ], [ 11.6870037, 48.4100432 ], [ 11.6868958, 48.410081 ], [ 11.6863828, 48.4102871 ], [ 11.6859725, 48.4104747 ], [ 11.6855328, 48.410694 ], [ 11.6843909, 48.4113324 ], [ 11.6832911, 48.4119088 ], [ 11.6828272, 48.4121614 ], [ 11.6826731, 48.4122453 ], [ 11.6825327, 48.4123216 ], [ 11.6824136, 48.4123761 ], [ 11.6824089, 48.4123794 ], [ 11.6823663, 48.4123977 ], [ 11.6823595, 48.4123993 ], [ 11.682238, 48.4124484 ], [ 11.681953, 48.4125563 ], [ 11.6816702, 48.4126522 ], [ 11.6815552, 48.4126861 ], [ 11.6813909, 48.4127311 ], [ 11.681395, 48.4127177 ], [ 11.6814854, 48.4125284 ], [ 11.6814756, 48.4123424 ], [ 11.6814774, 48.4122889 ], [ 11.6812198, 48.4120712 ], [ 11.6812075, 48.4120259 ], [ 11.6812063, 48.4119429 ], [ 11.6813533, 48.4119234 ], [ 11.681538, 48.4117701 ], [ 11.6818766, 48.4116516 ], [ 11.6822759, 48.4115275 ], [ 11.6826595, 48.4114304 ], [ 11.6828281, 48.4113901 ], [ 11.6829915, 48.4113342 ], [ 11.6832928, 48.4111963 ], [ 11.6835615, 48.4110766 ], [ 11.6838262, 48.4109307 ], [ 11.6839399, 48.4108734 ], [ 11.6841665, 48.4107591 ], [ 11.6842977, 48.4104436 ], [ 11.6846273, 48.4102857 ], [ 11.684481, 48.4101788 ], [ 11.6843364, 48.4100838 ], [ 11.6834818, 48.4089649 ], [ 11.6834353, 48.4085989 ], [ 11.6834061, 48.4084334 ], [ 11.683497, 48.4077559 ], [ 11.6834227, 48.4069738 ], [ 11.6834721, 48.4063075 ], [ 11.6835274, 48.4058716 ], [ 11.6827288, 48.4059847 ], [ 11.681976, 48.4060177 ], [ 11.6807751, 48.4060507 ], [ 11.6800076, 48.4060285 ], [ 11.6797369, 48.4059927 ], [ 11.6793312, 48.4058613 ], [ 11.6774099, 48.4056005 ], [ 11.6764918, 48.4054297 ], [ 11.6754072, 48.4049565 ], [ 11.6753783, 48.404941 ], [ 11.6748132, 48.4049494 ], [ 11.6746255, 48.4049508 ], [ 11.6737669, 48.4049736 ], [ 11.6737167, 48.4049804 ], [ 11.6731869, 48.4051153 ], [ 11.6728106, 48.4051293 ], [ 11.6728128, 48.405047 ], [ 11.6727948, 48.4046607 ], [ 11.6729008, 48.4044716 ], [ 11.6727146, 48.4041003 ], [ 11.6723695, 48.4034122 ], [ 11.6723518, 48.4033769 ], [ 11.6722238, 48.4033739 ], [ 11.6719381, 48.4033829 ], [ 11.6717774, 48.4033945 ], [ 11.671308, 48.4034186 ], [ 11.6696598, 48.4038967 ], [ 11.6690969, 48.4041742 ], [ 11.6688293, 48.4041321 ], [ 11.6685481, 48.4040877 ], [ 11.668254, 48.404125 ], [ 11.6677168, 48.4043415 ], [ 11.667546, 48.4045889 ], [ 11.6670771, 48.4051505 ], [ 11.6665228, 48.4048279 ], [ 11.665268, 48.4038289 ], [ 11.6648982, 48.4035112 ], [ 11.6646247, 48.4032966 ], [ 11.6645536, 48.4032393 ], [ 11.6641998, 48.4030685 ], [ 11.6637702, 48.4027298 ], [ 11.6636273, 48.4024954 ], [ 11.6623477, 48.4025306 ], [ 11.6622286, 48.4023891 ], [ 11.6620649, 48.4021172 ], [ 11.6617333, 48.4014465 ], [ 11.6612826, 48.4004225 ], [ 11.6612042, 48.4003134 ], [ 11.6611189, 48.4002461 ], [ 11.6610936, 48.4001899 ], [ 11.661099, 48.4001383 ], [ 11.6611402, 48.4000009 ], [ 11.6611674, 48.3999506 ], [ 11.6611745, 48.3998842 ], [ 11.6610977, 48.3997094 ], [ 11.6611701, 48.3996522 ], [ 11.6614051, 48.3995589 ], [ 11.661567, 48.399462 ], [ 11.6618225, 48.3992785 ], [ 11.6621367, 48.3990579 ], [ 11.662254, 48.3990197 ], [ 11.6626311, 48.3989882 ], [ 11.6629053, 48.3989952 ], [ 11.6635498, 48.3989867 ], [ 11.6640571, 48.3989962 ], [ 11.6646013, 48.3989647 ], [ 11.6646279, 48.398798 ], [ 11.6646674, 48.3986574 ], [ 11.6645867, 48.3985132 ], [ 11.6643463, 48.3981752 ], [ 11.6643061, 48.3979347 ], [ 11.6637116, 48.3976613 ], [ 11.6633575, 48.3974478 ], [ 11.6631027, 48.3972207 ], [ 11.6625212, 48.3970622 ], [ 11.6623913, 48.3970048 ], [ 11.662345, 48.3970605 ], [ 11.6620435, 48.3972914 ], [ 11.6620177, 48.397304 ], [ 11.6618905, 48.3973408 ], [ 11.6609342, 48.397574 ], [ 11.6608697, 48.3977022 ], [ 11.6607224, 48.3979945 ], [ 11.6605561, 48.3980184 ], [ 11.6603034, 48.398053 ], [ 11.660229, 48.3981048 ], [ 11.6598314, 48.3982944 ], [ 11.6597145, 48.398871 ], [ 11.6597969, 48.3990594 ], [ 11.6597529, 48.3993018 ], [ 11.6597741, 48.3993822 ], [ 11.6597608, 48.3994327 ], [ 11.6597026, 48.3994689 ], [ 11.6596511, 48.3994686 ], [ 11.6595582, 48.3994497 ], [ 11.6594857, 48.3994194 ], [ 11.6593686, 48.3993842 ], [ 11.6591278, 48.3993322 ], [ 11.6589147, 48.3993102 ], [ 11.6586753, 48.3993082 ], [ 11.6585317, 48.3993071 ], [ 11.6584903, 48.3993819 ], [ 11.6584248, 48.3994778 ], [ 11.6583546, 48.3995806 ], [ 11.658379, 48.3996207 ], [ 11.658381, 48.3997069 ], [ 11.6584403, 48.3998495 ], [ 11.6584644, 48.4000642 ], [ 11.6584572, 48.4002033 ], [ 11.6584614, 48.4002214 ], [ 11.6584706, 48.4002386 ], [ 11.6585386, 48.4003161 ], [ 11.6586833, 48.4004413 ], [ 11.6591181, 48.400841 ], [ 11.659074, 48.4009452 ], [ 11.6590301, 48.4010492 ], [ 11.6589355, 48.4010624 ], [ 11.6588035, 48.4010682 ], [ 11.6585631, 48.4011588 ], [ 11.658456, 48.4011905 ], [ 11.6584227, 48.4011946 ], [ 11.6583887, 48.4011932 ], [ 11.6580169, 48.4011629 ], [ 11.6577801, 48.4011935 ], [ 11.657612, 48.4012384 ], [ 11.6574956, 48.4012881 ], [ 11.6572413, 48.4014226 ], [ 11.6571081, 48.4015466 ], [ 11.6569389, 48.4016463 ], [ 11.6567261, 48.4017891 ], [ 11.6564445, 48.4019642 ], [ 11.6561042, 48.4021471 ], [ 11.6559898, 48.4022087 ], [ 11.655984, 48.4022512 ], [ 11.6559993, 48.402393 ], [ 11.656037, 48.4024826 ], [ 11.6560188, 48.4025387 ], [ 11.6559501, 48.4025825 ], [ 11.6555354, 48.4027384 ], [ 11.6551483, 48.4029207 ], [ 11.654897, 48.4030924 ], [ 11.6547862, 48.4032028 ], [ 11.6547132, 48.4032375 ], [ 11.6546163, 48.403261 ], [ 11.6542984, 48.4032965 ], [ 11.6526874, 48.4032912 ], [ 11.6525877, 48.4032909 ], [ 11.6519309, 48.4033919 ], [ 11.6515297, 48.403425 ], [ 11.6513518, 48.4034297 ], [ 11.6514587, 48.4032674 ], [ 11.6515039, 48.4030713 ], [ 11.6514943, 48.4029307 ], [ 11.6513425, 48.402722 ], [ 11.651082, 48.4025032 ], [ 11.650864, 48.4023455 ], [ 11.6499386, 48.4016221 ], [ 11.6498768, 48.4015688 ], [ 11.6495018, 48.401248 ], [ 11.6492405, 48.4009371 ], [ 11.649085, 48.4006571 ], [ 11.6490628, 48.4006168 ], [ 11.6488874, 48.400255 ], [ 11.6491192, 48.399799 ], [ 11.6492255, 48.3995364 ], [ 11.6492726, 48.3993792 ], [ 11.6496689, 48.3990996 ], [ 11.6497338, 48.3990657 ], [ 11.6497415, 48.3990341 ], [ 11.6497222, 48.3990101 ], [ 11.6496642, 48.398969 ], [ 11.649544, 48.3988806 ], [ 11.6494943, 48.3988838 ], [ 11.6494526, 48.398878 ], [ 11.6494169, 48.3988615 ], [ 11.6493569, 48.3988091 ], [ 11.6492433, 48.3987295 ], [ 11.6490558, 48.3986384 ], [ 11.6485226, 48.398444 ], [ 11.6483253, 48.398367 ], [ 11.6482489, 48.3983139 ], [ 11.6479225, 48.3980988 ], [ 11.6459753, 48.3943819 ], [ 11.6449884, 48.3945719 ], [ 11.643137, 48.3945683 ], [ 11.6413736, 48.3945784 ], [ 11.641272, 48.3945683 ], [ 11.6409579, 48.3945372 ], [ 11.6410056, 48.3944439 ], [ 11.6410532, 48.3943508 ], [ 11.6412372, 48.3943701 ], [ 11.6415262, 48.3923076 ], [ 11.6404507, 48.3923694 ] ] ] } },
{ "type": "Feature", "properties": { "bbox_west": 11.7311725, "bbox_south": 48.1396804, "bbox_east": 12.255264, "bbox_north": 48.4547937, "place_id": 117638710, "osm_type": "relation", "osm_id": 62356, "lat": 48.2972439, "lon": 12.0080635, "class": "boundary", "type": "administrative", "place_rank": 12, "importance": 0.56162394897850754, "addresstype": "county", "name": "Landkreis Erding", "display_name": "Landkreis Erding, Bavaria, Germany", "place_name": "Erding, Bavaria, Germany" }, "geometry": { "type": "Polygon", "coordinates": [ [ [ 11.7311725, 48.2892119 ], [ 11.7312158, 48.2891413 ], [ 11.731531, 48.2888633 ], [ 11.7321378, 48.2883544 ], [ 11.7330818, 48.287548 ], [ 11.7335243, 48.2871618 ], [ 11.7345762, 48.2861898 ], [ 11.7351243, 48.2857664 ], [ 11.7355006, 48.2854756 ], [ 11.7359778, 48.2851071 ], [ 11.7366239, 48.2844992 ], [ 11.7367099, 48.2843696 ], [ 11.7368212, 48.2842016 ], [ 11.7369711, 48.2838645 ], [ 11.7371788, 48.2821263 ], [ 11.7371932, 48.2819862 ], [ 11.7373373, 48.2805011 ], [ 11.7374231, 48.2799462 ], [ 11.7376369, 48.2789162 ], [ 11.7378234, 48.2782321 ], [ 11.7379021, 48.2779431 ], [ 11.7379741, 48.2776795 ], [ 11.7381306, 48.2772966 ], [ 11.7382678, 48.2769608 ], [ 11.7383179, 48.2767609 ], [ 11.7383284, 48.2765251 ], [ 11.7382514, 48.2764405 ], [ 11.7381125, 48.2763815 ], [ 11.7380859, 48.2763537 ], [ 11.7380844, 48.2762925 ], [ 11.7381706, 48.2761422 ], [ 11.7387412, 48.2750464 ], [ 11.7388628, 48.2749036 ], [ 11.7417782, 48.2716406 ], [ 11.7419245, 48.2714771 ], [ 11.7420745, 48.2713646 ], [ 11.7421769, 48.2712955 ], [ 11.7422448, 48.2712921 ], [ 11.7423263, 48.2712933 ], [ 11.7424616, 48.2713261 ], [ 11.7426105, 48.2713768 ], [ 11.7427929, 48.2714631 ], [ 11.7428404, 48.2714903 ], [ 11.7428849, 48.2714528 ], [ 11.7445815, 48.2699055 ], [ 11.7446077, 48.2698816 ], [ 11.74474, 48.2697447 ], [ 11.744905, 48.269595 ], [ 11.7452564, 48.2692689 ], [ 11.7453476, 48.2691649 ], [ 11.7454532, 48.2690296 ], [ 11.7455883, 48.2687279 ], [ 11.7463659, 48.2669312 ], [ 11.7465605, 48.2665248 ], [ 11.746688, 48.266296 ], [ 11.7468052, 48.2660972 ], [ 11.7468239, 48.2660673 ], [ 11.7468845, 48.2659945 ], [ 11.748459, 48.2647133 ], [ 11.7487023, 48.264511 ], [ 11.7488393, 48.2644139 ], [ 11.7489971, 48.2642965 ], [ 11.7494081, 48.2639991 ], [ 11.7496005, 48.2638703 ], [ 11.7497849, 48.2637932 ], [ 11.7500223, 48.2637342 ], [ 11.750287, 48.2637023 ], [ 11.7505519, 48.2636975 ], [ 11.7511885, 48.2637238 ], [ 11.7515328, 48.2636966 ], [ 11.7516932, 48.263617 ], [ 11.7518207, 48.2634894 ], [ 11.7523463, 48.2629763 ], [ 11.7550623, 48.2602283 ], [ 11.7554809, 48.2596316 ], [ 11.7557055, 48.2591996 ], [ 11.7557826, 48.2590513 ], [ 11.7558713, 48.2588253 ], [ 11.7560834, 48.2581677 ], [ 11.7561047, 48.2581121 ], [ 11.7561118, 48.2580817 ], [ 11.7561214, 48.2580166 ], [ 11.756192, 48.2580187 ], [ 11.7563185, 48.2580239 ], [ 11.7564285, 48.2580319 ], [ 11.757005, 48.25804 ], [ 11.7570838, 48.2580426 ], [ 11.7571617, 48.2580451 ], [ 11.7572349, 48.2579032 ], [ 11.7587146, 48.255686 ], [ 11.7589645, 48.2553738 ], [ 11.7593036, 48.2551222 ], [ 11.7593527, 48.2550948 ], [ 11.7594139, 48.2550605 ], [ 11.759575, 48.2550024 ], [ 11.7596311, 48.2548458 ], [ 11.7596716, 48.2547328 ], [ 11.7597308, 48.2545832 ], [ 11.7597758, 48.2543733 ], [ 11.7598089, 48.2540119 ], [ 11.7597818, 48.2537532 ], [ 11.7589372, 48.2516809 ], [ 11.7587449, 48.2512094 ], [ 11.7586865, 48.2511279 ], [ 11.7585599, 48.2509511 ], [ 11.7584356, 48.2507994 ], [ 11.7582519, 48.2505755 ], [ 11.7582205, 48.2505519 ], [ 11.7581815, 48.2505334 ], [ 11.7579396, 48.2504654 ], [ 11.7578818, 48.2503242 ], [ 11.7578089, 48.2502112 ], [ 11.757102, 48.2491067 ], [ 11.7569694, 48.2489011 ], [ 11.7566469, 48.2484005 ], [ 11.7565478, 48.2482469 ], [ 11.756469, 48.2481351 ], [ 11.7565403, 48.248084 ], [ 11.7564062, 48.2480459 ], [ 11.7563685, 48.2480048 ], [ 11.7556129, 48.2472801 ], [ 11.7554403, 48.2471705 ], [ 11.7552803, 48.2470688 ], [ 11.7552194, 48.2469661 ], [ 11.7551747, 48.2468453 ], [ 11.7549547, 48.2463189 ], [ 11.754596, 48.2453566 ], [ 11.7541961, 48.2442026 ], [ 11.7538495, 48.2435115 ], [ 11.7536236, 48.2430774 ], [ 11.7536844, 48.2430388 ], [ 11.7537095, 48.2430113 ], [ 11.7537225, 48.2429825 ], [ 11.7537286, 48.2429687 ], [ 11.7537303, 48.2429244 ], [ 11.7537149, 48.2428812 ], [ 11.7536882, 48.2428484 ], [ 11.7535156, 48.2427242 ], [ 11.753434, 48.2426605 ], [ 11.7532828, 48.2424008 ], [ 11.7531783, 48.2422305 ], [ 11.75308, 48.2421035 ], [ 11.7530205, 48.2420454 ], [ 11.7529907, 48.241991 ], [ 11.7529678, 48.241919 ], [ 11.7529541, 48.241861 ], [ 11.7529496, 48.241841 ], [ 11.7529055, 48.241799 ], [ 11.7528384, 48.241772 ], [ 11.7525938, 48.2416723 ], [ 11.750158, 48.2411969 ], [ 11.7498992, 48.2411437 ], [ 11.7496787, 48.2410984 ], [ 11.7496379, 48.240898 ], [ 11.7496039, 48.2407116 ], [ 11.7492476, 48.2402302 ], [ 11.749256, 48.240129 ], [ 11.749521, 48.2398147 ], [ 11.7493135, 48.239674 ], [ 11.7492296, 48.2396171 ], [ 11.7490179, 48.2394733 ], [ 11.7488989, 48.239093 ], [ 11.7487921, 48.2388709 ], [ 11.7484382, 48.2386376 ], [ 11.7483527, 48.2384719 ], [ 11.748412, 48.2380453 ], [ 11.7484202, 48.2379858 ], [ 11.748278, 48.2375089 ], [ 11.7481244, 48.2372113 ], [ 11.7480045, 48.2369792 ], [ 11.7479744, 48.2369209 ], [ 11.7484022, 48.2368913 ], [ 11.7486236, 48.2363406 ], [ 11.7488891, 48.2356798 ], [ 11.749015, 48.2354204 ], [ 11.7491983, 48.2351706 ], [ 11.7492614, 48.2350451 ], [ 11.7492711, 48.234997 ], [ 11.7493135, 48.234786 ], [ 11.7498631, 48.2335962 ], [ 11.7499392, 48.2334828 ], [ 11.750014, 48.2333711 ], [ 11.7503323, 48.2329957 ], [ 11.7504813, 48.2328108 ], [ 11.7513059, 48.2313405 ], [ 11.7513811, 48.2312064 ], [ 11.7515458, 48.2308856 ], [ 11.7519574, 48.2300846 ], [ 11.7521556, 48.2295844 ], [ 11.7522508, 48.2294259 ], [ 11.7533408, 48.2271913 ], [ 11.7544681, 48.2249857 ], [ 11.7544852, 48.224888 ], [ 11.7545553, 48.224752 ], [ 11.7546021, 48.2246464 ], [ 11.7546466, 48.2245459 ], [ 11.7547805, 48.2242421 ], [ 11.754838, 48.2241118 ], [ 11.754918, 48.2239304 ], [ 11.7549797, 48.2237909 ], [ 11.7550114, 48.223719 ], [ 11.7551085, 48.2234983 ], [ 11.7551643, 48.2233716 ], [ 11.7551978, 48.2232956 ], [ 11.7552731, 48.2231238 ], [ 11.7557126, 48.2219107 ], [ 11.7558438, 48.2215225 ], [ 11.7561106, 48.2211905 ], [ 11.7581085, 48.2215068 ], [ 11.7616873, 48.2222443 ], [ 11.763275, 48.2225787 ], [ 11.7644566, 48.2228271 ], [ 11.764311, 48.2231811 ], [ 11.7644663, 48.2237804 ], [ 11.7640117, 48.2240676 ], [ 11.7639092, 48.2243333 ], [ 11.7638662, 48.224445 ], [ 11.7638186, 48.2245689 ], [ 11.7637719, 48.2246905 ], [ 11.7637534, 48.2247402 ], [ 11.763214, 48.2246669 ], [ 11.7632021, 48.2247523 ], [ 11.7631959, 48.2247959 ], [ 11.7631875, 48.2248548 ], [ 11.7636926, 48.2249255 ], [ 11.7636437, 48.2250179 ], [ 11.7634498, 48.2253658 ], [ 11.7633718, 48.2255056 ], [ 11.7643686, 48.2259642 ], [ 11.7648485, 48.2261809 ], [ 11.7650532, 48.2257915 ], [ 11.7651424, 48.2256217 ], [ 11.7653439, 48.2252379 ], [ 11.765478, 48.2250748 ], [ 11.7655139, 48.2250325 ], [ 11.7655657, 48.2249651 ], [ 11.7655784, 48.2249346 ], [ 11.7656913, 48.2246673 ], [ 11.7657155, 48.2245766 ], [ 11.765784, 48.2243213 ], [ 11.7657997, 48.2242883 ], [ 11.7658411, 48.2242013 ], [ 11.7659364, 48.2240016 ], [ 11.7663232, 48.2232188 ], [ 11.7666378, 48.2225822 ], [ 11.767859, 48.2201047 ], [ 11.7687793, 48.2202188 ], [ 11.7690982, 48.2204021 ], [ 11.769478, 48.2205657 ], [ 11.7697411, 48.2205719 ], [ 11.7703676, 48.2204463 ], [ 11.7726384, 48.2204311 ], [ 11.7751777, 48.2205051 ], [ 11.7772012, 48.220457 ], [ 11.7786851, 48.220519 ], [ 11.7806539, 48.2207578 ], [ 11.7826822, 48.2210631 ], [ 11.783898, 48.2213324 ], [ 11.7847513, 48.2217901 ], [ 11.7851013, 48.2217175 ], [ 11.7852972, 48.2217571 ], [ 11.7854983, 48.2220147 ], [ 11.7857381, 48.2220654 ], [ 11.7868164, 48.2219904 ], [ 11.7888716, 48.2217053 ], [ 11.7903387, 48.2215018 ], [ 11.7917139, 48.2212225 ], [ 11.7931256, 48.2209357 ], [ 11.7967379, 48.2201972 ], [ 11.7971306, 48.2200362 ], [ 11.7968762, 48.2194715 ], [ 11.7967413, 48.2189194 ], [ 11.7966522, 48.218348 ], [ 11.7966371, 48.2182398 ], [ 11.7962966, 48.2178099 ], [ 11.7960462, 48.2175395 ], [ 11.7959966, 48.2174956 ], [ 11.7959178, 48.2174958 ], [ 11.7947407, 48.2174989 ], [ 11.7946249, 48.2168364 ], [ 11.7951209, 48.2168117 ], [ 11.7952752, 48.2168041 ], [ 11.7954295, 48.2167963 ], [ 11.7956633, 48.2167878 ], [ 11.7958036, 48.2167777 ], [ 11.795869, 48.2167745 ], [ 11.7960096, 48.2167675 ], [ 11.7961504, 48.2167605 ], [ 11.796237, 48.2167528 ], [ 11.7963239, 48.2167519 ], [ 11.796647, 48.2167358 ], [ 11.7967222, 48.216732 ], [ 11.7968225, 48.2167271 ], [ 11.7968517, 48.2167256 ], [ 11.7969396, 48.2166861 ], [ 11.7969778, 48.2166689 ], [ 11.7970418, 48.21664 ], [ 11.7977541, 48.2166178 ], [ 11.7981, 48.2165971 ], [ 11.7987672, 48.2165543 ], [ 11.7989964, 48.2165207 ], [ 11.7992425, 48.216472 ], [ 11.7994465, 48.2164315 ], [ 11.7996513, 48.2163681 ], [ 11.7996299, 48.2162493 ], [ 11.7996179, 48.2160325 ], [ 11.799627, 48.2158705 ], [ 11.7995932, 48.2152585 ], [ 11.7995695, 48.2149065 ], [ 11.799429, 48.2138882 ], [ 11.7993539, 48.213584 ], [ 11.7992918, 48.2133644 ], [ 11.7990297, 48.212658 ], [ 11.7991079, 48.2126507 ], [ 11.799318, 48.2126327 ], [ 11.8015828, 48.2124747 ], [ 11.8021162, 48.2124377 ], [ 11.8028706, 48.2123853 ], [ 11.8032128, 48.2123615 ], [ 11.8033632, 48.2123501 ], [ 11.8032596, 48.2118625 ], [ 11.8051878, 48.2114537 ], [ 11.805397, 48.2118158 ], [ 11.806786, 48.2115007 ], [ 11.8074501, 48.2114027 ], [ 11.8078936, 48.2113372 ], [ 11.8080541, 48.2113135 ], [ 11.8082841, 48.2113984 ], [ 11.8084148, 48.2113182 ], [ 11.8092838, 48.2107922 ], [ 11.8095883, 48.2106081 ], [ 11.809801, 48.2106314 ], [ 11.8098585, 48.2103203 ], [ 11.8101254, 48.2103506 ], [ 11.8102085, 48.2100885 ], [ 11.8104914, 48.2091974 ], [ 11.8111278, 48.2091909 ], [ 11.8115397, 48.2091559 ], [ 11.8116741, 48.2091049 ], [ 11.8118139, 48.209052 ], [ 11.8120597, 48.2088447 ], [ 11.8122774, 48.2087085 ], [ 11.8124452, 48.2086387 ], [ 11.8128255, 48.2085038 ], [ 11.813167, 48.2083401 ], [ 11.8132038, 48.2083075 ], [ 11.8132815, 48.2081644 ], [ 11.8132894, 48.2080812 ], [ 11.8134957, 48.2080699 ], [ 11.8140309, 48.2086962 ], [ 11.8169397, 48.2087169 ], [ 11.8171125, 48.2086346 ], [ 11.8173129, 48.2085322 ], [ 11.8177832, 48.2089205 ], [ 11.8180827, 48.2091627 ], [ 11.8181459, 48.2091701 ], [ 11.8183151, 48.20919 ], [ 11.8186305, 48.2091882 ], [ 11.8200365, 48.2091801 ], [ 11.820115, 48.2089147 ], [ 11.8201166, 48.2087476 ], [ 11.8202674, 48.2087223 ], [ 11.8222367, 48.2085264 ], [ 11.8230312, 48.2084064 ], [ 11.8235698, 48.2083252 ], [ 11.8244444, 48.2081636 ], [ 11.8247221, 48.2081123 ], [ 11.8247947, 48.2078311 ], [ 11.8244444, 48.2066039 ], [ 11.8244508, 48.2064368 ], [ 11.8244621, 48.2061292 ], [ 11.8247753, 48.2060135 ], [ 11.8253273, 48.2059327 ], [ 11.8258918, 48.2056968 ], [ 11.8264343, 48.2055291 ], [ 11.8265623, 48.2055047 ], [ 11.8267048, 48.2054906 ], [ 11.8278022, 48.2055329 ], [ 11.8293434, 48.2055998 ], [ 11.8295206, 48.2055842 ], [ 11.8296775, 48.2055705 ], [ 11.8298274, 48.2056417 ], [ 11.8304067, 48.2058128 ], [ 11.8305307, 48.2058526 ], [ 11.8305988, 48.2058744 ], [ 11.8307517, 48.2059029 ], [ 11.831699, 48.2060497 ], [ 11.8318088, 48.2060723 ], [ 11.8318361, 48.2060824 ], [ 11.8319047, 48.2061217 ], [ 11.8319142, 48.2061292 ], [ 11.8320583, 48.2062927 ], [ 11.8323286, 48.2069393 ], [ 11.8323902, 48.2070722 ], [ 11.8323959, 48.2070795 ], [ 11.8338268, 48.2063743 ], [ 11.833939, 48.2065961 ], [ 11.8344613, 48.2066054 ], [ 11.834957, 48.2066596 ], [ 11.8348688, 48.2058789 ], [ 11.8349444, 48.205834 ], [ 11.8357128, 48.205377 ], [ 11.835937, 48.2052438 ], [ 11.836301, 48.2050861 ], [ 11.8362893, 48.2053244 ], [ 11.8362417, 48.2062885 ], [ 11.8362132, 48.2068641 ], [ 11.8362086, 48.2069578 ], [ 11.8340529, 48.2072924 ], [ 11.833808, 48.2073304 ], [ 11.8338776, 48.2077586 ], [ 11.8365888, 48.2083361 ], [ 11.8368453, 48.2083907 ], [ 11.8372041, 48.2084671 ], [ 11.8392158, 48.208895 ], [ 11.840378, 48.2091431 ], [ 11.8408603, 48.2092536 ], [ 11.8412614, 48.2092924 ], [ 11.842008, 48.2093302 ], [ 11.8424529, 48.2093289 ], [ 11.8426119, 48.209336 ], [ 11.8427521, 48.2080743 ], [ 11.8428626, 48.2069711 ], [ 11.8428798, 48.206869 ], [ 11.8428972, 48.206767 ], [ 11.8431953, 48.2068144 ], [ 11.8442218, 48.2067475 ], [ 11.8445912, 48.2067234 ], [ 11.8470639, 48.2065707 ], [ 11.8490612, 48.2064586 ], [ 11.8491744, 48.2073594 ], [ 11.8492612, 48.2080508 ], [ 11.8493461, 48.2087268 ], [ 11.850555, 48.2091331 ], [ 11.852062, 48.209133 ], [ 11.8543414, 48.2091104 ], [ 11.8542652, 48.2078055 ], [ 11.8542645, 48.2077964 ], [ 11.8556787, 48.2078838 ], [ 11.8566008, 48.2078622 ], [ 11.8574151, 48.2078591 ], [ 11.8575749, 48.2078861 ], [ 11.85798, 48.2079547 ], [ 11.8580989, 48.2079933 ], [ 11.8582197, 48.2079657 ], [ 11.8584304, 48.2074773 ], [ 11.858469, 48.2072558 ], [ 11.8585309, 48.2069018 ], [ 11.8585732, 48.2066632 ], [ 11.859371, 48.2066865 ], [ 11.8604189, 48.2070386 ], [ 11.8605292, 48.2070756 ], [ 11.8607389, 48.2071412 ], [ 11.8607246, 48.2072328 ], [ 11.8607264, 48.2073662 ], [ 11.8608478, 48.2074122 ], [ 11.8609181, 48.2074437 ], [ 11.8610013, 48.207481 ], [ 11.8610147, 48.207487 ], [ 11.8620161, 48.2076937 ], [ 11.863813, 48.2076202 ], [ 11.8656472, 48.207513 ], [ 11.8656515, 48.2074783 ], [ 11.865666, 48.2074183 ], [ 11.8657251, 48.2073825 ], [ 11.8657152, 48.2072623 ], [ 11.8657135, 48.2072413 ], [ 11.8658091, 48.2071285 ], [ 11.8657722, 48.2070343 ], [ 11.8656661, 48.2069739 ], [ 11.8657016, 48.2068616 ], [ 11.8656442, 48.2067801 ], [ 11.8655732, 48.2067401 ], [ 11.8654914, 48.2067314 ], [ 11.8654867, 48.2065892 ], [ 11.8654455, 48.2065676 ], [ 11.8653264, 48.2065668 ], [ 11.8651767, 48.2066077 ], [ 11.8651092, 48.2066007 ], [ 11.8650786, 48.206483 ], [ 11.8648963, 48.2063263 ], [ 11.8649011, 48.2063057 ], [ 11.8649978, 48.2062851 ], [ 11.8651017, 48.2062243 ], [ 11.8650308, 48.2061161 ], [ 11.8649222, 48.206048 ], [ 11.8648243, 48.2060738 ], [ 11.8647737, 48.2060683 ], [ 11.8647476, 48.2059466 ], [ 11.8644425, 48.2058214 ], [ 11.8644293, 48.2057203 ], [ 11.8643692, 48.2056516 ], [ 11.8643278, 48.2056268 ], [ 11.8640417, 48.2054906 ], [ 11.863802, 48.2054141 ], [ 11.8636777, 48.2053313 ], [ 11.8634339, 48.2052728 ], [ 11.8633802, 48.2052141 ], [ 11.8632266, 48.2051706 ], [ 11.8632596, 48.205097 ], [ 11.8632328, 48.205062 ], [ 11.8632109, 48.2050243 ], [ 11.8631842, 48.2048939 ], [ 11.8631956, 48.2047572 ], [ 11.863518, 48.2039883 ], [ 11.8635393, 48.2037176 ], [ 11.8636846, 48.2036662 ], [ 11.8639792, 48.2035617 ], [ 11.8647137, 48.2037605 ], [ 11.8649575, 48.2039153 ], [ 11.8653637, 48.2041123 ], [ 11.8657328, 48.2041968 ], [ 11.8666265, 48.2043317 ], [ 11.8669561, 48.2043629 ], [ 11.867965, 48.2044045 ], [ 11.8689666, 48.2043715 ], [ 11.8700272, 48.20426 ], [ 11.8717103, 48.2043203 ], [ 11.8719092, 48.2043164 ], [ 11.8723482, 48.2043077 ], [ 11.8730336, 48.204405 ], [ 11.8735067, 48.2045553 ], [ 11.8736688, 48.2045701 ], [ 11.8743905, 48.2045473 ], [ 11.8749078, 48.2044986 ], [ 11.875289, 48.2044371 ], [ 11.8755293, 48.2043746 ], [ 11.8755532, 48.204368 ], [ 11.8756283, 48.204365 ], [ 11.8760536, 48.2043404 ], [ 11.8773872, 48.2042869 ], [ 11.879723, 48.2055763 ], [ 11.881472, 48.2064893 ], [ 11.8820819, 48.2068183 ], [ 11.8820894, 48.2068117 ], [ 11.8821843, 48.2067986 ], [ 11.8822351, 48.2068076 ], [ 11.8822943, 48.206775 ], [ 11.8823172, 48.2067169 ], [ 11.8823224, 48.2066461 ], [ 11.8823404, 48.2064125 ], [ 11.8823346, 48.2063605 ], [ 11.8823045, 48.2062699 ], [ 11.8822624, 48.2061765 ], [ 11.8823128, 48.2061619 ], [ 11.8823731, 48.2061445 ], [ 11.8824401, 48.206125 ], [ 11.8825808, 48.2060842 ], [ 11.8824011, 48.2059031 ], [ 11.8823099, 48.2056014 ], [ 11.8822959, 48.2053161 ], [ 11.8821535, 48.2051002 ], [ 11.8820994, 48.2049697 ], [ 11.8820865, 48.2048978 ], [ 11.8820355, 48.2047562 ], [ 11.8818056, 48.2044614 ], [ 11.8817811, 48.2043235 ], [ 11.8816554, 48.2042902 ], [ 11.8815012, 48.2042168 ], [ 11.8815103, 48.2041559 ], [ 11.8816521, 48.2039641 ], [ 11.8817046, 48.2038931 ], [ 11.8816582, 48.2036328 ], [ 11.8817946, 48.2036342 ], [ 11.8818621, 48.2036349 ], [ 11.8821296, 48.2032073 ], [ 11.8823457, 48.202948 ], [ 11.8824161, 48.2028404 ], [ 11.8825361, 48.202657 ], [ 11.8828026, 48.2023543 ], [ 11.8828684, 48.2021582 ], [ 11.8828801, 48.2021236 ], [ 11.8837415, 48.2012604 ], [ 11.883684, 48.2012439 ], [ 11.8835907, 48.201217 ], [ 11.8836037, 48.2010421 ], [ 11.8835863, 48.2009681 ], [ 11.883576, 48.2009238 ], [ 11.883463, 48.20086 ], [ 11.8833636, 48.2008591 ], [ 11.8832243, 48.2007656 ], [ 11.8832112, 48.2007305 ], [ 11.8832677, 48.2006465 ], [ 11.8831272, 48.2006356 ], [ 11.8830626, 48.2006306 ], [ 11.883105, 48.2005707 ], [ 11.8831701, 48.200473 ], [ 11.8832491, 48.2001735 ], [ 11.8832662, 48.2000736 ], [ 11.8832052, 48.1998576 ], [ 11.8830596, 48.1996031 ], [ 11.8830141, 48.1995416 ], [ 11.882917, 48.1994366 ], [ 11.8826108, 48.1991061 ], [ 11.8825888, 48.1990768 ], [ 11.8825346, 48.1990035 ], [ 11.8817489, 48.1982706 ], [ 11.8814608, 48.1979717 ], [ 11.8813466, 48.1977841 ], [ 11.8813207, 48.1976968 ], [ 11.881278, 48.197594 ], [ 11.880877, 48.1965077 ], [ 11.8808703, 48.1963638 ], [ 11.8809246, 48.196284 ], [ 11.8812421, 48.196014 ], [ 11.881816, 48.1955358 ], [ 11.8819685, 48.1954088 ], [ 11.8820583, 48.1952784 ], [ 11.8820808, 48.1951915 ], [ 11.882073, 48.1950649 ], [ 11.8820697, 48.195013 ], [ 11.8821468, 48.1948672 ], [ 11.8822008, 48.1947931 ], [ 11.882246, 48.1947357 ], [ 11.882757, 48.1941804 ], [ 11.8829316, 48.1940229 ], [ 11.8832555, 48.1938313 ], [ 11.8837075, 48.1935435 ], [ 11.8838662, 48.1934355 ], [ 11.8846221, 48.1928642 ], [ 11.8847131, 48.192843 ], [ 11.8847823, 48.1928152 ], [ 11.8848609, 48.192785 ], [ 11.8850691, 48.1926879 ], [ 11.8851975, 48.1926906 ], [ 11.8853425, 48.1926896 ], [ 11.8856896, 48.1926233 ], [ 11.8859278, 48.1925067 ], [ 11.886056, 48.1922989 ], [ 11.8860935, 48.1921635 ], [ 11.8860983, 48.1921453 ], [ 11.8860862, 48.1920916 ], [ 11.8861643, 48.1921238 ], [ 11.8862836, 48.1921498 ], [ 11.8865031, 48.1921833 ], [ 11.887022, 48.1922782 ], [ 11.8871334, 48.1923071 ], [ 11.8876997, 48.1924329 ], [ 11.8882405, 48.1925532 ], [ 11.8916486, 48.1932939 ], [ 11.8913601, 48.1937003 ], [ 11.8913532, 48.1937189 ], [ 11.8913525, 48.193738 ], [ 11.8913577, 48.1937567 ], [ 11.891382, 48.1937956 ], [ 11.8911456, 48.1940402 ], [ 11.8906367, 48.1940047 ], [ 11.8906269, 48.1941599 ], [ 11.8904102, 48.1942134 ], [ 11.8903531, 48.1942276 ], [ 11.8902761, 48.1943377 ], [ 11.8902702, 48.1943518 ], [ 11.8902204, 48.1944721 ], [ 11.8901476, 48.1946464 ], [ 11.8899305, 48.1952012 ], [ 11.8899081, 48.1952258 ], [ 11.8896997, 48.1955806 ], [ 11.8895268, 48.1958334 ], [ 11.8894983, 48.1958751 ], [ 11.8887431, 48.1968266 ], [ 11.8881057, 48.1975309 ], [ 11.8878356, 48.1978258 ], [ 11.8877671, 48.1980007 ], [ 11.8877274, 48.1980832 ], [ 11.8877001, 48.1981531 ], [ 11.8877053, 48.1982111 ], [ 11.8877741, 48.198294 ], [ 11.8878135, 48.198333 ], [ 11.8879161, 48.1983907 ], [ 11.8882294, 48.1987617 ], [ 11.8882478, 48.1987809 ], [ 11.8882673, 48.1989098 ], [ 11.8883106, 48.1991076 ], [ 11.8883201, 48.1991466 ], [ 11.8885632, 48.1994478 ], [ 11.8888088, 48.199892 ], [ 11.8888668, 48.1999879 ], [ 11.8890452, 48.199998 ], [ 11.8891048, 48.200001 ], [ 11.8892099, 48.2000093 ], [ 11.8892865, 48.2000169 ], [ 11.8893611, 48.1999877 ], [ 11.8899321, 48.1997652 ], [ 11.8899766, 48.1997471 ], [ 11.8900257, 48.1997272 ], [ 11.890114, 48.1996904 ], [ 11.8904001, 48.1999209 ], [ 11.8905344, 48.200069 ], [ 11.8905752, 48.2001254 ], [ 11.8906781, 48.2001064 ], [ 11.8909599, 48.2000544 ], [ 11.8911199, 48.1999257 ], [ 11.8911291, 48.199886 ], [ 11.8911548, 48.1997759 ], [ 11.8910682, 48.1991083 ], [ 11.8926614, 48.1989028 ], [ 11.8932022, 48.1987871 ], [ 11.8937148, 48.1986691 ], [ 11.8939851, 48.1986243 ], [ 11.8950932, 48.1984404 ], [ 11.8956592, 48.1983252 ], [ 11.8957386, 48.1983076 ], [ 11.8957918, 48.1980604 ], [ 11.8958501, 48.1979508 ], [ 11.8957498, 48.1979649 ], [ 11.8953362, 48.1980322 ], [ 11.8952762, 48.198042 ], [ 11.8939397, 48.1982682 ], [ 11.893889, 48.1982768 ], [ 11.8938888, 48.1981361 ], [ 11.8938886, 48.1980848 ], [ 11.8938703, 48.1980881 ], [ 11.8937432, 48.1981111 ], [ 11.8934159, 48.1981691 ], [ 11.8927892, 48.1982914 ], [ 11.890553, 48.1987593 ], [ 11.8903585, 48.1982692 ], [ 11.8917593, 48.1979403 ], [ 11.8931009, 48.1976394 ], [ 11.8935235, 48.1975496 ], [ 11.8939146, 48.1974747 ], [ 11.8947067, 48.197323 ], [ 11.8958465, 48.1971267 ], [ 11.8958941, 48.1971208 ], [ 11.8959628, 48.1971033 ], [ 11.8960474, 48.1970928 ], [ 11.8961898, 48.1970705 ], [ 11.8962997, 48.1966167 ], [ 11.8962924, 48.1965696 ], [ 11.8985828, 48.1967555 ], [ 11.8987851, 48.1965899 ], [ 11.9005193, 48.1969865 ], [ 11.9006864, 48.1968223 ], [ 11.9009925, 48.1968712 ], [ 11.9012438, 48.1969366 ], [ 11.9015688, 48.1970159 ], [ 11.90327, 48.1972263 ], [ 11.9032041, 48.1973998 ], [ 11.9051961, 48.1974164 ], [ 11.9050448, 48.1970061 ], [ 11.9053326, 48.196921 ], [ 11.9059708, 48.1967528 ], [ 11.9058918, 48.1965521 ], [ 11.9058143, 48.1963675 ], [ 11.9066155, 48.1961702 ], [ 11.9070644, 48.1960691 ], [ 11.9079945, 48.1958595 ], [ 11.9085416, 48.195739 ], [ 11.9087679, 48.1951654 ], [ 11.9087892, 48.1949824 ], [ 11.9087977, 48.1949091 ], [ 11.909277, 48.1947265 ], [ 11.9097954, 48.194381 ], [ 11.9088747, 48.1928691 ], [ 11.9080202, 48.1914149 ], [ 11.907942, 48.1912818 ], [ 11.9078744, 48.1911724 ], [ 11.9083871, 48.1910815 ], [ 11.9089039, 48.190959 ], [ 11.9096516, 48.1907627 ], [ 11.9098227, 48.1906771 ], [ 11.9098798, 48.1906419 ], [ 11.9098743, 48.1904738 ], [ 11.9098476, 48.1896585 ], [ 11.9098661, 48.1895606 ], [ 11.9099197, 48.1893328 ], [ 11.9099152, 48.1892581 ], [ 11.9098485, 48.1891654 ], [ 11.9098038, 48.1890965 ], [ 11.9097938, 48.1890533 ], [ 11.9097506, 48.1888633 ], [ 11.9096663, 48.1884627 ], [ 11.909613, 48.1882475 ], [ 11.9094708, 48.1878738 ], [ 11.9091753, 48.1873278 ], [ 11.9095519, 48.1868874 ], [ 11.9096696, 48.1863948 ], [ 11.9096982, 48.1862749 ], [ 11.9099046, 48.1854101 ], [ 11.9101959, 48.1841876 ], [ 11.9101863, 48.184116 ], [ 11.9101362, 48.1839342 ], [ 11.91014, 48.1839125 ], [ 11.9101649, 48.1837688 ], [ 11.9101828, 48.1836666 ], [ 11.9101894, 48.183633 ], [ 11.9103333, 48.1837184 ], [ 11.9105324, 48.1838162 ], [ 11.9107142, 48.1838788 ], [ 11.9109158, 48.1839392 ], [ 11.9111422, 48.1839869 ], [ 11.9113164, 48.1840076 ], [ 11.9113926, 48.1840428 ], [ 11.9115651, 48.1841224 ], [ 11.91302, 48.1847944 ], [ 11.9131926, 48.1848743 ], [ 11.9128021, 48.1854045 ], [ 11.9127482, 48.1855441 ], [ 11.9128224, 48.1856258 ], [ 11.9129837, 48.1857693 ], [ 11.9130557, 48.1858334 ], [ 11.9130681, 48.1858501 ], [ 11.9132642, 48.185986 ], [ 11.913649, 48.1864466 ], [ 11.9137594, 48.1864182 ], [ 11.9144198, 48.1862398 ], [ 11.9145513, 48.1852702 ], [ 11.9145651, 48.1849312 ], [ 11.9146921, 48.1849202 ], [ 11.9149032, 48.184902 ], [ 11.9150194, 48.1848919 ], [ 11.9151355, 48.1848817 ], [ 11.9155784, 48.1848426 ], [ 11.91563, 48.1848381 ], [ 11.9155596, 48.1843481 ], [ 11.9157157, 48.1838003 ], [ 11.9157752, 48.1836806 ], [ 11.9158397, 48.1834892 ], [ 11.9159038, 48.18353 ], [ 11.9159805, 48.183627 ], [ 11.9161213, 48.1836558 ], [ 11.9161511, 48.1837671 ], [ 11.9161937, 48.1838128 ], [ 11.9162962, 48.183793 ], [ 11.9164072, 48.1837959 ], [ 11.9164884, 48.1837731 ], [ 11.9165566, 48.1837902 ], [ 11.9166504, 48.1838817 ], [ 11.9166418, 48.183956 ], [ 11.9166416, 48.1840558 ], [ 11.9166458, 48.1841587 ], [ 11.9167481, 48.1842244 ], [ 11.9168632, 48.1843387 ], [ 11.9170724, 48.1843789 ], [ 11.9171319, 48.1844732 ], [ 11.9171016, 48.1845868 ], [ 11.917027, 48.1847181 ], [ 11.9172409, 48.18481 ], [ 11.9172869, 48.1848879 ], [ 11.9174068, 48.1849537 ], [ 11.9175093, 48.1851545 ], [ 11.9172815, 48.1852195 ], [ 11.9171356, 48.1852512 ], [ 11.9171414, 48.1852807 ], [ 11.917155, 48.1853003 ], [ 11.9171755, 48.1853172 ], [ 11.9171765, 48.185482 ], [ 11.9176434, 48.1853408 ], [ 11.9177714, 48.1855457 ], [ 11.9181738, 48.1862919 ], [ 11.9183409, 48.1865377 ], [ 11.9184794, 48.186743 ], [ 11.9185805, 48.1868818 ], [ 11.9186598, 48.186896 ], [ 11.9188587, 48.1868659 ], [ 11.9188853, 48.1869131 ], [ 11.918948, 48.1868987 ], [ 11.9195393, 48.1867499 ], [ 11.9199008, 48.1877422 ], [ 11.9201415, 48.1885798 ], [ 11.9201806, 48.1887162 ], [ 11.9200544, 48.1888297 ], [ 11.9199956, 48.1888825 ], [ 11.9199369, 48.1889351 ], [ 11.9197543, 48.189099 ], [ 11.9197072, 48.1891414 ], [ 11.9194154, 48.189204 ], [ 11.9185884, 48.1892962 ], [ 11.9183917, 48.1893459 ], [ 11.9179051, 48.1894926 ], [ 11.9177262, 48.1895607 ], [ 11.917783, 48.1896556 ], [ 11.9180244, 48.1900609 ], [ 11.918439, 48.189977 ], [ 11.9203799, 48.1897739 ], [ 11.9206936, 48.1897411 ], [ 11.9207946, 48.1897305 ], [ 11.9208955, 48.18972 ], [ 11.9210473, 48.1897041 ], [ 11.9212092, 48.1896872 ], [ 11.9266884, 48.1891155 ], [ 11.9270597, 48.1883884 ], [ 11.9269185, 48.1882979 ], [ 11.9263981, 48.1878759 ], [ 11.9258806, 48.1874829 ], [ 11.9252037, 48.186906 ], [ 11.9250026, 48.1867242 ], [ 11.9252247, 48.1866715 ], [ 11.9254963, 48.1866157 ], [ 11.9258918, 48.1865903 ], [ 11.926438, 48.1865177 ], [ 11.9266198, 48.1864917 ], [ 11.9273732, 48.1862879 ], [ 11.9274701, 48.1857052 ], [ 11.9270994, 48.1856773 ], [ 11.9270293, 48.1850803 ], [ 11.9270257, 48.1849343 ], [ 11.9270133, 48.1848442 ], [ 11.9268713, 48.1848366 ], [ 11.9267945, 48.1848325 ], [ 11.9267394, 48.1848248 ], [ 11.925892, 48.1849128 ], [ 11.9265059, 48.1842877 ], [ 11.9266878, 48.1837965 ], [ 11.9265144, 48.1838153 ], [ 11.9259715, 48.1843678 ], [ 11.9255919, 48.1846793 ], [ 11.9252025, 48.1848448 ], [ 11.925239, 48.1847796 ], [ 11.9255456, 48.1844136 ], [ 11.9258228, 48.1841703 ], [ 11.9258841, 48.1840892 ], [ 11.925972, 48.1838015 ], [ 11.926039, 48.1836667 ], [ 11.9264853, 48.1833134 ], [ 11.9264286, 48.1832051 ], [ 11.926028, 48.1826846 ], [ 11.925736, 48.1824563 ], [ 11.9256917, 48.1824217 ], [ 11.9251085, 48.1818591 ], [ 11.9248489, 48.1815627 ], [ 11.9245439, 48.1811318 ], [ 11.9245353, 48.1811196 ], [ 11.924569, 48.1805615 ], [ 11.9248732, 48.1796335 ], [ 11.9240582, 48.1793118 ], [ 11.9246229, 48.1778839 ], [ 11.9243447, 48.1777991 ], [ 11.9245526, 48.1775173 ], [ 11.9247558, 48.1772086 ], [ 11.9248989, 48.1769428 ], [ 11.9252665, 48.1760579 ], [ 11.9252665, 48.1760528 ], [ 11.9254528, 48.1755868 ], [ 11.9258837, 48.1747221 ], [ 11.925948, 48.1745961 ], [ 11.9260992, 48.1743416 ], [ 11.9262996, 48.1740335 ], [ 11.9266071, 48.1736123 ], [ 11.9275952, 48.1735691 ], [ 11.9276232, 48.1731857 ], [ 11.9276984, 48.1727784 ], [ 11.9288562, 48.1726878 ], [ 11.9288927, 48.1726787 ], [ 11.9290296, 48.1726152 ], [ 11.9290492, 48.172602 ], [ 11.929065, 48.1725864 ], [ 11.9291287, 48.1725104 ], [ 11.9303795, 48.1725478 ], [ 11.9307234, 48.1717117 ], [ 11.9309595, 48.1711464 ], [ 11.9312031, 48.170756 ], [ 11.9331599, 48.1714289 ], [ 11.9331645, 48.1713361 ], [ 11.9331315, 48.1711499 ], [ 11.9328853, 48.170871 ], [ 11.932776, 48.17062 ], [ 11.9328346, 48.1701232 ], [ 11.931601, 48.169912 ], [ 11.9316386, 48.1696969 ], [ 11.9315378, 48.1695143 ], [ 11.9315009, 48.1694502 ], [ 11.9314842, 48.169421 ], [ 11.9315567, 48.1693353 ], [ 11.9319349, 48.1688732 ], [ 11.9321205, 48.1686463 ], [ 11.9321425, 48.1687242 ], [ 11.9322845, 48.1688353 ], [ 11.9324349, 48.1688966 ], [ 11.9330186, 48.1689654 ], [ 11.9330754, 48.1688613 ], [ 11.9330058, 48.1686574 ], [ 11.9331482, 48.1683237 ], [ 11.9334486, 48.1678657 ], [ 11.9338492, 48.1674242 ], [ 11.9350418, 48.1667816 ], [ 11.9358202, 48.166626 ], [ 11.9361549, 48.1665087 ], [ 11.9366062, 48.1659773 ], [ 11.9370498, 48.1656656 ], [ 11.9388632, 48.165537 ], [ 11.9393757, 48.1654287 ], [ 11.9403505, 48.1653587 ], [ 11.9413212, 48.1653296 ], [ 11.9413283, 48.1654161 ], [ 11.9414539, 48.1654514 ], [ 11.9416576, 48.1654829 ], [ 11.941841, 48.1655164 ], [ 11.9422336, 48.1656146 ], [ 11.9422882, 48.1661168 ], [ 11.9425052, 48.1660868 ], [ 11.942966, 48.1660233 ], [ 11.9438633, 48.1661435 ], [ 11.9441895, 48.1670454 ], [ 11.9450529, 48.1669253 ], [ 11.9456073, 48.1670129 ], [ 11.9461354, 48.1671072 ], [ 11.9477328, 48.167496 ], [ 11.9476582, 48.1679705 ], [ 11.9474647, 48.1682231 ], [ 11.9483278, 48.1683392 ], [ 11.9485857, 48.1683973 ], [ 11.9492158, 48.1685403 ], [ 11.9496908, 48.1687645 ], [ 11.9498932, 48.1689155 ], [ 11.9499423, 48.1689923 ], [ 11.9503627, 48.1691269 ], [ 11.9508625, 48.1692018 ], [ 11.9512681, 48.169076 ], [ 11.951753, 48.168946 ], [ 11.9520942, 48.1689353 ], [ 11.9524383, 48.1690059 ], [ 11.9531896, 48.1691895 ], [ 11.9535854, 48.169344 ], [ 11.9542185, 48.1697484 ], [ 11.955341, 48.1705517 ], [ 11.9559869, 48.171099 ], [ 11.9566507, 48.1718309 ], [ 11.9569846, 48.1724419 ], [ 11.9573202, 48.1724236 ], [ 11.9585081, 48.1724042 ], [ 11.9592433, 48.1723044 ], [ 11.9594911, 48.1722675 ], [ 11.9597509, 48.1727653 ], [ 11.9600272, 48.1726833 ], [ 11.9602667, 48.172555 ], [ 11.9605777, 48.1722983 ], [ 11.9606949, 48.1721941 ], [ 11.9608718, 48.1720982 ], [ 11.9609997, 48.1720714 ], [ 11.9616275, 48.1720501 ], [ 11.9623176, 48.1720053 ], [ 11.9627325, 48.1719934 ], [ 11.9628923, 48.171995 ], [ 11.963022, 48.1720066 ], [ 11.9634074, 48.1720784 ], [ 11.9639904, 48.1719321 ], [ 11.9642582, 48.1718649 ], [ 11.9643548, 48.1719677 ], [ 11.9644071, 48.1720235 ], [ 11.9649304, 48.1720316 ], [ 11.9651757, 48.1720034 ], [ 11.9665992, 48.1691131 ], [ 11.9667872, 48.1690997 ], [ 11.9680835, 48.1689844 ], [ 11.9693115, 48.1689166 ], [ 11.9694861, 48.1689068 ], [ 11.9693884, 48.1698979 ], [ 11.9699489, 48.1699275 ], [ 11.9700043, 48.1699168 ], [ 11.9701623, 48.1699144 ], [ 11.9702881, 48.1699059 ], [ 11.9704766, 48.1698884 ], [ 11.9711864, 48.1697568 ], [ 11.9713376, 48.1697237 ], [ 11.9713477, 48.1697202 ], [ 11.9713815, 48.169714 ], [ 11.9713929, 48.1697136 ], [ 11.9723805, 48.1695714 ], [ 11.9726971, 48.1695283 ], [ 11.9727546, 48.1695306 ], [ 11.9728092, 48.1695429 ], [ 11.9730002, 48.1695587 ], [ 11.9734716, 48.169682 ], [ 11.9736799, 48.1696685 ], [ 11.9738717, 48.169656 ], [ 11.9737911, 48.1697243 ], [ 11.9737049, 48.169978 ], [ 11.9736858, 48.1702066 ], [ 11.9746718, 48.1706422 ], [ 11.9747638, 48.1706874 ], [ 11.9759573, 48.1713331 ], [ 11.9760779, 48.1713872 ], [ 11.9769674, 48.1708159 ], [ 11.9779084, 48.1702707 ], [ 11.9791384, 48.1695616 ], [ 11.9792787, 48.1694806 ], [ 11.9795366, 48.1696193 ], [ 11.9802121, 48.169949 ], [ 11.9802662, 48.1699077 ], [ 11.9803244, 48.1698597 ], [ 11.9804966, 48.1697121 ], [ 11.9806575, 48.1695544 ], [ 11.9807692, 48.1694276 ], [ 11.9808845, 48.1692338 ], [ 11.980975, 48.1690497 ], [ 11.9811597, 48.1687483 ], [ 11.9814828, 48.1683846 ], [ 11.9817318, 48.1681319 ], [ 11.9822472, 48.1676329 ], [ 11.9829261, 48.1669766 ], [ 11.9832784, 48.1666705 ], [ 11.983341, 48.1666179 ], [ 11.9837319, 48.1663179 ], [ 11.9841605, 48.1660081 ], [ 11.984938, 48.1654464 ], [ 11.9856743, 48.1649106 ], [ 11.985921, 48.1647147 ], [ 11.98626, 48.1643876 ], [ 11.9863603, 48.1642704 ], [ 11.9868067, 48.1643788 ], [ 11.9867991, 48.1644423 ], [ 11.9871246, 48.1646433 ], [ 11.9873269, 48.1647713 ], [ 11.9874703, 48.164852 ], [ 11.988176, 48.1652919 ], [ 11.988219, 48.1653233 ], [ 11.9882879, 48.1653815 ], [ 11.9885203, 48.1655781 ], [ 11.9888316, 48.1658787 ], [ 11.9888469, 48.1658918 ], [ 11.9892687, 48.1663113 ], [ 11.9894733, 48.1665695 ], [ 11.9895732, 48.1667215 ], [ 11.9896431, 48.1668619 ], [ 11.9896871, 48.1670147 ], [ 11.9897304, 48.1671123 ], [ 11.9904893, 48.1670521 ], [ 11.9907669, 48.1670101 ], [ 11.9907794, 48.1671128 ], [ 11.99078, 48.1671413 ], [ 11.9907849, 48.167185 ], [ 11.9908762, 48.1683516 ], [ 11.9928902, 48.1683449 ], [ 11.9928847, 48.1685063 ], [ 11.9928924, 48.1686419 ], [ 11.9928897, 48.1689579 ], [ 11.9928406, 48.1693093 ], [ 11.9928731, 48.1694958 ], [ 11.9929849, 48.1696385 ], [ 11.9930817, 48.1697235 ], [ 11.9931011, 48.1697405 ], [ 11.9932259, 48.1698333 ], [ 11.9934563, 48.1696947 ], [ 11.9935749, 48.1696392 ], [ 11.9936112, 48.1696242 ], [ 11.9937574, 48.1695635 ], [ 11.9939202, 48.1695074 ], [ 11.9946839, 48.1692784 ], [ 11.9956889, 48.1689838 ], [ 11.995862, 48.1689374 ], [ 11.996, 48.168909 ], [ 11.9960328, 48.1689041 ], [ 11.9961624, 48.1688849 ], [ 11.9962771, 48.1688756 ], [ 11.9963969, 48.1688717 ], [ 11.9965334, 48.1688712 ], [ 11.9972176, 48.1689799 ], [ 11.9975552, 48.1690268 ], [ 11.997665, 48.1690339 ], [ 11.9977568, 48.1690363 ], [ 11.9978752, 48.1690374 ], [ 11.9980092, 48.1690333 ], [ 11.998122, 48.1690267 ], [ 11.9980931, 48.1690617 ], [ 11.9977782, 48.1693093 ], [ 11.9972209, 48.1698163 ], [ 11.9969813, 48.1700027 ], [ 11.9966374, 48.1702842 ], [ 11.996449, 48.1705059 ], [ 11.9963733, 48.1706193 ], [ 11.9963172, 48.1707169 ], [ 11.9962393, 48.1708677 ], [ 11.9958275, 48.1716639 ], [ 11.995595, 48.1721134 ], [ 11.9955514, 48.1722176 ], [ 11.9955071, 48.1723205 ], [ 11.9956531, 48.1723782 ], [ 11.9957182, 48.1724039 ], [ 11.9958846, 48.1724616 ], [ 11.9960869, 48.1725534 ], [ 11.9961065, 48.1725663 ], [ 11.9961976, 48.1726534 ], [ 11.9962107, 48.1726755 ], [ 11.9962388, 48.1728074 ], [ 11.9962392, 48.1728201 ], [ 11.9962027, 48.1730394 ], [ 11.9960447, 48.1735959 ], [ 11.9959157, 48.1739551 ], [ 11.9958582, 48.1741261 ], [ 11.9957989, 48.1742314 ], [ 11.9957433, 48.1743524 ], [ 11.9958513, 48.1743404 ], [ 11.9959358, 48.1743388 ], [ 11.9959982, 48.1743232 ], [ 11.9960659, 48.1742832 ], [ 11.9961817, 48.1742988 ], [ 11.9962385, 48.1743092 ], [ 11.9962594, 48.1743534 ], [ 11.9963482, 48.1743652 ], [ 11.9964143, 48.1743502 ], [ 11.9964213, 48.1743336 ], [ 11.9964273, 48.1742541 ], [ 11.9964807, 48.1742402 ], [ 11.9965337, 48.1742444 ], [ 11.9965403, 48.1742995 ], [ 11.9965967, 48.1743092 ], [ 11.996663, 48.1742974 ], [ 11.9966871, 48.1742401 ], [ 11.9967483, 48.1742239 ], [ 11.9968226, 48.1742714 ], [ 11.9968712, 48.1742626 ], [ 11.996934, 48.1742358 ], [ 11.997097, 48.1742219 ], [ 11.9972164, 48.1741452 ], [ 11.9974034, 48.1740641 ], [ 11.997547, 48.1740393 ], [ 11.9976923, 48.1740393 ], [ 11.9979088, 48.1739982 ], [ 11.998115, 48.1739768 ], [ 11.9982069, 48.1739832 ], [ 11.9983491, 48.1739564 ], [ 11.9984667, 48.1738926 ], [ 11.9985574, 48.1738658 ], [ 11.9987849, 48.1738732 ], [ 11.9991247, 48.1739236 ], [ 11.9993749, 48.1739392 ], [ 11.9994827, 48.1739541 ], [ 11.9995833, 48.1739629 ], [ 11.9996334, 48.1740275 ], [ 11.9996767, 48.1740223 ], [ 11.9996912, 48.1739993 ], [ 11.9997445, 48.1739837 ], [ 11.9997945, 48.1739762 ], [ 11.9998579, 48.1739167 ], [ 11.9999558, 48.1738863 ], [ 12.000036, 48.1738051 ], [ 12.0000659, 48.1737947 ], [ 12.000097, 48.1737947 ], [ 12.0001626, 48.1738513 ], [ 12.0002417, 48.1738722 ], [ 12.0002738, 48.1738639 ], [ 12.0003161, 48.1739048 ], [ 12.0003872, 48.173925 ], [ 12.000464, 48.1739197 ], [ 12.0005664, 48.1738945 ], [ 12.0006575, 48.1738609 ], [ 12.0007443, 48.1738238 ], [ 12.0009421, 48.173733 ], [ 12.0018712, 48.1735024 ], [ 12.0024581, 48.1733637 ], [ 12.0026783, 48.1733175 ], [ 12.0031164, 48.173313 ], [ 12.0031874, 48.1731375 ], [ 12.003608, 48.1731331 ], [ 12.0042105, 48.1730408 ], [ 12.0047932, 48.1730735 ], [ 12.0051958, 48.1730542 ], [ 12.0053336, 48.173008 ], [ 12.0057375, 48.1729896 ], [ 12.0063699, 48.1729604 ], [ 12.0064968, 48.1727848 ], [ 12.0065479, 48.1724903 ], [ 12.0064744, 48.172346 ], [ 12.0061964, 48.1724204 ], [ 12.0060919, 48.1723565 ], [ 12.00599, 48.1722614 ], [ 12.0058117, 48.172166 ], [ 12.005384, 48.1719165 ], [ 12.0053045, 48.1718702 ], [ 12.0049871, 48.1717113 ], [ 12.0048731, 48.1714589 ], [ 12.004802, 48.1713787 ], [ 12.0047975, 48.1713177 ], [ 12.0048108, 48.1711648 ], [ 12.0047518, 48.1710802 ], [ 12.0046329, 48.1709632 ], [ 12.0045294, 48.1708886 ], [ 12.0045801, 48.1707775 ], [ 12.0046094, 48.1706228 ], [ 12.0045491, 48.170422 ], [ 12.0051138, 48.1705553 ], [ 12.0070285, 48.1712326 ], [ 12.0078366, 48.1715226 ], [ 12.0088576, 48.1719039 ], [ 12.0089486, 48.1719271 ], [ 12.0095133, 48.1711268 ], [ 12.0097066, 48.1709482 ], [ 12.0102202, 48.1704046 ], [ 12.0104159, 48.17022 ], [ 12.010585, 48.1701233 ], [ 12.0107785, 48.1700847 ], [ 12.01161, 48.1700132 ], [ 12.0116383, 48.1699888 ], [ 12.0125834, 48.1689443 ], [ 12.0126421, 48.1688779 ], [ 12.0126566, 48.1688583 ], [ 12.0126651, 48.1688408 ], [ 12.01273, 48.1685506 ], [ 12.0127818, 48.1683399 ], [ 12.0128404, 48.1681418 ], [ 12.0129431, 48.16782 ], [ 12.0130002, 48.1676686 ], [ 12.0130471, 48.1675624 ], [ 12.0132671, 48.1672199 ], [ 12.0133989, 48.16702 ], [ 12.0134697, 48.16689 ], [ 12.0135138, 48.1667848 ], [ 12.0135572, 48.166662 ], [ 12.0136094, 48.1665015 ], [ 12.0136677, 48.1662541 ], [ 12.0136946, 48.1661671 ], [ 12.0137391, 48.1659391 ], [ 12.0137441, 48.1659309 ], [ 12.0139006, 48.1654221 ], [ 12.0140078, 48.1650236 ], [ 12.0142552, 48.1642563 ], [ 12.014273, 48.1642013 ], [ 12.0143945, 48.1636411 ], [ 12.0144768, 48.1634804 ], [ 12.0146148, 48.1632824 ], [ 12.0142613, 48.1634408 ], [ 12.0141535, 48.1634675 ], [ 12.0139306, 48.1634441 ], [ 12.0137544, 48.1634507 ], [ 12.0134982, 48.163382 ], [ 12.0133902, 48.1633735 ], [ 12.0130568, 48.163306 ], [ 12.0128437, 48.163233 ], [ 12.0126865, 48.1632577 ], [ 12.0124974, 48.1633348 ], [ 12.012293, 48.1633513 ], [ 12.0121346, 48.1633107 ], [ 12.0120768, 48.1633263 ], [ 12.0119743, 48.163401 ], [ 12.0114687, 48.1634124 ], [ 12.0111625, 48.1634613 ], [ 12.0109441, 48.1634553 ], [ 12.010661, 48.1635241 ], [ 12.0104198, 48.163525 ], [ 12.0102669, 48.1635554 ], [ 12.0101822, 48.1635722 ], [ 12.0099572, 48.1635434 ], [ 12.0097538, 48.1635443 ], [ 12.0094421, 48.163597 ], [ 12.0091951, 48.1635687 ], [ 12.00896, 48.1635866 ], [ 12.0087424, 48.1635388 ], [ 12.0086759, 48.1635453 ], [ 12.0084365, 48.1635686 ], [ 12.0082042, 48.163474 ], [ 12.0081093, 48.1633737 ], [ 12.0079505, 48.1633764 ], [ 12.0078956, 48.163355 ], [ 12.0078111, 48.1632771 ], [ 12.007662, 48.1632781 ], [ 12.0076063, 48.1631919 ], [ 12.00754, 48.1631767 ], [ 12.0073944, 48.1631987 ], [ 12.0072171, 48.1631357 ], [ 12.0070467, 48.1631359 ], [ 12.0069444, 48.163073 ], [ 12.0068863, 48.1630712 ], [ 12.0068146, 48.1631157 ], [ 12.0067464, 48.1631202 ], [ 12.006551, 48.1630584 ], [ 12.0064093, 48.1630877 ], [ 12.0062271, 48.1630663 ], [ 12.0060404, 48.1631184 ], [ 12.0058857, 48.1630945 ], [ 12.0056973, 48.1630949 ], [ 12.0056601, 48.1630949 ], [ 12.0054848, 48.1630413 ], [ 12.005358, 48.1629301 ], [ 12.005247, 48.1628677 ], [ 12.0050884, 48.1628187 ], [ 12.0049866, 48.1627523 ], [ 12.0047299, 48.1626707 ], [ 12.004512, 48.1627053 ], [ 12.0043081, 48.1627671 ], [ 12.0041342, 48.1627357 ], [ 12.0039637, 48.1629207 ], [ 12.0038129, 48.1629606 ], [ 12.0036833, 48.1629619 ], [ 12.0035865, 48.1628944 ], [ 12.0033022, 48.1628536 ], [ 12.0032086, 48.162869 ], [ 12.0030739, 48.1629562 ], [ 12.0030308, 48.1629733 ], [ 12.0029889, 48.1629901 ], [ 12.0029536, 48.1628682 ], [ 12.0028214, 48.1627611 ], [ 12.0028509, 48.1625433 ], [ 12.0027894, 48.162219 ], [ 12.0026278, 48.1619556 ], [ 12.0021112, 48.1614439 ], [ 12.0021557, 48.1613673 ], [ 12.0035748, 48.1612826 ], [ 12.0042454, 48.161416 ], [ 12.0050472, 48.1609946 ], [ 12.0055798, 48.1607204 ], [ 12.0070615, 48.160055 ], [ 12.0065329, 48.1593834 ], [ 12.0065647, 48.1593305 ], [ 12.0067676, 48.1592823 ], [ 12.0070108, 48.1593376 ], [ 12.0071097, 48.1593575 ], [ 12.0072506, 48.1593858 ], [ 12.0075553, 48.1594412 ], [ 12.0078633, 48.1594892 ], [ 12.0083366, 48.1595478 ], [ 12.0091575, 48.1596449 ], [ 12.0093359, 48.1596639 ], [ 12.0095007, 48.1596749 ], [ 12.0096586, 48.1596771 ], [ 12.0098383, 48.1596705 ], [ 12.0100351, 48.1596556 ], [ 12.0106053, 48.1596059 ], [ 12.0106926, 48.1594508 ], [ 12.0107194, 48.1593988 ], [ 12.0107567, 48.1592744 ], [ 12.011761, 48.1591833 ], [ 12.012151, 48.1591651 ], [ 12.0123188, 48.159159 ], [ 12.0124475, 48.1589256 ], [ 12.0124956, 48.1588096 ], [ 12.0127333, 48.1582303 ], [ 12.012822, 48.1580174 ], [ 12.0128357, 48.1575833 ], [ 12.0127063, 48.1574251 ], [ 12.0127524, 48.1573286 ], [ 12.0132277, 48.1573883 ], [ 12.013346, 48.1573163 ], [ 12.0134643, 48.1572443 ], [ 12.0138552, 48.156782 ], [ 12.0139077, 48.1563678 ], [ 12.0141326, 48.156025 ], [ 12.0140457, 48.1558577 ], [ 12.0139246, 48.1556542 ], [ 12.0138643, 48.1554979 ], [ 12.0138335, 48.1553796 ], [ 12.0138364, 48.1552117 ], [ 12.0138719, 48.155097 ], [ 12.0139072, 48.1550291 ], [ 12.013741, 48.1546352 ], [ 12.0135582, 48.1542009 ], [ 12.0139022, 48.1542908 ], [ 12.0142797, 48.1543521 ], [ 12.0145502, 48.1543508 ], [ 12.0148614, 48.1543586 ], [ 12.0154813, 48.1544177 ], [ 12.0154987, 48.1544208 ], [ 12.0160755, 48.1545764 ], [ 12.0166549, 48.1547247 ], [ 12.0170101, 48.1548256 ], [ 12.0173191, 48.1549199 ], [ 12.0175619, 48.1550014 ], [ 12.0181665, 48.1550121 ], [ 12.0189421, 48.1553026 ], [ 12.0198901, 48.1554843 ], [ 12.0204077, 48.1554885 ], [ 12.0212217, 48.1553536 ], [ 12.02141, 48.1552933 ], [ 12.0215704, 48.15524 ], [ 12.0218826, 48.1551399 ], [ 12.0222677, 48.15476 ], [ 12.0227817, 48.1541074 ], [ 12.0228316, 48.1537297 ], [ 12.0236714, 48.1532905 ], [ 12.0239615, 48.1531384 ], [ 12.0245907, 48.1528735 ], [ 12.0246433, 48.1528481 ], [ 12.0249732, 48.1526321 ], [ 12.0252783, 48.1524326 ], [ 12.0257648, 48.1521143 ], [ 12.0256095, 48.1519591 ], [ 12.025374, 48.1517604 ], [ 12.0249561, 48.1514176 ], [ 12.0251271, 48.1513213 ], [ 12.025563, 48.1510878 ], [ 12.0272759, 48.1501707 ], [ 12.0286699, 48.1494204 ], [ 12.0270031, 48.1480173 ], [ 12.0268101, 48.1478632 ], [ 12.0304427, 48.1457412 ], [ 12.0334202, 48.1440016 ], [ 12.0358312, 48.142621 ], [ 12.0371265, 48.1418791 ], [ 12.0398187, 48.1403373 ], [ 12.0399235, 48.1402772 ], [ 12.0409972, 48.1397377 ], [ 12.0411219, 48.1396804 ], [ 12.0418647, 48.1403554 ], [ 12.0431818, 48.1415073 ], [ 12.04313, 48.1416305 ], [ 12.0426642, 48.142467 ], [ 12.0409682, 48.1455826 ], [ 12.0404279, 48.1466485 ], [ 12.0404089, 48.1466859 ], [ 12.0400738, 48.1472708 ], [ 12.0398887, 48.1475942 ], [ 12.0393891, 48.1484647 ], [ 12.0390001, 48.1492772 ], [ 12.0388405, 48.1495985 ], [ 12.0387512, 48.149748 ], [ 12.0387133, 48.149803 ], [ 12.0381919, 48.1502137 ], [ 12.038097, 48.150318 ], [ 12.0380219, 48.1504204 ], [ 12.037147, 48.1515537 ], [ 12.0367977, 48.1519779 ], [ 12.0366014, 48.1521578 ], [ 12.0365225, 48.1522485 ], [ 12.0362794, 48.1524398 ], [ 12.0360885, 48.1527541 ], [ 12.0359916, 48.1527872 ], [ 12.0346735, 48.1544259 ], [ 12.0339194, 48.1552896 ], [ 12.033678, 48.1555426 ], [ 12.0326936, 48.157428 ], [ 12.0325985, 48.1575461 ], [ 12.0324626, 48.1577184 ], [ 12.0319925, 48.1586453 ], [ 12.0319511, 48.1587459 ], [ 12.0319929, 48.1588153 ], [ 12.0320888, 48.1589354 ], [ 12.0331862, 48.1603096 ], [ 12.0333178, 48.1604833 ], [ 12.0336006, 48.1604786 ], [ 12.0361776, 48.1604276 ], [ 12.0363316, 48.1604123 ], [ 12.0366644, 48.1603448 ], [ 12.039367, 48.1596924 ], [ 12.0396124, 48.1595754 ], [ 12.039763, 48.1593926 ], [ 12.0397027, 48.1593956 ], [ 12.0394416, 48.1594283 ], [ 12.0393574, 48.1594469 ], [ 12.0392618, 48.1593893 ], [ 12.0393123, 48.1593725 ], [ 12.0401423, 48.1589351 ], [ 12.0403277, 48.1587872 ], [ 12.0404318, 48.1587037 ], [ 12.0404726, 48.1586986 ], [ 12.0406686, 48.1586097 ], [ 12.0407926, 48.1585781 ], [ 12.0409388, 48.1585098 ], [ 12.0412922, 48.1584027 ], [ 12.0413504, 48.1581674 ], [ 12.0412667, 48.1578128 ], [ 12.0411554, 48.1575414 ], [ 12.0409616, 48.1572094 ], [ 12.0408401, 48.1569241 ], [ 12.0406661, 48.1564321 ], [ 12.0406263, 48.1562528 ], [ 12.0406573, 48.1562342 ], [ 12.0410205, 48.1560352 ], [ 12.0411377, 48.1559793 ], [ 12.0411559, 48.1559671 ], [ 12.0412948, 48.1558394 ], [ 12.0413746, 48.1557828 ], [ 12.0414337, 48.1557122 ], [ 12.0415688, 48.1555972 ], [ 12.0418201, 48.1554774 ], [ 12.0425, 48.1552816 ], [ 12.0427496, 48.1551498 ], [ 12.0429503, 48.1549433 ], [ 12.043314, 48.1543705 ], [ 12.0435171, 48.1542355 ], [ 12.0449554, 48.1540671 ], [ 12.0451634, 48.1540396 ], [ 12.0452207, 48.1540354 ], [ 12.0453665, 48.1540362 ], [ 12.0464263, 48.1540494 ], [ 12.0464458, 48.1540486 ], [ 12.046722, 48.1540222 ], [ 12.0468487, 48.1540291 ], [ 12.0471165, 48.1541017 ], [ 12.0472216, 48.1541371 ], [ 12.0472983, 48.154163 ], [ 12.0474362, 48.1542209 ], [ 12.0474218, 48.154155 ], [ 12.0473905, 48.1539826 ], [ 12.0473793, 48.1538666 ], [ 12.0473774, 48.153844 ], [ 12.0475633, 48.1538544 ], [ 12.0480723, 48.1538602 ], [ 12.0481582, 48.1538557 ], [ 12.0481843, 48.1538543 ], [ 12.048254, 48.1538423 ], [ 12.0483334, 48.15384 ], [ 12.0484159, 48.1538467 ], [ 12.0484958, 48.1538659 ], [ 12.0488317, 48.1539532 ], [ 12.0489927, 48.1539846 ], [ 12.0491372, 48.1540094 ], [ 12.0492158, 48.1540839 ], [ 12.0493574, 48.1541997 ], [ 12.0492997, 48.1543421 ], [ 12.0493847, 48.1543631 ], [ 12.0494607, 48.1545826 ], [ 12.0499444, 48.154469 ], [ 12.0502902, 48.1542748 ], [ 12.0506852, 48.154198 ], [ 12.0509226, 48.1543335 ], [ 12.0511858, 48.1544482 ], [ 12.0513519, 48.1547216 ], [ 12.051349, 48.1547694 ], [ 12.0513606, 48.1550813 ], [ 12.0513437, 48.1551491 ], [ 12.0513138, 48.1553022 ], [ 12.0511437, 48.1554437 ], [ 12.0510743, 48.1555016 ], [ 12.0506791, 48.1557804 ], [ 12.0502352, 48.1557527 ], [ 12.049953, 48.1556429 ], [ 12.0496869, 48.1554837 ], [ 12.0495991, 48.1554507 ], [ 12.0494584, 48.1554145 ], [ 12.0493785, 48.155394 ], [ 12.0493578, 48.155416 ], [ 12.0492418, 48.1555199 ], [ 12.0491588, 48.1556328 ], [ 12.0491335, 48.1556804 ], [ 12.0491046, 48.1557454 ], [ 12.0490752, 48.1558468 ], [ 12.0490682, 48.1559028 ], [ 12.0490664, 48.155946 ], [ 12.049073, 48.1560733 ], [ 12.0490847, 48.1561716 ], [ 12.0490847, 48.1562626 ], [ 12.0490767, 48.1562877 ], [ 12.0490412, 48.156342 ], [ 12.0490352, 48.1563564 ], [ 12.0490349, 48.1563689 ], [ 12.0490463, 48.1564097 ], [ 12.0490758, 48.1564132 ], [ 12.0490909, 48.1564174 ], [ 12.0491291, 48.1564247 ], [ 12.0491494, 48.1564315 ], [ 12.0491714, 48.1564415 ], [ 12.0491963, 48.1564652 ], [ 12.0492464, 48.1565379 ], [ 12.0492954, 48.1566168 ], [ 12.0493429, 48.1568041 ], [ 12.0493555, 48.1568536 ], [ 12.0493662, 48.1569463 ], [ 12.049282, 48.1570836 ], [ 12.0495542, 48.1575172 ], [ 12.0496281, 48.1576953 ], [ 12.0497223, 48.1579227 ], [ 12.0498902, 48.1581464 ], [ 12.0500898, 48.1584122 ], [ 12.0501916, 48.158548 ], [ 12.0502926, 48.1587964 ], [ 12.0504792, 48.1592344 ], [ 12.0505194, 48.1592433 ], [ 12.050551, 48.1592572 ], [ 12.0505765, 48.1592754 ], [ 12.0508962, 48.1596507 ], [ 12.0513033, 48.1599847 ], [ 12.0513689, 48.1600914 ], [ 12.0513737, 48.160116 ], [ 12.0513551, 48.1602409 ], [ 12.0514427, 48.1604523 ], [ 12.0514419, 48.1606689 ], [ 12.0515577, 48.1608692 ], [ 12.0515628, 48.1608909 ], [ 12.051541, 48.1612084 ], [ 12.0515785, 48.1612785 ], [ 12.0515833, 48.1612822 ], [ 12.0517641, 48.1612106 ], [ 12.0523908, 48.1616126 ], [ 12.0528098, 48.1616264 ], [ 12.0530162, 48.1618426 ], [ 12.0530705, 48.1619688 ], [ 12.0531106, 48.1619769 ], [ 12.0531411, 48.1619894 ], [ 12.0531664, 48.1620061 ], [ 12.0531852, 48.1620261 ], [ 12.0532588, 48.162168 ], [ 12.0532923, 48.1622992 ], [ 12.0533112, 48.1623734 ], [ 12.0534138, 48.1624482 ], [ 12.0534314, 48.1624642 ], [ 12.0534376, 48.1624774 ], [ 12.0534455, 48.1625689 ], [ 12.0534737, 48.1625548 ], [ 12.0535288, 48.1625136 ], [ 12.0535819, 48.1624739 ], [ 12.0536253, 48.1624505 ], [ 12.0536767, 48.1624226 ], [ 12.0537568, 48.1623919 ], [ 12.0538712, 48.1623614 ], [ 12.054009, 48.1623403 ], [ 12.0543543, 48.1623229 ], [ 12.0545023, 48.1623187 ], [ 12.054679, 48.1623227 ], [ 12.0548006, 48.1623215 ], [ 12.0549044, 48.162503 ], [ 12.0554365, 48.1626152 ], [ 12.0559729, 48.1628819 ], [ 12.0560427, 48.1629004 ], [ 12.0562344, 48.1629725 ], [ 12.0568775, 48.1633267 ], [ 12.0568959, 48.163341 ], [ 12.0569889, 48.1634474 ], [ 12.0571607, 48.1635314 ], [ 12.0571841, 48.1635491 ], [ 12.0572008, 48.1635694 ], [ 12.0573175, 48.1638748 ], [ 12.0573396, 48.1639428 ], [ 12.057604, 48.1639742 ], [ 12.0579582, 48.1641438 ], [ 12.058077, 48.1641388 ], [ 12.0583445, 48.1642355 ], [ 12.0585465, 48.1643564 ], [ 12.0587383, 48.1643976 ], [ 12.0589792, 48.1644122 ], [ 12.0592755, 48.1644172 ], [ 12.0597167, 48.1644484 ], [ 12.0608874, 48.1645539 ], [ 12.0615831, 48.1646098 ], [ 12.0624027, 48.1646669 ], [ 12.0624514, 48.1647208 ], [ 12.0625254, 48.164778 ], [ 12.0626135, 48.1648233 ], [ 12.0627141, 48.1648638 ], [ 12.0627787, 48.1648831 ], [ 12.062867, 48.1649096 ], [ 12.0629096, 48.1649137 ], [ 12.0629459, 48.1649111 ], [ 12.0629625, 48.1649076 ], [ 12.0629831, 48.1649016 ], [ 12.0630153, 48.164886 ], [ 12.0630404, 48.1648654 ], [ 12.0630568, 48.164841 ], [ 12.0630778, 48.1648043 ], [ 12.0631226, 48.1647561 ], [ 12.0632041, 48.1646802 ], [ 12.0634011, 48.164538 ], [ 12.0634394, 48.1645149 ], [ 12.0636331, 48.1644429 ], [ 12.0637066, 48.1644056 ], [ 12.0637697, 48.1643556 ], [ 12.0638278, 48.1642906 ], [ 12.0638746, 48.1642116 ], [ 12.0639613, 48.1641537 ], [ 12.0643362, 48.1640483 ], [ 12.0646589, 48.1641111 ], [ 12.0649603, 48.1641589 ], [ 12.0650754, 48.1640973 ], [ 12.0651995, 48.1640335 ], [ 12.0654649, 48.1639172 ], [ 12.0655337, 48.1638907 ], [ 12.0655987, 48.1638688 ], [ 12.0657194, 48.1638484 ], [ 12.0657735, 48.1638356 ], [ 12.0665116, 48.1636641 ], [ 12.0677094, 48.1633853 ], [ 12.0681322, 48.1633092 ], [ 12.06835, 48.1632766 ], [ 12.0686738, 48.1632209 ], [ 12.0691117, 48.1631669 ], [ 12.0692598, 48.163138 ], [ 12.0695292, 48.1630398 ], [ 12.0699969, 48.1628339 ], [ 12.0700151, 48.1629719 ], [ 12.070088, 48.1634126 ], [ 12.0700385, 48.1634545 ], [ 12.0700232, 48.1634774 ], [ 12.0700012, 48.1635616 ], [ 12.0700037, 48.1635781 ], [ 12.0691573, 48.1637636 ], [ 12.0685692, 48.1638203 ], [ 12.0675787, 48.1640347 ], [ 12.0676634, 48.1646525 ], [ 12.0705205, 48.1647019 ], [ 12.0705072, 48.1650855 ], [ 12.0720396, 48.1653847 ], [ 12.0736486, 48.1650664 ], [ 12.0736178, 48.1649032 ], [ 12.0735726, 48.1642845 ], [ 12.0736061, 48.1642522 ], [ 12.073892, 48.1641414 ], [ 12.0739112, 48.1641339 ], [ 12.0739241, 48.1641252 ], [ 12.0739138, 48.1640115 ], [ 12.074677, 48.1641894 ], [ 12.0747229, 48.1642194 ], [ 12.0747408, 48.1643382 ], [ 12.0747769, 48.1643911 ], [ 12.0751145, 48.164526 ], [ 12.075246, 48.1645991 ], [ 12.0755109, 48.1647466 ], [ 12.0757688, 48.1648514 ], [ 12.0760726, 48.1649349 ], [ 12.0762847, 48.1650296 ], [ 12.0763761, 48.1650704 ], [ 12.0765217, 48.1650782 ], [ 12.0766769, 48.1650539 ], [ 12.0767439, 48.1650973 ], [ 12.0767348, 48.1651582 ], [ 12.0769719, 48.1652016 ], [ 12.0771938, 48.1652786 ], [ 12.0772568, 48.165275 ], [ 12.077417, 48.1652212 ], [ 12.077496, 48.1652396 ], [ 12.0776015, 48.1653097 ], [ 12.077757, 48.165294 ], [ 12.0779203, 48.1653118 ], [ 12.0780598, 48.1653531 ], [ 12.0785091, 48.1655737 ], [ 12.0786816, 48.1656356 ], [ 12.0789451, 48.1656526 ], [ 12.0791035, 48.1656204 ], [ 12.0792553, 48.1656314 ], [ 12.0795564, 48.1656957 ], [ 12.0797011, 48.1657837 ], [ 12.0799362, 48.1657842 ], [ 12.080069, 48.1658269 ], [ 12.0801982, 48.1658181 ], [ 12.0803085, 48.1658985 ], [ 12.0804302, 48.1659409 ], [ 12.0803893, 48.1660325 ], [ 12.0804288, 48.1660807 ], [ 12.0806716, 48.1661522 ], [ 12.0807476, 48.1662126 ], [ 12.0808548, 48.1655293 ], [ 12.0808877, 48.1653119 ], [ 12.0809016, 48.1652502 ], [ 12.0809519, 48.1651024 ], [ 12.0810043, 48.1649324 ], [ 12.0810391, 48.1648479 ], [ 12.0810797, 48.1647788 ], [ 12.0810933, 48.1647637 ], [ 12.0813118, 48.1643745 ], [ 12.0813665, 48.1642027 ], [ 12.0814577, 48.1639143 ], [ 12.0815339, 48.1637691 ], [ 12.0817831, 48.16382 ], [ 12.0820983, 48.1640749 ], [ 12.0823325, 48.1643058 ], [ 12.082541, 48.1647637 ], [ 12.0829996, 48.164934 ], [ 12.0833194, 48.1651301 ], [ 12.0835442, 48.1651883 ], [ 12.0836955, 48.1652034 ], [ 12.0838133, 48.1653107 ], [ 12.0854678, 48.1662523 ], [ 12.0860587, 48.1666092 ], [ 12.0868847, 48.1670848 ], [ 12.0873018, 48.167295 ], [ 12.0891791, 48.1683587 ], [ 12.0900251, 48.168774 ], [ 12.0904406, 48.1690106 ], [ 12.0905573, 48.1690653 ], [ 12.0906431, 48.1690541 ], [ 12.0910709, 48.1689897 ], [ 12.0913817, 48.1689436 ], [ 12.0917215, 48.1688872 ], [ 12.0923119, 48.1687695 ], [ 12.0933705, 48.1685309 ], [ 12.0940727, 48.1683807 ], [ 12.0948249, 48.1681537 ], [ 12.0951466, 48.168198 ], [ 12.0959327, 48.1683629 ], [ 12.0964038, 48.1684642 ], [ 12.0964396, 48.1684731 ], [ 12.0993213, 48.1693639 ], [ 12.0995129, 48.1687912 ], [ 12.1000117, 48.1688932 ], [ 12.1008527, 48.1685573 ], [ 12.1011632, 48.1687254 ], [ 12.1013939, 48.1687867 ], [ 12.1016691, 48.1688432 ], [ 12.1020679, 48.1688296 ], [ 12.1024783, 48.1687646 ], [ 12.1036389, 48.1692384 ], [ 12.1037724, 48.1693776 ], [ 12.1037739, 48.1693845 ], [ 12.1037989, 48.1694977 ], [ 12.1035026, 48.1700713 ], [ 12.1033238, 48.1702898 ], [ 12.1031777, 48.1704122 ], [ 12.1029733, 48.1704902 ], [ 12.1026692, 48.1705968 ], [ 12.1024791, 48.1707054 ], [ 12.1013508, 48.1716623 ], [ 12.100857, 48.1717807 ], [ 12.1007677, 48.1718244 ], [ 12.1002836, 48.171738 ], [ 12.1000261, 48.1716805 ], [ 12.0994902, 48.1717028 ], [ 12.0992187, 48.1717869 ], [ 12.0990808, 48.1718933 ], [ 12.0991167, 48.1720522 ], [ 12.0992417, 48.1722691 ], [ 12.0994068, 48.1724195 ], [ 12.0996788, 48.1725241 ], [ 12.0998782, 48.1725774 ], [ 12.1004615, 48.1727303 ], [ 12.1005832, 48.1727747 ], [ 12.1012121, 48.1728765 ], [ 12.1017528, 48.1734044 ], [ 12.1022051, 48.1737954 ], [ 12.102326, 48.1739215 ], [ 12.1023546, 48.1739635 ], [ 12.1023813, 48.1740029 ], [ 12.1024133, 48.1740644 ], [ 12.1024379, 48.1741246 ], [ 12.1024591, 48.1741975 ], [ 12.1024758, 48.1742439 ], [ 12.1025938, 48.1746388 ], [ 12.1024671, 48.1747022 ], [ 12.1023445, 48.1747635 ], [ 12.1025249, 48.1749932 ], [ 12.102623, 48.1751029 ], [ 12.1026447, 48.1751184 ], [ 12.1036357, 48.1755872 ], [ 12.1037888, 48.1756712 ], [ 12.1039619, 48.1757364 ], [ 12.1040534, 48.175779 ], [ 12.1042567, 48.1759575 ], [ 12.1045459, 48.1761323 ], [ 12.1050727, 48.1763955 ], [ 12.1058906, 48.1768658 ], [ 12.1067034, 48.1772405 ], [ 12.1077008, 48.1776675 ], [ 12.1078987, 48.1777764 ], [ 12.1085269, 48.1783116 ], [ 12.1087198, 48.1784568 ], [ 12.1092279, 48.1786521 ], [ 12.1067922, 48.1791114 ], [ 12.1063074, 48.1792344 ], [ 12.1062635, 48.1792849 ], [ 12.1061926, 48.1793388 ], [ 12.106118, 48.1793846 ], [ 12.1060284, 48.1794292 ], [ 12.1060235, 48.179447 ], [ 12.1058565, 48.1798328 ], [ 12.105802, 48.1803579 ], [ 12.1058327, 48.1811598 ], [ 12.1059294, 48.1814681 ], [ 12.1060518, 48.1816455 ], [ 12.1063576, 48.1819446 ], [ 12.1067198, 48.1822991 ], [ 12.1079122, 48.1833082 ], [ 12.108317, 48.1837754 ], [ 12.1087041, 48.1842398 ], [ 12.1091405, 48.1844378 ], [ 12.1093478, 48.1845292 ], [ 12.1094283, 48.1846244 ], [ 12.1097675, 48.1849531 ], [ 12.110651, 48.185427 ], [ 12.1110852, 48.1856618 ], [ 12.111228, 48.1857699 ], [ 12.1118219, 48.1856258 ], [ 12.1121575, 48.1855135 ], [ 12.1121424, 48.1854877 ], [ 12.1120319, 48.1853228 ], [ 12.112036, 48.1852354 ], [ 12.1120508, 48.1849703 ], [ 12.1120522, 48.1849028 ], [ 12.1122245, 48.1848944 ], [ 12.1122768, 48.1848888 ], [ 12.1124599, 48.1848688 ], [ 12.1126331, 48.1848577 ], [ 12.1129791, 48.1848768 ], [ 12.1133739, 48.1849033 ], [ 12.113565, 48.1849041 ], [ 12.1136939, 48.1848989 ], [ 12.1138164, 48.1848783 ], [ 12.1140059, 48.184837 ], [ 12.1140285, 48.184829 ], [ 12.1141095, 48.1848072 ], [ 12.1142411, 48.184774 ], [ 12.114561, 48.1846137 ], [ 12.1150609, 48.1844097 ], [ 12.1158172, 48.1842256 ], [ 12.1158502, 48.1840743 ], [ 12.1158834, 48.183923 ], [ 12.1168145, 48.1835494 ], [ 12.1172931, 48.1833613 ], [ 12.1174998, 48.1831216 ], [ 12.1176114, 48.1829036 ], [ 12.1178737, 48.1824588 ], [ 12.1181977, 48.1825941 ], [ 12.1185905, 48.1826499 ], [ 12.1195312, 48.1826717 ], [ 12.1198285, 48.1826862 ], [ 12.1201704, 48.1827021 ], [ 12.1204125, 48.1827706 ], [ 12.1206828, 48.1828505 ], [ 12.121241, 48.1829612 ], [ 12.121368, 48.1829806 ], [ 12.1215407, 48.182986 ], [ 12.1217002, 48.182976 ], [ 12.1217853, 48.1829541 ], [ 12.1222712, 48.1830058 ], [ 12.1223205, 48.18274 ], [ 12.1223818, 48.1827112 ], [ 12.1225909, 48.1826553 ], [ 12.1227073, 48.1827193 ], [ 12.1234274, 48.182848 ], [ 12.1237582, 48.182866 ], [ 12.1248039, 48.1830183 ], [ 12.124903, 48.183037 ], [ 12.1251397, 48.1830816 ], [ 12.1253391, 48.1831705 ], [ 12.1258226, 48.1836076 ], [ 12.1259875, 48.1837773 ], [ 12.1258932, 48.1840547 ], [ 12.1256823, 48.1845083 ], [ 12.1255738, 48.1848016 ], [ 12.1252429, 48.1849635 ], [ 12.1249034, 48.1851163 ], [ 12.1245016, 48.1852491 ], [ 12.124312, 48.1853318 ], [ 12.1241856, 48.1853821 ], [ 12.1240153, 48.1854402 ], [ 12.1238604, 48.185481 ], [ 12.1236229, 48.1855361 ], [ 12.1234557, 48.1855702 ], [ 12.1228759, 48.1856545 ], [ 12.1226457, 48.1857104 ], [ 12.1226153, 48.1857266 ], [ 12.1225793, 48.1857379 ], [ 12.1222394, 48.1858549 ], [ 12.122385, 48.1862365 ], [ 12.1227788, 48.1862396 ], [ 12.123873, 48.1863573 ], [ 12.1244019, 48.1862529 ], [ 12.1251766, 48.1861848 ], [ 12.1256209, 48.1861225 ], [ 12.1270888, 48.1858201 ], [ 12.1280086, 48.1856853 ], [ 12.1280138, 48.1854519 ], [ 12.128044, 48.1852565 ], [ 12.128077, 48.1850314 ], [ 12.1283213, 48.1850138 ], [ 12.1292413, 48.185 ], [ 12.1315346, 48.1849718 ], [ 12.1314804, 48.1842258 ], [ 12.1315558, 48.184224 ], [ 12.1323607, 48.1842169 ], [ 12.1323354, 48.1845968 ], [ 12.13234, 48.1864196 ], [ 12.1311045, 48.18658 ], [ 12.1311311, 48.1869623 ], [ 12.1312694, 48.1874164 ], [ 12.1320297, 48.187308 ], [ 12.1325093, 48.1883396 ], [ 12.1333381, 48.1881782 ], [ 12.1336197, 48.188117 ], [ 12.1337756, 48.1880792 ], [ 12.1339581, 48.1880312 ], [ 12.1342022, 48.1879622 ], [ 12.1343433, 48.187919 ], [ 12.1346337, 48.1878157 ], [ 12.1349305, 48.187707 ], [ 12.1354143, 48.1875375 ], [ 12.1356172, 48.1874704 ], [ 12.1356993, 48.1876314 ], [ 12.1358433, 48.1878548 ], [ 12.1363087, 48.1888239 ], [ 12.1364829, 48.1891002 ], [ 12.1368892, 48.189687 ], [ 12.13682, 48.1897579 ], [ 12.1368869, 48.1898741 ], [ 12.136978, 48.190032 ], [ 12.1371905, 48.1907916 ], [ 12.1371742, 48.1912918 ], [ 12.1369734, 48.1917981 ], [ 12.1368648, 48.1920739 ], [ 12.136826, 48.1927865 ], [ 12.1368306, 48.1928745 ], [ 12.1368618, 48.1941565 ], [ 12.1373755, 48.1942219 ], [ 12.1381701, 48.1943005 ], [ 12.139256, 48.1943574 ], [ 12.1394951, 48.1933446 ], [ 12.1395074, 48.1932442 ], [ 12.1395661, 48.192944 ], [ 12.1406834, 48.192845 ], [ 12.1407531, 48.1928447 ], [ 12.1408278, 48.1927481 ], [ 12.1409024, 48.1926515 ], [ 12.1411862, 48.1924111 ], [ 12.1413911, 48.1922448 ], [ 12.1414321, 48.1922195 ], [ 12.1414951, 48.1921805 ], [ 12.1417642, 48.192055 ], [ 12.1417945, 48.1920466 ], [ 12.1418271, 48.1920428 ], [ 12.142325, 48.1920569 ], [ 12.1423518, 48.1920608 ], [ 12.1427723, 48.1921815 ], [ 12.1431496, 48.1923301 ], [ 12.1434514, 48.1925358 ], [ 12.143654, 48.1926421 ], [ 12.1437277, 48.1926847 ], [ 12.1438417, 48.1927166 ], [ 12.144225, 48.1927795 ], [ 12.1444711, 48.1927701 ], [ 12.1445449, 48.1927673 ], [ 12.1447017, 48.1927189 ], [ 12.1448258, 48.1926912 ], [ 12.1448864, 48.1927768 ], [ 12.1451212, 48.192994 ], [ 12.1453695, 48.1931472 ], [ 12.1454494, 48.1931599 ], [ 12.1456378, 48.1931292 ], [ 12.145665, 48.1931308 ], [ 12.1456923, 48.1931324 ], [ 12.1457806, 48.1931414 ], [ 12.1458986, 48.193155 ], [ 12.1459641, 48.193154 ], [ 12.14602, 48.1931334 ], [ 12.1461632, 48.1930518 ], [ 12.1462734, 48.1930098 ], [ 12.1465661, 48.1929289 ], [ 12.1468938, 48.1927478 ], [ 12.1472993, 48.1924665 ], [ 12.1474779, 48.192305 ], [ 12.1476596, 48.1920383 ], [ 12.1477712, 48.1918398 ], [ 12.1478453, 48.1917655 ], [ 12.1481608, 48.1918016 ], [ 12.148494, 48.1918651 ], [ 12.14882, 48.1919041 ], [ 12.1502592, 48.1922102 ], [ 12.1507682, 48.1922298 ], [ 12.1510867, 48.1922204 ], [ 12.1518912, 48.1921085 ], [ 12.1521503, 48.192043 ], [ 12.153265, 48.1920248 ], [ 12.1532813, 48.1920795 ], [ 12.1532678, 48.1922179 ], [ 12.1533604, 48.1924671 ], [ 12.1533653, 48.1926902 ], [ 12.1534117, 48.192801 ], [ 12.1534225, 48.1930578 ], [ 12.1535136, 48.1932106 ], [ 12.1536703, 48.1933023 ], [ 12.1537532, 48.1933964 ], [ 12.1538031, 48.1935691 ], [ 12.1538277, 48.1939456 ], [ 12.1536237, 48.1939163 ], [ 12.15371, 48.1941982 ], [ 12.1537522, 48.1943356 ], [ 12.1533051, 48.1943323 ], [ 12.1530848, 48.1945254 ], [ 12.1522164, 48.1946469 ], [ 12.1520885, 48.1947546 ], [ 12.1519957, 48.1948609 ], [ 12.151966, 48.1949277 ], [ 12.1519511, 48.1949455 ], [ 12.1519307, 48.1949607 ], [ 12.1518925, 48.1949794 ], [ 12.1516511, 48.1952562 ], [ 12.1505804, 48.195255 ], [ 12.1505481, 48.1953569 ], [ 12.1505421, 48.1954391 ], [ 12.1505349, 48.1954572 ], [ 12.1505032, 48.1954994 ], [ 12.1504809, 48.1955699 ], [ 12.1501694, 48.1956263 ], [ 12.1500014, 48.1957572 ], [ 12.1496021, 48.1959251 ], [ 12.1496196, 48.1959538 ], [ 12.1496483, 48.1959781 ], [ 12.1496623, 48.1959986 ], [ 12.1496671, 48.1960314 ], [ 12.1497225, 48.1961219 ], [ 12.1494508, 48.1962856 ], [ 12.1498342, 48.1963551 ], [ 12.1504044, 48.1967569 ], [ 12.1504527, 48.1967798 ], [ 12.1505874, 48.1968439 ], [ 12.1508531, 48.1969726 ], [ 12.1510751, 48.196949 ], [ 12.1512722, 48.1969161 ], [ 12.151663, 48.1968736 ], [ 12.1519762, 48.1968426 ], [ 12.152136, 48.1968341 ], [ 12.1522446, 48.1968334 ], [ 12.1523575, 48.196838 ], [ 12.1526265, 48.1968743 ], [ 12.1527536, 48.1969975 ], [ 12.1528296, 48.197122 ], [ 12.1529179, 48.1972514 ], [ 12.1530454, 48.1974276 ], [ 12.1531364, 48.197542 ], [ 12.1532103, 48.1976157 ], [ 12.1532547, 48.1976432 ], [ 12.1533051, 48.1976741 ], [ 12.1533317, 48.1976848 ], [ 12.1533719, 48.197694 ], [ 12.1534352, 48.1977194 ], [ 12.1537899, 48.1980053 ], [ 12.1544071, 48.1982492 ], [ 12.1548568, 48.198423 ], [ 12.1550672, 48.1985024 ], [ 12.1556541, 48.1987241 ], [ 12.1565103, 48.1990894 ], [ 12.1565427, 48.1991021 ], [ 12.1569051, 48.1993592 ], [ 12.1569731, 48.1995 ], [ 12.1569351, 48.2000788 ], [ 12.1570742, 48.2001898 ], [ 12.1572371, 48.200057 ], [ 12.1572632, 48.2000434 ], [ 12.157293, 48.2000337 ], [ 12.1573531, 48.2000233 ], [ 12.157432, 48.2000224 ], [ 12.1575415, 48.2000495 ], [ 12.1575745, 48.2000648 ], [ 12.1576002, 48.2000849 ], [ 12.1576708, 48.2001802 ], [ 12.1576788, 48.2002016 ], [ 12.1576801, 48.2002331 ], [ 12.1577461, 48.2002685 ], [ 12.1578509, 48.2002958 ], [ 12.1578789, 48.2003079 ], [ 12.1579023, 48.2003237 ], [ 12.1579923, 48.2004166 ], [ 12.1580032, 48.2004345 ], [ 12.1580181, 48.2004848 ], [ 12.1581784, 48.200552 ], [ 12.1583383, 48.2005827 ], [ 12.1586444, 48.2005602 ], [ 12.1594411, 48.2003817 ], [ 12.1596352, 48.2003711 ], [ 12.159988, 48.2003941 ], [ 12.1603438, 48.2003872 ], [ 12.1605727, 48.2004037 ], [ 12.1625149, 48.2003955 ], [ 12.1631383, 48.200376 ], [ 12.1637546, 48.2005091 ], [ 12.1638828, 48.2004956 ], [ 12.1639598, 48.2004731 ], [ 12.1644534, 48.2003296 ], [ 12.1651454, 48.200118 ], [ 12.1651795, 48.2001161 ], [ 12.1651999, 48.2001179 ], [ 12.1654341, 48.2001025 ], [ 12.1654581, 48.2001034 ], [ 12.165808, 48.2001564 ], [ 12.1660653, 48.2002237 ], [ 12.1664167, 48.2002574 ], [ 12.1665334, 48.2001838 ], [ 12.1667195, 48.2001154 ], [ 12.1667544, 48.2001091 ], [ 12.1667902, 48.2001085 ], [ 12.1668251, 48.2001134 ], [ 12.1670746, 48.2001911 ], [ 12.1672466, 48.2001276 ], [ 12.1672809, 48.2001214 ], [ 12.1675294, 48.2001165 ], [ 12.1675608, 48.2001204 ], [ 12.1677683, 48.200178 ], [ 12.1680901, 48.2001551 ], [ 12.1682203, 48.2001459 ], [ 12.1682589, 48.2001495 ], [ 12.1685426, 48.2002206 ], [ 12.168859, 48.200211 ], [ 12.1689853, 48.2002072 ], [ 12.1692453, 48.2002348 ], [ 12.1696115, 48.2002021 ], [ 12.1704552, 48.2002087 ], [ 12.1704847, 48.2002126 ], [ 12.1706419, 48.2002542 ], [ 12.1706658, 48.2002637 ], [ 12.1709344, 48.2004166 ], [ 12.1712513, 48.2004213 ], [ 12.171282, 48.2004256 ], [ 12.1713109, 48.2004336 ], [ 12.1714513, 48.2004946 ], [ 12.1716263, 48.200538 ], [ 12.1716558, 48.2005505 ], [ 12.1719388, 48.2007346 ], [ 12.171999, 48.2007412 ], [ 12.1720953, 48.2008552 ], [ 12.1722263, 48.2010103 ], [ 12.1722533, 48.2010201 ], [ 12.1722686, 48.2010373 ], [ 12.1723637, 48.2012645 ], [ 12.1723443, 48.2015079 ], [ 12.1723507, 48.2015313 ], [ 12.1724721, 48.2017113 ], [ 12.172491, 48.2017285 ], [ 12.1728152, 48.2019189 ], [ 12.1728339, 48.2019366 ], [ 12.1728381, 48.202058 ], [ 12.1728502, 48.2020843 ], [ 12.1728728, 48.2021073 ], [ 12.1729814, 48.2021706 ], [ 12.1731345, 48.202376 ], [ 12.1732054, 48.2027521 ], [ 12.173213, 48.2027719 ], [ 12.1732662, 48.202861 ], [ 12.1733012, 48.2029715 ], [ 12.1733248, 48.2030463 ], [ 12.1732903, 48.2032741 ], [ 12.1731475, 48.203586 ], [ 12.1730833, 48.2039708 ], [ 12.1728843, 48.2043734 ], [ 12.1728237, 48.2045575 ], [ 12.1726535, 48.204773 ], [ 12.1725992, 48.2049685 ], [ 12.1726004, 48.2049917 ], [ 12.1726998, 48.2052542 ], [ 12.1727848, 48.2053875 ], [ 12.1725077, 48.2054999 ], [ 12.1724335, 48.2055302 ], [ 12.1724269, 48.2060625 ], [ 12.1723755, 48.2061027 ], [ 12.1712589, 48.2069754 ], [ 12.1712223, 48.2069972 ], [ 12.1711452, 48.2070652 ], [ 12.1710062, 48.2072028 ], [ 12.1707895, 48.2073997 ], [ 12.1709566, 48.2074268 ], [ 12.1715706, 48.2075264 ], [ 12.1717722, 48.2075592 ], [ 12.1729172, 48.2076221 ], [ 12.1735137, 48.2075427 ], [ 12.1750516, 48.2074443 ], [ 12.1754951, 48.2074732 ], [ 12.1763657, 48.2073847 ], [ 12.1768683, 48.2073374 ], [ 12.1770186, 48.2073232 ], [ 12.1772125, 48.2073197 ], [ 12.177518, 48.2073014 ], [ 12.1779692, 48.2079127 ], [ 12.1780427, 48.2080114 ], [ 12.1780837, 48.2080904 ], [ 12.1780977, 48.2081434 ], [ 12.1787564, 48.2081314 ], [ 12.1791003, 48.2081286 ], [ 12.179385, 48.2081283 ], [ 12.178947, 48.2072061 ], [ 12.1787266, 48.2067557 ], [ 12.1787856, 48.2067174 ], [ 12.1789497, 48.2065923 ], [ 12.1791087, 48.2065396 ], [ 12.1791087, 48.2064653 ], [ 12.1790885, 48.2062134 ], [ 12.1791585, 48.2059874 ], [ 12.1791485, 48.2058495 ], [ 12.179172, 48.2057566 ], [ 12.1792646, 48.2056462 ], [ 12.1793912, 48.2051906 ], [ 12.1781031, 48.2049741 ], [ 12.1775477, 48.2047171 ], [ 12.177428, 48.2046732 ], [ 12.1771166, 48.2045337 ], [ 12.1771082, 48.2043671 ], [ 12.1770401, 48.2028851 ], [ 12.1770428, 48.2028515 ], [ 12.177646, 48.2025694 ], [ 12.1783042, 48.2017637 ], [ 12.1800525, 48.2004729 ], [ 12.1804936, 48.2009389 ], [ 12.1830662, 48.2019097 ], [ 12.1828095, 48.2020492 ], [ 12.182792, 48.202062 ], [ 12.1827253, 48.2021304 ], [ 12.1826786, 48.2022253 ], [ 12.1826834, 48.2022266 ], [ 12.1826481, 48.2024156 ], [ 12.1826509, 48.2024367 ], [ 12.182732, 48.2026053 ], [ 12.1827451, 48.2027273 ], [ 12.1827238, 48.2027854 ], [ 12.1825016, 48.2029787 ], [ 12.1826072, 48.2030449 ], [ 12.1827187, 48.203106 ], [ 12.1827617, 48.2031611 ], [ 12.1828043, 48.2032621 ], [ 12.182824, 48.2032817 ], [ 12.1836977, 48.2041093 ], [ 12.1836042, 48.2042525 ], [ 12.1835342, 48.2043597 ], [ 12.1847256, 48.2044066 ], [ 12.1850698, 48.2044165 ], [ 12.1844442, 48.2057005 ], [ 12.184241, 48.2057299 ], [ 12.1837995, 48.2057939 ], [ 12.1837519, 48.2058135 ], [ 12.1835993, 48.2058584 ], [ 12.1834232, 48.205897 ], [ 12.1833434, 48.2059187 ], [ 12.1831889, 48.2058538 ], [ 12.1830377, 48.205926 ], [ 12.1829207, 48.2060063 ], [ 12.1828424, 48.2061066 ], [ 12.1828031, 48.2061753 ], [ 12.1826579, 48.2065524 ], [ 12.1825207, 48.2070007 ], [ 12.1825028, 48.2070835 ], [ 12.1824376, 48.2072116 ], [ 12.18232, 48.2073268 ], [ 12.1820878, 48.2074734 ], [ 12.1817999, 48.2076285 ], [ 12.1816665, 48.20774 ], [ 12.1815012, 48.2079165 ], [ 12.1813699, 48.2080239 ], [ 12.1812958, 48.2080978 ], [ 12.1812673, 48.2081828 ], [ 12.1812513, 48.2082947 ], [ 12.1812016, 48.209002 ], [ 12.1811872, 48.2092078 ], [ 12.1811661, 48.2095102 ], [ 12.1811488, 48.2097567 ], [ 12.1811804, 48.2098032 ], [ 12.1813583, 48.210065 ], [ 12.1813826, 48.2101016 ], [ 12.1814097, 48.21012 ], [ 12.1814597, 48.2102716 ], [ 12.1814736, 48.2102928 ], [ 12.1815548, 48.2103712 ], [ 12.1816009, 48.2103971 ], [ 12.1817169, 48.2104322 ], [ 12.1817804, 48.2104373 ], [ 12.1818786, 48.2104383 ], [ 12.1822498, 48.2106768 ], [ 12.1824151, 48.2107442 ], [ 12.1825866, 48.2108187 ], [ 12.1826461, 48.2110212 ], [ 12.1826543, 48.2110362 ], [ 12.1828211, 48.2112358 ], [ 12.1829368, 48.2113135 ], [ 12.1830689, 48.2116755 ], [ 12.1832907, 48.2119621 ], [ 12.1833652, 48.2121451 ], [ 12.1834416, 48.212398 ], [ 12.183663, 48.2128252 ], [ 12.1837534, 48.2130825 ], [ 12.1837563, 48.2131678 ], [ 12.1837656, 48.2134412 ], [ 12.1837211, 48.2137228 ], [ 12.1836579, 48.2139255 ], [ 12.1836564, 48.2139427 ], [ 12.1836737, 48.2140637 ], [ 12.1836887, 48.2140905 ], [ 12.183821, 48.2142112 ], [ 12.1844368, 48.214596 ], [ 12.1844487, 48.2146168 ], [ 12.1844645, 48.2147443 ], [ 12.1844716, 48.2147626 ], [ 12.1847021, 48.2150697 ], [ 12.1848815, 48.2152779 ], [ 12.1849345, 48.2154159 ], [ 12.1849466, 48.2154329 ], [ 12.185302, 48.215757 ], [ 12.1856712, 48.2159998 ], [ 12.1858198, 48.2161374 ], [ 12.1858415, 48.2161759 ], [ 12.1863362, 48.2170452 ], [ 12.1866607, 48.2176156 ], [ 12.1875254, 48.2174572 ], [ 12.187769, 48.2174047 ], [ 12.1893732, 48.2173316 ], [ 12.1894736, 48.2173289 ], [ 12.1895326, 48.2172839 ], [ 12.1895305, 48.2170883 ], [ 12.190001, 48.2170818 ], [ 12.1904411, 48.2172291 ], [ 12.1907057, 48.2171805 ], [ 12.1907793, 48.217167 ], [ 12.1908228, 48.2171671 ], [ 12.1910374, 48.2172059 ], [ 12.1913621, 48.2171858 ], [ 12.1914014, 48.2171749 ], [ 12.1915894, 48.217049 ], [ 12.1916113, 48.2170385 ], [ 12.1917234, 48.2170023 ], [ 12.1917833, 48.2169952 ], [ 12.1919345, 48.2170045 ], [ 12.191975, 48.217014 ], [ 12.1920622, 48.2170532 ], [ 12.1920888, 48.2170726 ], [ 12.1921073, 48.2170952 ], [ 12.1921193, 48.217126 ], [ 12.1922424, 48.2171163 ], [ 12.1923683, 48.217131 ], [ 12.1926812, 48.2171676 ], [ 12.1928909, 48.2171923 ], [ 12.1929957, 48.2172046 ], [ 12.1933278, 48.2172434 ], [ 12.1936128, 48.2172739 ], [ 12.1938913, 48.2171775 ], [ 12.1944413, 48.2170022 ], [ 12.1949686, 48.2170861 ], [ 12.1951214, 48.2171096 ], [ 12.1951511, 48.2171001 ], [ 12.195322, 48.2170769 ], [ 12.195359, 48.2170778 ], [ 12.1953945, 48.2170844 ], [ 12.1955815, 48.2171548 ], [ 12.195757, 48.2171366 ], [ 12.1957933, 48.2171386 ], [ 12.1958277, 48.217146 ], [ 12.195859, 48.2171587 ], [ 12.1958851, 48.217176 ], [ 12.1959411, 48.2172347 ], [ 12.1961836, 48.2172498 ], [ 12.1963294, 48.2172327 ], [ 12.1966013, 48.2172508 ], [ 12.1967427, 48.2172848 ], [ 12.1968911, 48.2172941 ], [ 12.1970005, 48.2173469 ], [ 12.1971883, 48.217392 ], [ 12.1972131, 48.2174016 ], [ 12.19735, 48.2174811 ], [ 12.1973768, 48.2175042 ], [ 12.197412, 48.21755 ], [ 12.1977562, 48.2177264 ], [ 12.1978114, 48.217735 ], [ 12.1978913, 48.2177706 ], [ 12.1979272, 48.2178024 ], [ 12.1979553, 48.2178592 ], [ 12.1979795, 48.2179055 ], [ 12.1980437, 48.2181021 ], [ 12.1980916, 48.2181384 ], [ 12.1984152, 48.2182364 ], [ 12.1986287, 48.218301 ], [ 12.1987474, 48.2183557 ], [ 12.1987515, 48.2183372 ], [ 12.1987653, 48.2183145 ], [ 12.1987867, 48.2182943 ], [ 12.1988724, 48.2182443 ], [ 12.1989102, 48.2182318 ], [ 12.1989515, 48.2182257 ], [ 12.1989937, 48.2182268 ], [ 12.1990344, 48.2182349 ], [ 12.1991753, 48.2182919 ], [ 12.1992016, 48.218309 ], [ 12.1992897, 48.2184019 ], [ 12.1994223, 48.2183514 ], [ 12.1994583, 48.2183442 ], [ 12.1994962, 48.2183425 ], [ 12.1995335, 48.2183463 ], [ 12.1995685, 48.2183558 ], [ 12.1997563, 48.218444 ], [ 12.2000552, 48.2184867 ], [ 12.2002757, 48.2184712 ], [ 12.2004322, 48.2184903 ], [ 12.2004681, 48.2185028 ], [ 12.2006016, 48.2185855 ], [ 12.200621, 48.2186051 ], [ 12.2007023, 48.218749 ], [ 12.2008581, 48.2187732 ], [ 12.2008861, 48.2187816 ], [ 12.200911, 48.2187937 ], [ 12.2010322, 48.2188833 ], [ 12.2011056, 48.2189841 ], [ 12.2011124, 48.2190083 ], [ 12.201109, 48.2190658 ], [ 12.201293, 48.2189929 ], [ 12.2018948, 48.2190262 ], [ 12.2019088, 48.2190708 ], [ 12.2020051, 48.2190887 ], [ 12.2020396, 48.2191021 ], [ 12.2021142, 48.2191519 ], [ 12.2021314, 48.2191695 ], [ 12.2021879, 48.2192671 ], [ 12.2024569, 48.219327 ], [ 12.2026906, 48.2191342 ], [ 12.2028197, 48.2190111 ], [ 12.2025361, 48.2186203 ], [ 12.2025455, 48.2182706 ], [ 12.2024013, 48.2180939 ], [ 12.2023936, 48.2180778 ], [ 12.202349, 48.2178405 ], [ 12.2021854, 48.2176114 ], [ 12.2021779, 48.217589 ], [ 12.2017827, 48.2174347 ], [ 12.2017333, 48.2170779 ], [ 12.2013638, 48.2170422 ], [ 12.2010386, 48.2169819 ], [ 12.2011615, 48.216196 ], [ 12.2012688, 48.215863 ], [ 12.2013239, 48.2157836 ], [ 12.2020992, 48.2146078 ], [ 12.2022657, 48.2143451 ], [ 12.2022772, 48.2141298 ], [ 12.2022814, 48.2140482 ], [ 12.2020254, 48.2135171 ], [ 12.2020072, 48.2134789 ], [ 12.2013835, 48.2128078 ], [ 12.2015048, 48.2117716 ], [ 12.2015757, 48.2115707 ], [ 12.2016464, 48.211278 ], [ 12.2017441, 48.2107204 ], [ 12.2018274, 48.2104989 ], [ 12.2018914, 48.2103707 ], [ 12.2019724, 48.2102833 ], [ 12.2020623, 48.2102226 ], [ 12.2024201, 48.2099999 ], [ 12.2025436, 48.2098943 ], [ 12.2026018, 48.2098067 ], [ 12.2027026, 48.2095648 ], [ 12.2029199, 48.2093063 ], [ 12.2031374, 48.2091067 ], [ 12.2033109, 48.2089563 ], [ 12.2034582, 48.2088437 ], [ 12.2035679, 48.208753 ], [ 12.2036514, 48.2086648 ], [ 12.2036816, 48.2086208 ], [ 12.203856, 48.2084683 ], [ 12.204192, 48.2082973 ], [ 12.2042239, 48.2082073 ], [ 12.2042442, 48.2080127 ], [ 12.2043712, 48.2075919 ], [ 12.2043889, 48.2073268 ], [ 12.2046219, 48.2067834 ], [ 12.2046596, 48.2064726 ], [ 12.204876, 48.2061828 ], [ 12.2051732, 48.2057193 ], [ 12.2054811, 48.2053043 ], [ 12.2058022, 48.2048716 ], [ 12.2064147, 48.2041258 ], [ 12.2064599, 48.2040696 ], [ 12.2065075, 48.2039952 ], [ 12.2065274, 48.2039761 ], [ 12.2065511, 48.2039616 ], [ 12.2067555, 48.2037356 ], [ 12.2067785, 48.2036454 ], [ 12.206791, 48.2036236 ], [ 12.2068097, 48.203604 ], [ 12.2069559, 48.2035029 ], [ 12.2076514, 48.2031469 ], [ 12.2076677, 48.2031384 ], [ 12.208262, 48.2031144 ], [ 12.2082739, 48.2031073 ], [ 12.2083585, 48.2030095 ], [ 12.2083773, 48.202995 ], [ 12.208625, 48.2028645 ], [ 12.2087864, 48.2027969 ], [ 12.2088245, 48.2027739 ], [ 12.2092536, 48.2026329 ], [ 12.2098835, 48.2024258 ], [ 12.2114703, 48.202308 ], [ 12.2116954, 48.2022911 ], [ 12.2117804, 48.202368 ], [ 12.2119435, 48.2023808 ], [ 12.2121208, 48.202314 ], [ 12.2121467, 48.202308 ], [ 12.2123207, 48.2022897 ], [ 12.2124796, 48.2021735 ], [ 12.2125134, 48.2021586 ], [ 12.2125517, 48.2021503 ], [ 12.2125917, 48.2021489 ], [ 12.2126642, 48.2021591 ], [ 12.2127196, 48.2021712 ], [ 12.2127457, 48.2021835 ], [ 12.2128497, 48.2022561 ], [ 12.212872, 48.2022595 ], [ 12.2140709, 48.2018486 ], [ 12.2143052, 48.2021306 ], [ 12.2144157, 48.2022637 ], [ 12.2137907, 48.2025871 ], [ 12.2137468, 48.2025993 ], [ 12.2136424, 48.2026168 ], [ 12.2131687, 48.2026054 ], [ 12.2130155, 48.2028105 ], [ 12.2129343, 48.2029189 ], [ 12.2141979, 48.2044527 ], [ 12.2144678, 48.2047538 ], [ 12.2150224, 48.2042767 ], [ 12.2152498, 48.2039256 ], [ 12.2152505, 48.203906 ], [ 12.2153572, 48.2038065 ], [ 12.2153699, 48.2037876 ], [ 12.2153763, 48.2037673 ], [ 12.2153781, 48.2035448 ], [ 12.2173086, 48.2032811 ], [ 12.217484, 48.2032571 ], [ 12.2173911, 48.2030794 ], [ 12.2173449, 48.2030061 ], [ 12.2173236, 48.2029704 ], [ 12.2172789, 48.2028185 ], [ 12.2172293, 48.202713 ], [ 12.2171873, 48.2025913 ], [ 12.2171613, 48.2023885 ], [ 12.2173074, 48.2020654 ], [ 12.2172857, 48.2020112 ], [ 12.2170572, 48.201558 ], [ 12.2170429, 48.2015295 ], [ 12.2174652, 48.201252 ], [ 12.2175641, 48.2012244 ], [ 12.2176759, 48.2011574 ], [ 12.2177025, 48.2011466 ], [ 12.2184025, 48.2009676 ], [ 12.2184174, 48.2009538 ], [ 12.2182967, 48.2005618 ], [ 12.2188791, 48.2004488 ], [ 12.218935, 48.20044 ], [ 12.2190151, 48.2004272 ], [ 12.2191515, 48.2004052 ], [ 12.2192399, 48.2003875 ], [ 12.2195048, 48.2003205 ], [ 12.219668, 48.2002791 ], [ 12.2197003, 48.200267 ], [ 12.2198116, 48.2002431 ], [ 12.2198518, 48.2002413 ], [ 12.2198917, 48.2002463 ], [ 12.2199277, 48.2002574 ], [ 12.2199832, 48.2002883 ], [ 12.2203086, 48.2003076 ], [ 12.2203629, 48.2003223 ], [ 12.2205277, 48.2004099 ], [ 12.2205483, 48.200427 ], [ 12.2205621, 48.2004465 ], [ 12.2205688, 48.2004676 ], [ 12.2205674, 48.2005066 ], [ 12.2205655, 48.2005567 ], [ 12.220555, 48.2005808 ], [ 12.2207318, 48.2005686 ], [ 12.2210566, 48.2005768 ], [ 12.2210952, 48.2005857 ], [ 12.2211295, 48.2006006 ], [ 12.2211569, 48.2006205 ], [ 12.2212269, 48.200709 ], [ 12.2212359, 48.2007322 ], [ 12.2212359, 48.2007559 ], [ 12.2212274, 48.2007787 ], [ 12.2211677, 48.2008526 ], [ 12.2212778, 48.2009088 ], [ 12.2213217, 48.2008655 ], [ 12.2213694, 48.2008408 ], [ 12.221491, 48.2008112 ], [ 12.22153, 48.2008087 ], [ 12.2215693, 48.2008126 ], [ 12.221771, 48.2008681 ], [ 12.222022, 48.2008745 ], [ 12.2222733, 48.2009124 ], [ 12.2224633, 48.200975 ], [ 12.2226924, 48.2010204 ], [ 12.2227161, 48.2010281 ], [ 12.2230617, 48.2011897 ], [ 12.2230851, 48.2012064 ], [ 12.2231436, 48.2012736 ], [ 12.2232902, 48.201343 ], [ 12.2233255, 48.2013707 ], [ 12.2235651, 48.201292 ], [ 12.2238552, 48.201479 ], [ 12.2238841, 48.2014807 ], [ 12.2239117, 48.201487 ], [ 12.2239367, 48.2014975 ], [ 12.2239581, 48.2015119 ], [ 12.2239751, 48.2015296 ], [ 12.2240211, 48.2016101 ], [ 12.2240267, 48.2016307 ], [ 12.2240266, 48.2016516 ], [ 12.2239759, 48.2018341 ], [ 12.2240436, 48.2019265 ], [ 12.2241291, 48.2018861 ], [ 12.2241598, 48.2018775 ], [ 12.2243297, 48.2018578 ], [ 12.2243111, 48.2017748 ], [ 12.2243128, 48.2017537 ], [ 12.2243207, 48.2017335 ], [ 12.2243883, 48.2016423 ], [ 12.2244102, 48.2016244 ], [ 12.2244379, 48.2016101 ], [ 12.2245961, 48.2015624 ], [ 12.2246576, 48.2014871 ], [ 12.2246998, 48.2014593 ], [ 12.2249129, 48.2013843 ], [ 12.2251127, 48.2013591 ], [ 12.2251731, 48.2013649 ], [ 12.2252008, 48.2013737 ], [ 12.2253412, 48.2014456 ], [ 12.2253647, 48.2014658 ], [ 12.2254059, 48.2015285 ], [ 12.2254501, 48.2014724 ], [ 12.2255921, 48.201362 ], [ 12.2256243, 48.2013473 ], [ 12.2256611, 48.2013384 ], [ 12.2257003, 48.2013363 ], [ 12.2257387, 48.201341 ], [ 12.2258823, 48.2013865 ], [ 12.2259115, 48.201403 ], [ 12.2261144, 48.2015924 ], [ 12.2263128, 48.2015883 ], [ 12.2263599, 48.2015315 ], [ 12.2263817, 48.201515 ], [ 12.2264084, 48.2015019 ], [ 12.226517, 48.2014698 ], [ 12.2265761, 48.2014653 ], [ 12.2266895, 48.2014796 ], [ 12.2267428, 48.2014988 ], [ 12.2268238, 48.201554 ], [ 12.226839, 48.2015692 ], [ 12.2269161, 48.2016859 ], [ 12.2270799, 48.2017036 ], [ 12.2270892, 48.2016685 ], [ 12.2271052, 48.2016453 ], [ 12.2271299, 48.2016254 ], [ 12.2271618, 48.2016097 ], [ 12.2271983, 48.2016 ], [ 12.2274848, 48.2015766 ], [ 12.2275176, 48.2015786 ], [ 12.2275489, 48.2015851 ], [ 12.227577, 48.2015958 ], [ 12.2279148, 48.2018033 ], [ 12.2280416, 48.2018399 ], [ 12.2282345, 48.2018397 ], [ 12.2283665, 48.2018258 ], [ 12.2283672, 48.201811 ], [ 12.2284289, 48.2017133 ], [ 12.2287695, 48.2012797 ], [ 12.2288425, 48.2011926 ], [ 12.2288482, 48.2011857 ], [ 12.2293529, 48.2005636 ], [ 12.2295036, 48.2006509 ], [ 12.2298178, 48.2008323 ], [ 12.2296709, 48.2014738 ], [ 12.229812, 48.2015585 ], [ 12.2300773, 48.2016746 ], [ 12.2302719, 48.2017599 ], [ 12.2302797, 48.2017598 ], [ 12.2307818, 48.2017561 ], [ 12.2309996, 48.2017181 ], [ 12.2311763, 48.2016857 ], [ 12.2312202, 48.2016836 ], [ 12.2314598, 48.201703 ], [ 12.231494, 48.2017095 ], [ 12.2316032, 48.2017656 ], [ 12.2317236, 48.2018202 ], [ 12.2318494, 48.2018801 ], [ 12.2319272, 48.2019261 ], [ 12.2320325, 48.2019927 ], [ 12.23223, 48.2021368 ], [ 12.2322771, 48.2021674 ], [ 12.232336, 48.202199 ], [ 12.2323581, 48.2022181 ], [ 12.2324065, 48.2022669 ], [ 12.2324492, 48.2023504 ], [ 12.2325492, 48.2025948 ], [ 12.2324873, 48.20264 ], [ 12.2324297, 48.2026841 ], [ 12.2323779, 48.2027236 ], [ 12.2323286, 48.2027614 ], [ 12.2323057, 48.2027789 ], [ 12.2318975, 48.2030364 ], [ 12.231793, 48.2030943 ], [ 12.2310761, 48.2036792 ], [ 12.2307772, 48.2029494 ], [ 12.2305654, 48.2031797 ], [ 12.2299631, 48.2034226 ], [ 12.2297566, 48.2036929 ], [ 12.2296673, 48.2037357 ], [ 12.2287849, 48.2041601 ], [ 12.2289049, 48.2045463 ], [ 12.227299, 48.2049769 ], [ 12.2275737, 48.20591 ], [ 12.2276429, 48.2061455 ], [ 12.2282594, 48.2061001 ], [ 12.227868, 48.2069224 ], [ 12.2279067, 48.2070422 ], [ 12.2279283, 48.2071088 ], [ 12.2282505, 48.2081043 ], [ 12.2289204, 48.2098501 ], [ 12.2293275, 48.2106468 ], [ 12.2297305, 48.2107395 ], [ 12.2309068, 48.2109066 ], [ 12.230834, 48.2111564 ], [ 12.2305879, 48.2116301 ], [ 12.2305121, 48.2117835 ], [ 12.2304371, 48.2119653 ], [ 12.2303571, 48.2121899 ], [ 12.2302708, 48.2123695 ], [ 12.23019, 48.2126076 ], [ 12.2301502, 48.2128116 ], [ 12.2301358, 48.2129751 ], [ 12.2301938, 48.2134793 ], [ 12.2302668, 48.2134899 ], [ 12.2304247, 48.2134682 ], [ 12.230554, 48.213426 ], [ 12.2307088, 48.2133828 ], [ 12.2307698, 48.2133783 ], [ 12.2307988, 48.2133823 ], [ 12.2308493, 48.2133972 ], [ 12.2309153, 48.2134166 ], [ 12.2309412, 48.2134304 ], [ 12.2309608, 48.213448 ], [ 12.2310094, 48.2135298 ], [ 12.2310433, 48.2135574 ], [ 12.2311236, 48.2135562 ], [ 12.2312431, 48.2134915 ], [ 12.2313753, 48.2133482 ], [ 12.2314011, 48.2133302 ], [ 12.2314319, 48.2133163 ], [ 12.2314659, 48.2133071 ], [ 12.2315012, 48.2133032 ], [ 12.2316324, 48.2133095 ], [ 12.2316644, 48.2133164 ], [ 12.2316921, 48.2133281 ], [ 12.2317144, 48.2133441 ], [ 12.2317299, 48.2133637 ], [ 12.2317596, 48.2134464 ], [ 12.2318447, 48.2132907 ], [ 12.2318839, 48.2132553 ], [ 12.2319104, 48.213242 ], [ 12.2321405, 48.2131662 ], [ 12.2321805, 48.2131605 ], [ 12.2322199, 48.2131619 ], [ 12.2323815, 48.2131986 ], [ 12.2324018, 48.2132074 ], [ 12.2323719, 48.2132814 ], [ 12.2323486, 48.2133227 ], [ 12.2323214, 48.2133711 ], [ 12.2322951, 48.2134178 ], [ 12.2320189, 48.2139085 ], [ 12.2318302, 48.2143317 ], [ 12.2317703, 48.2145119 ], [ 12.2319736, 48.2145378 ], [ 12.2321597, 48.2145637 ], [ 12.2312559, 48.2161594 ], [ 12.2309418, 48.2160642 ], [ 12.2306735, 48.2159945 ], [ 12.231232, 48.2150993 ], [ 12.2307929, 48.2151272 ], [ 12.2305929, 48.2151382 ], [ 12.2303976, 48.2151435 ], [ 12.230157, 48.215142 ], [ 12.2299151, 48.2151338 ], [ 12.2297012, 48.2151226 ], [ 12.2294987, 48.2151067 ], [ 12.2289738, 48.2150988 ], [ 12.2285894, 48.2150966 ], [ 12.2284896, 48.2150946 ], [ 12.2283997, 48.2150904 ], [ 12.2282893, 48.2150738 ], [ 12.2282115, 48.2150505 ], [ 12.2281807, 48.2151129 ], [ 12.2281079, 48.2151632 ], [ 12.2280768, 48.2151768 ], [ 12.2280424, 48.215185 ], [ 12.227771, 48.2151995 ], [ 12.2276934, 48.2152154 ], [ 12.2276618, 48.2152349 ], [ 12.2276251, 48.2153685 ], [ 12.2276097, 48.2153914 ], [ 12.2275868, 48.215411 ], [ 12.2275578, 48.2154264 ], [ 12.2275235, 48.2154369 ], [ 12.2273838, 48.2154546 ], [ 12.227355, 48.2154546 ], [ 12.2272735, 48.2154448 ], [ 12.2270273, 48.2156598 ], [ 12.2268642, 48.215758 ], [ 12.226828, 48.2157713 ], [ 12.2265896, 48.21584 ], [ 12.226426, 48.215887 ], [ 12.2246513, 48.2167573 ], [ 12.224078, 48.2170204 ], [ 12.2236474, 48.2172695 ], [ 12.2233696, 48.2175157 ], [ 12.2230231, 48.2179341 ], [ 12.2225927, 48.2183363 ], [ 12.2221682, 48.2186111 ], [ 12.2218887, 48.2188069 ], [ 12.2213546, 48.2191902 ], [ 12.2209164, 48.2193866 ], [ 12.2209939, 48.219416 ], [ 12.2238691, 48.2204923 ], [ 12.2248272, 48.2207783 ], [ 12.2252984, 48.2209239 ], [ 12.22458, 48.2216481 ], [ 12.2247897, 48.2217879 ], [ 12.2255925, 48.2223234 ], [ 12.2272587, 48.2230915 ], [ 12.2276087, 48.2232572 ], [ 12.2275149, 48.2234861 ], [ 12.2270025, 48.2233434 ], [ 12.226295, 48.223131 ], [ 12.2255773, 48.2231652 ], [ 12.2251413, 48.2231827 ], [ 12.2245229, 48.2232072 ], [ 12.2243218, 48.2238613 ], [ 12.2241201, 48.2245174 ], [ 12.2240989, 48.2245647 ], [ 12.2240896, 48.2247797 ], [ 12.2240527, 48.2248935 ], [ 12.223912, 48.2250289 ], [ 12.2239013, 48.2250437 ], [ 12.2238257, 48.2252285 ], [ 12.2238244, 48.2252474 ], [ 12.2238764, 48.2255076 ], [ 12.2239978, 48.225749 ], [ 12.2240116, 48.2257658 ], [ 12.2242347, 48.2259504 ], [ 12.2246941, 48.2262231 ], [ 12.2248844, 48.2263715 ], [ 12.2253388, 48.2266239 ], [ 12.2255593, 48.2268346 ], [ 12.2259522, 48.2270455 ], [ 12.2261107, 48.227157 ], [ 12.2262676, 48.2273028 ], [ 12.2263021, 48.2273214 ], [ 12.2264719, 48.2273693 ], [ 12.2266788, 48.227385 ], [ 12.2267799, 48.2274324 ], [ 12.2270765, 48.2277334 ], [ 12.2272945, 48.2278744 ], [ 12.2273036, 48.227904 ], [ 12.2272765, 48.2280421 ], [ 12.2272813, 48.2280686 ], [ 12.2272955, 48.2280935 ], [ 12.2273183, 48.2281153 ], [ 12.2273485, 48.2281328 ], [ 12.2274757, 48.2281753 ], [ 12.2275071, 48.2281809 ], [ 12.2276627, 48.2281871 ], [ 12.227703, 48.2282507 ], [ 12.2273358, 48.2284968 ], [ 12.2271102, 48.2284569 ], [ 12.2258383, 48.2282324 ], [ 12.2249473, 48.2280753 ], [ 12.224663, 48.2280254 ], [ 12.2247802, 48.2277857 ], [ 12.2238718, 48.2275586 ], [ 12.2234932, 48.2280588 ], [ 12.223398, 48.2281847 ], [ 12.222702, 48.2291042 ], [ 12.2225199, 48.2291413 ], [ 12.2219684, 48.2288529 ], [ 12.2215041, 48.2289454 ], [ 12.2214944, 48.2283985 ], [ 12.219848, 48.2281492 ], [ 12.2190282, 48.2290673 ], [ 12.218441, 48.2287261 ], [ 12.2182718, 48.228639 ], [ 12.218039, 48.2285263 ], [ 12.2176769, 48.2287761 ], [ 12.2175544, 48.2288607 ], [ 12.2172797, 48.2289298 ], [ 12.21687, 48.229033 ], [ 12.2166062, 48.2293829 ], [ 12.2164381, 48.229503 ], [ 12.2163212, 48.2294511 ], [ 12.2162151, 48.2294181 ], [ 12.2160814, 48.2293704 ], [ 12.2159403, 48.2293199 ], [ 12.2158247, 48.2293641 ], [ 12.2155996, 48.2293835 ], [ 12.2155939, 48.229385 ], [ 12.2153329, 48.2294505 ], [ 12.2152911, 48.2294651 ], [ 12.2152424, 48.2295462 ], [ 12.2152345, 48.2295702 ], [ 12.215229, 48.2296312 ], [ 12.215166, 48.2297409 ], [ 12.2151847, 48.2298117 ], [ 12.2151802, 48.2299591 ], [ 12.2152379, 48.2301499 ], [ 12.2153825, 48.2308653 ], [ 12.2151853, 48.2312213 ], [ 12.2153549, 48.2319471 ], [ 12.2148159, 48.2325639 ], [ 12.2159764, 48.2340445 ], [ 12.2166047, 48.2349894 ], [ 12.2168114, 48.2352745 ], [ 12.2168852, 48.2353535 ], [ 12.2169777, 48.2350652 ], [ 12.2170128, 48.2347216 ], [ 12.2174035, 48.2342581 ], [ 12.2178002, 48.2342895 ], [ 12.2188212, 48.2344495 ], [ 12.2192221, 48.2345152 ], [ 12.2195832, 48.234716 ], [ 12.2195207, 48.2349522 ], [ 12.2192872, 48.2356909 ], [ 12.2192788, 48.2357648 ], [ 12.2192523, 48.2359952 ], [ 12.2191362, 48.2370059 ], [ 12.2191307, 48.2370505 ], [ 12.2195737, 48.2374502 ], [ 12.2192452, 48.2381067 ], [ 12.2187196, 48.2380463 ], [ 12.2186805, 48.2387171 ], [ 12.2199244, 48.2388687 ], [ 12.2196235, 48.240591 ], [ 12.219541, 48.2415165 ], [ 12.2195375, 48.2417202 ], [ 12.2196391, 48.2417743 ], [ 12.2198643, 48.2418722 ], [ 12.22027, 48.2418303 ], [ 12.2205255, 48.2418101 ], [ 12.2208641, 48.2417836 ], [ 12.2204863, 48.2418635 ], [ 12.2204222, 48.2418771 ], [ 12.2200083, 48.2419648 ], [ 12.2199806, 48.2420145 ], [ 12.219947, 48.2420847 ], [ 12.2196843, 48.242632 ], [ 12.2189965, 48.2434226 ], [ 12.2184544, 48.2439852 ], [ 12.2197831, 48.2447329 ], [ 12.2203384, 48.2447323 ], [ 12.2203957, 48.2447149 ], [ 12.2209386, 48.2444526 ], [ 12.2217534, 48.244012 ], [ 12.2218112, 48.244059 ], [ 12.2229831, 48.2451189 ], [ 12.2235517, 48.2450878 ], [ 12.2235721, 48.24511 ], [ 12.2238001, 48.245375 ], [ 12.2243217, 48.2454488 ], [ 12.2251213, 48.24618 ], [ 12.2257957, 48.2463851 ], [ 12.2266813, 48.2464201 ], [ 12.2269408, 48.2468653 ], [ 12.2281369, 48.2478559 ], [ 12.2283186, 48.2482684 ], [ 12.2288416, 48.2482873 ], [ 12.2299546, 48.2483275 ], [ 12.2314506, 48.2489526 ], [ 12.2314854, 48.2489575 ], [ 12.2318013, 48.2490665 ], [ 12.2322684, 48.2490497 ], [ 12.2323424, 48.2490652 ], [ 12.2324589, 48.2490808 ], [ 12.2329835, 48.2492276 ], [ 12.2335444, 48.2493736 ], [ 12.2341858, 48.2495406 ], [ 12.2341223, 48.2498349 ], [ 12.2342548, 48.2503995 ], [ 12.2343007, 48.2504451 ], [ 12.2342871, 48.2505282 ], [ 12.2342883, 48.2505516 ], [ 12.2342963, 48.2505749 ], [ 12.2343549, 48.2506642 ], [ 12.2345741, 48.2509978 ], [ 12.2345878, 48.2511446 ], [ 12.2344724, 48.2516453 ], [ 12.2344075, 48.251719 ], [ 12.23412, 48.2519184 ], [ 12.2340947, 48.2519503 ], [ 12.233862, 48.2519569 ], [ 12.2332124, 48.2519755 ], [ 12.232922, 48.25193 ], [ 12.2329425, 48.2520022 ], [ 12.2332589, 48.2525732 ], [ 12.2333227, 48.2526944 ], [ 12.2334939, 48.2530192 ], [ 12.2338017, 48.253604 ], [ 12.2338407, 48.253747 ], [ 12.2338875, 48.2538929 ], [ 12.2336683, 48.2539088 ], [ 12.2334505, 48.2539308 ], [ 12.2317253, 48.2541366 ], [ 12.2315324, 48.256832 ], [ 12.2313825, 48.2581577 ], [ 12.231049, 48.2582667 ], [ 12.228855, 48.2589841 ], [ 12.2288189, 48.2590367 ], [ 12.2287919, 48.2590754 ], [ 12.2287659, 48.2591131 ], [ 12.2286551, 48.2592731 ], [ 12.2285647, 48.2594919 ], [ 12.2283584, 48.259575 ], [ 12.2282888, 48.2595557 ], [ 12.2281497, 48.2595652 ], [ 12.2276892, 48.259515 ], [ 12.2275439, 48.2595386 ], [ 12.2274848, 48.2595367 ], [ 12.2273005, 48.2594937 ], [ 12.227274, 48.2594833 ], [ 12.2272512, 48.2594697 ], [ 12.2270261, 48.2592718 ], [ 12.226837, 48.2592013 ], [ 12.2266711, 48.2591683 ], [ 12.2266334, 48.2591526 ], [ 12.2266159, 48.2591425 ], [ 12.2265425, 48.2590755 ], [ 12.2265283, 48.2590533 ], [ 12.2265225, 48.2590296 ], [ 12.226525, 48.2590057 ], [ 12.2265698, 48.2589127 ], [ 12.2265851, 48.2588948 ], [ 12.2266054, 48.2588795 ], [ 12.2267699, 48.2587987 ], [ 12.2268104, 48.2587469 ], [ 12.226653, 48.2585494 ], [ 12.2266437, 48.2585269 ], [ 12.2266424, 48.2585037 ], [ 12.2266588, 48.2584469 ], [ 12.2264555, 48.2584296 ], [ 12.2262365, 48.2583275 ], [ 12.2260025, 48.2581543 ], [ 12.2245586, 48.2577738 ], [ 12.2244655, 48.2577614 ], [ 12.2238655, 48.2595896 ], [ 12.2238161, 48.2597415 ], [ 12.2232927, 48.2607468 ], [ 12.2232205, 48.260924 ], [ 12.2227686, 48.2605877 ], [ 12.2226035, 48.2604291 ], [ 12.222442, 48.2615971 ], [ 12.2216544, 48.2614911 ], [ 12.2215443, 48.2622158 ], [ 12.2215248, 48.2623153 ], [ 12.2216113, 48.2623302 ], [ 12.2221853, 48.262429 ], [ 12.2223344, 48.2625348 ], [ 12.2228494, 48.262904 ], [ 12.2231689, 48.2631115 ], [ 12.2238962, 48.263566 ], [ 12.2238754, 48.2635785 ], [ 12.2237988, 48.2636543 ], [ 12.223138, 48.2640074 ], [ 12.2229781, 48.2640927 ], [ 12.2226455, 48.2644038 ], [ 12.2226895, 48.2646739 ], [ 12.2227404, 48.2649108 ], [ 12.2227961, 48.2649696 ], [ 12.2228083, 48.2649934 ], [ 12.2228114, 48.2650183 ], [ 12.2228057, 48.265043 ], [ 12.2227014, 48.2652096 ], [ 12.2226912, 48.2652754 ], [ 12.2227153, 48.2652964 ], [ 12.2228222, 48.2653899 ], [ 12.2228341, 48.2654046 ], [ 12.2229456, 48.2656163 ], [ 12.2231187, 48.2658356 ], [ 12.2231722, 48.2659948 ], [ 12.2231905, 48.2663125 ], [ 12.2230897, 48.2666521 ], [ 12.2230544, 48.2672744 ], [ 12.223079, 48.2673479 ], [ 12.2233073, 48.2676765 ], [ 12.2233139, 48.2676915 ], [ 12.2233989, 48.2681725 ], [ 12.2233933, 48.2684014 ], [ 12.223414, 48.2684694 ], [ 12.2235484, 48.2686332 ], [ 12.223682, 48.2687824 ], [ 12.2236926, 48.268802 ], [ 12.2237422, 48.2688676 ], [ 12.2238031, 48.2689354 ], [ 12.2240283, 48.2690711 ], [ 12.224224, 48.2692613 ], [ 12.2248384, 48.2696688 ], [ 12.2248524, 48.2696813 ], [ 12.2251289, 48.2700219 ], [ 12.2253152, 48.2701097 ], [ 12.2257905, 48.2702122 ], [ 12.2260598, 48.2702957 ], [ 12.2260863, 48.2703087 ], [ 12.226608, 48.270706 ], [ 12.2268497, 48.2709699 ], [ 12.2268587, 48.2709846 ], [ 12.2269593, 48.2712838 ], [ 12.2269562, 48.2713383 ], [ 12.2269484, 48.2714752 ], [ 12.2271365, 48.271627 ], [ 12.2271693, 48.2716533 ], [ 12.2271858, 48.2716785 ], [ 12.2271913, 48.2717055 ], [ 12.2271852, 48.2717329 ], [ 12.2269516, 48.2720884 ], [ 12.2269463, 48.2721842 ], [ 12.2270109, 48.2725985 ], [ 12.2270091, 48.2726151 ], [ 12.2268346, 48.2730136 ], [ 12.2268734, 48.2731939 ], [ 12.2268714, 48.2732145 ], [ 12.2267758, 48.2734672 ], [ 12.2267779, 48.2735257 ], [ 12.2267984, 48.2735515 ], [ 12.2269736, 48.2738909 ], [ 12.2269758, 48.273937 ], [ 12.2269038, 48.2742464 ], [ 12.2268481, 48.2743356 ], [ 12.2268002, 48.2745168 ], [ 12.2268074, 48.2747899 ], [ 12.2268688, 48.2750936 ], [ 12.2268667, 48.2751139 ], [ 12.2269083, 48.2754163 ], [ 12.2269462, 48.2756936 ], [ 12.2270016, 48.2762063 ], [ 12.2270437, 48.2765069 ], [ 12.2272656, 48.2768784 ], [ 12.227441, 48.2772443 ], [ 12.2275434, 48.2773844 ], [ 12.2276632, 48.2775483 ], [ 12.2291378, 48.2771052 ], [ 12.2293647, 48.2773739 ], [ 12.2298159, 48.2779565 ], [ 12.2299122, 48.2779319 ], [ 12.230013, 48.2778934 ], [ 12.2300351, 48.2778879 ], [ 12.2302444, 48.277862 ], [ 12.2304761, 48.2777918 ], [ 12.2310563, 48.277341 ], [ 12.2308019, 48.2770494 ], [ 12.2310632, 48.2769324 ], [ 12.2313465, 48.2768038 ], [ 12.2319422, 48.2767427 ], [ 12.2324396, 48.2767731 ], [ 12.2323091, 48.2764248 ], [ 12.232139, 48.2761882 ], [ 12.2332402, 48.2758696 ], [ 12.2341091, 48.2759132 ], [ 12.2344272, 48.2766248 ], [ 12.234551, 48.2766864 ], [ 12.2346215, 48.2767214 ], [ 12.2346838, 48.2767524 ], [ 12.2348717, 48.2768454 ], [ 12.2352129, 48.2768312 ], [ 12.2360197, 48.2768309 ], [ 12.2365907, 48.276867 ], [ 12.2376987, 48.2772644 ], [ 12.2379227, 48.2773088 ], [ 12.2380891, 48.2773254 ], [ 12.2384425, 48.2773777 ], [ 12.2390827, 48.2773873 ], [ 12.2402238, 48.2773592 ], [ 12.2403608, 48.2773559 ], [ 12.2419927, 48.2772992 ], [ 12.2421086, 48.2772993 ], [ 12.2425468, 48.2773383 ], [ 12.2430538, 48.277441 ], [ 12.2431659, 48.2775057 ], [ 12.2433006, 48.2775642 ], [ 12.2424803, 48.2780968 ], [ 12.2424519, 48.2781153 ], [ 12.2424192, 48.2781284 ], [ 12.2423831, 48.2781363 ], [ 12.2423457, 48.2781383 ], [ 12.2421235, 48.2781147 ], [ 12.241713, 48.2780146 ], [ 12.2412062, 48.278849 ], [ 12.2405447, 48.279933 ], [ 12.2404458, 48.2800951 ], [ 12.2400259, 48.280043 ], [ 12.2398163, 48.280035 ], [ 12.2396757, 48.280034 ], [ 12.2396107, 48.2803171 ], [ 12.2395584, 48.2805311 ], [ 12.2395109, 48.2805472 ], [ 12.238961, 48.2807724 ], [ 12.2385202, 48.2812228 ], [ 12.2381254, 48.2818847 ], [ 12.2391425, 48.2821942 ], [ 12.2392466, 48.2822258 ], [ 12.2410109, 48.2827306 ], [ 12.2402045, 48.2835065 ], [ 12.2399803, 48.2837116 ], [ 12.2398278, 48.2844789 ], [ 12.2391193, 48.2841433 ], [ 12.2388529, 48.2847369 ], [ 12.2386806, 48.2853597 ], [ 12.2393784, 48.2854291 ], [ 12.2398575, 48.2854685 ], [ 12.2398517, 48.2858956 ], [ 12.2398721, 48.2862442 ], [ 12.2399103, 48.2863555 ], [ 12.2399315, 48.2864183 ], [ 12.2400608, 48.2866536 ], [ 12.2407591, 48.286646 ], [ 12.2413512, 48.2865975 ], [ 12.2413644, 48.2873066 ], [ 12.2413939, 48.2876572 ], [ 12.2415517, 48.2876129 ], [ 12.2418427, 48.2875525 ], [ 12.2423153, 48.2874646 ], [ 12.2425021, 48.2874347 ], [ 12.2433364, 48.2872948 ], [ 12.2435262, 48.2872568 ], [ 12.2436495, 48.2872294 ], [ 12.243994, 48.2871016 ], [ 12.2443037, 48.2870127 ], [ 12.2444323, 48.2869831 ], [ 12.2446196, 48.2869459 ], [ 12.245353, 48.2868155 ], [ 12.2456955, 48.2867503 ], [ 12.2457521, 48.2867395 ], [ 12.2459652, 48.2867109 ], [ 12.2462854, 48.2866789 ], [ 12.2463922, 48.286664 ], [ 12.246391, 48.2867684 ], [ 12.2463631, 48.2878381 ], [ 12.2463727, 48.2880436 ], [ 12.2462435, 48.2888572 ], [ 12.2461874, 48.2892592 ], [ 12.2470044, 48.289315 ], [ 12.2470417, 48.2889907 ], [ 12.247048, 48.2889364 ], [ 12.2471885, 48.2885584 ], [ 12.247216, 48.2884161 ], [ 12.2472564, 48.2880948 ], [ 12.2472546, 48.2879265 ], [ 12.2472544, 48.2879055 ], [ 12.2473015, 48.28769 ], [ 12.2479467, 48.2877778 ], [ 12.2487963, 48.2879312 ], [ 12.2494686, 48.2881496 ], [ 12.2503948, 48.2884504 ], [ 12.2513366, 48.2887318 ], [ 12.2513681, 48.2887406 ], [ 12.2514016, 48.2887446 ], [ 12.2515446, 48.2887408 ], [ 12.2515845, 48.2887325 ], [ 12.2516199, 48.2887176 ], [ 12.2516482, 48.2886973 ], [ 12.2516593, 48.2886831 ], [ 12.2516671, 48.2886729 ], [ 12.2516757, 48.2886464 ], [ 12.2516375, 48.28788 ], [ 12.254092, 48.288329 ], [ 12.2541055, 48.2883574 ], [ 12.2537695, 48.2889853 ], [ 12.2536412, 48.2893297 ], [ 12.2535554, 48.2896485 ], [ 12.254024, 48.2901029 ], [ 12.2538789, 48.2901568 ], [ 12.2537756, 48.2901878 ], [ 12.2538386, 48.290309 ], [ 12.2539278, 48.2904678 ], [ 12.2534252, 48.2905978 ], [ 12.2535575, 48.2908433 ], [ 12.2526069, 48.2908567 ], [ 12.252506, 48.2908741 ], [ 12.2525402, 48.2909809 ], [ 12.2526972, 48.2914731 ], [ 12.252413, 48.2916245 ], [ 12.2521561, 48.2917605 ], [ 12.2527618, 48.2925234 ], [ 12.2529078, 48.2927388 ], [ 12.2530964, 48.2929253 ], [ 12.2533375, 48.2931115 ], [ 12.2536195, 48.2933506 ], [ 12.2539658, 48.2937186 ], [ 12.2540255, 48.2937802 ], [ 12.254423, 48.2942524 ], [ 12.2545836, 48.2945359 ], [ 12.2547633, 48.2948401 ], [ 12.2549138, 48.2950677 ], [ 12.2540249, 48.2954945 ], [ 12.2539962, 48.2955179 ], [ 12.2530664, 48.296279 ], [ 12.2531096, 48.2965654 ], [ 12.2531937, 48.2971226 ], [ 12.2530745, 48.2975895 ], [ 12.2527056, 48.2979519 ], [ 12.2519812, 48.2983022 ], [ 12.2518952, 48.2991032 ], [ 12.2518442, 48.2992546 ], [ 12.2516109, 48.3007615 ], [ 12.252106, 48.3010219 ], [ 12.2521068, 48.3010736 ], [ 12.2521167, 48.3024073 ], [ 12.2515277, 48.3035376 ], [ 12.2516747, 48.3036082 ], [ 12.2516954, 48.3036234 ], [ 12.2518673, 48.3038217 ], [ 12.251934, 48.3039735 ], [ 12.2519534, 48.3040174 ], [ 12.2520097, 48.3040706 ], [ 12.2520558, 48.304613 ], [ 12.2521658, 48.3049936 ], [ 12.2521855, 48.3050359 ], [ 12.2523121, 48.3051523 ], [ 12.2523237, 48.3051692 ], [ 12.2523303, 48.3051871 ], [ 12.2523403, 48.3053384 ], [ 12.2523507, 48.3054448 ], [ 12.252606, 48.3054451 ], [ 12.2541607, 48.3055306 ], [ 12.2549582, 48.305506 ], [ 12.2551109, 48.305535 ], [ 12.255264, 48.3055642 ], [ 12.2552067, 48.305676 ], [ 12.2551606, 48.3058143 ], [ 12.2550031, 48.305837 ], [ 12.2548455, 48.3058597 ], [ 12.2548872, 48.3063866 ], [ 12.2550547, 48.3064923 ], [ 12.2552215, 48.3065975 ], [ 12.255141, 48.3069726 ], [ 12.2550741, 48.3071977 ], [ 12.2549003, 48.3072375 ], [ 12.2547266, 48.3072773 ], [ 12.254561, 48.3078269 ], [ 12.2543067, 48.3086009 ], [ 12.2543018, 48.3087943 ], [ 12.2542972, 48.3089662 ], [ 12.2540908, 48.3097375 ], [ 12.2541051, 48.309923 ], [ 12.2540844, 48.3100188 ], [ 12.2540548, 48.3101616 ], [ 12.2540058, 48.3104048 ], [ 12.2537145, 48.3109719 ], [ 12.2536889, 48.3110797 ], [ 12.2536595, 48.3112033 ], [ 12.2536789, 48.3113793 ], [ 12.2536397, 48.3114938 ], [ 12.2535367, 48.3116195 ], [ 12.2535127, 48.3116376 ], [ 12.2533014, 48.3117401 ], [ 12.2532483, 48.3118103 ], [ 12.2531878, 48.3120252 ], [ 12.2532127, 48.3122609 ], [ 12.2532051, 48.3122889 ], [ 12.2531874, 48.3123145 ], [ 12.2531606, 48.3123363 ], [ 12.2529618, 48.3124329 ], [ 12.2529129, 48.3126139 ], [ 12.2528188, 48.3127706 ], [ 12.2527995, 48.3127906 ], [ 12.2526137, 48.3129126 ], [ 12.252257, 48.3130578 ], [ 12.2519268, 48.3131924 ], [ 12.2516863, 48.3133068 ], [ 12.2514353, 48.3134071 ], [ 12.2514834, 48.3136304 ], [ 12.251209, 48.3139014 ], [ 12.2512463, 48.3140562 ], [ 12.2512835, 48.3142112 ], [ 12.2511179, 48.3152538 ], [ 12.2510201, 48.3154511 ], [ 12.2508804, 48.3160459 ], [ 12.2508189, 48.3163073 ], [ 12.2507983, 48.3165724 ], [ 12.2506684, 48.3171628 ], [ 12.2506255, 48.3173705 ], [ 12.2504509, 48.3178391 ], [ 12.2504367, 48.3178584 ], [ 12.2503881, 48.3178995 ], [ 12.2503268, 48.3181197 ], [ 12.2496953, 48.3186152 ], [ 12.2496485, 48.3187278 ], [ 12.2496266, 48.3187515 ], [ 12.2494368, 48.318871 ], [ 12.2493225, 48.3189898 ], [ 12.2491507, 48.3191921 ], [ 12.2487653, 48.3200173 ], [ 12.248837, 48.3200632 ], [ 12.2491516, 48.3202741 ], [ 12.2494827, 48.3204185 ], [ 12.2495084, 48.3204368 ], [ 12.2495199, 48.3204483 ], [ 12.2497336, 48.3207894 ], [ 12.2497446, 48.3208393 ], [ 12.2507287, 48.3215645 ], [ 12.2507024, 48.3216054 ], [ 12.2505099, 48.3219031 ], [ 12.2502359, 48.3222888 ], [ 12.2503658, 48.322741 ], [ 12.2503507, 48.3228961 ], [ 12.2503006, 48.3234083 ], [ 12.2469374, 48.323347 ], [ 12.2467998, 48.324238 ], [ 12.2460996, 48.3242892 ], [ 12.2445053, 48.3244039 ], [ 12.2443174, 48.3245125 ], [ 12.2441279, 48.324622 ], [ 12.2440876, 48.3246452 ], [ 12.2438744, 48.3246621 ], [ 12.2418919, 48.3247824 ], [ 12.2416937, 48.3251711 ], [ 12.2416048, 48.3254626 ], [ 12.2415408, 48.3256288 ], [ 12.2414971, 48.3258217 ], [ 12.2414493, 48.3260337 ], [ 12.2412405, 48.3260871 ], [ 12.240981, 48.3261212 ], [ 12.2406276, 48.3261388 ], [ 12.2402091, 48.326106 ], [ 12.2401058, 48.3260739 ], [ 12.2397, 48.3269309 ], [ 12.2396744, 48.3269852 ], [ 12.2393091, 48.3268382 ], [ 12.2390699, 48.3273563 ], [ 12.2390085, 48.3278435 ], [ 12.2392769, 48.3281079 ], [ 12.2373627, 48.3282745 ], [ 12.2374062, 48.3293422 ], [ 12.2378757, 48.3302189 ], [ 12.237054, 48.330317 ], [ 12.2369206, 48.3302459 ], [ 12.2363942, 48.3299652 ], [ 12.235739, 48.3300107 ], [ 12.23461, 48.3303559 ], [ 12.2342679, 48.3304612 ], [ 12.2337725, 48.330237 ], [ 12.2332991, 48.3309807 ], [ 12.2330191, 48.3314204 ], [ 12.2333584, 48.331756 ], [ 12.2337041, 48.3325002 ], [ 12.2337486, 48.3325395 ], [ 12.2339792, 48.3327437 ], [ 12.2343722, 48.3331306 ], [ 12.235073, 48.3339246 ], [ 12.2350762, 48.3343053 ], [ 12.2347146, 48.3348618 ], [ 12.2349026, 48.3354838 ], [ 12.2349735, 48.335796 ], [ 12.2369846, 48.3355945 ], [ 12.236823, 48.336326 ], [ 12.2366755, 48.3363071 ], [ 12.236528, 48.3363033 ], [ 12.2361992, 48.3363006 ], [ 12.2358598, 48.3363131 ], [ 12.235213, 48.336361 ], [ 12.2347907, 48.3364098 ], [ 12.2341927, 48.336473 ], [ 12.2339332, 48.3364715 ], [ 12.2337266, 48.3363728 ], [ 12.2334997, 48.3364747 ], [ 12.2329936, 48.3367389 ], [ 12.2328863, 48.3368075 ], [ 12.2321846, 48.3371618 ], [ 12.2323532, 48.337354 ], [ 12.232913, 48.3378759 ], [ 12.2332184, 48.3381966 ], [ 12.2334186, 48.3383901 ], [ 12.2331681, 48.3387266 ], [ 12.2331345, 48.3387369 ], [ 12.2330993, 48.3387551 ], [ 12.2329285, 48.3388051 ], [ 12.2325041, 48.3389293 ], [ 12.2331769, 48.3396016 ], [ 12.2323076, 48.3400629 ], [ 12.231477, 48.3404852 ], [ 12.2313237, 48.3402385 ], [ 12.2309251, 48.3403777 ], [ 12.2306154, 48.3410961 ], [ 12.2305644, 48.3412206 ], [ 12.2302934, 48.3419346 ], [ 12.2311003, 48.3415297 ], [ 12.2316207, 48.3412694 ], [ 12.2321198, 48.3414433 ], [ 12.2328681, 48.3419599 ], [ 12.2333784, 48.3420036 ], [ 12.2336604, 48.3420277 ], [ 12.2344966, 48.3427563 ], [ 12.2343203, 48.3427497 ], [ 12.233298, 48.3427119 ], [ 12.2328602, 48.3427733 ], [ 12.2323538, 48.3430421 ], [ 12.2330605, 48.3433916 ], [ 12.2330325, 48.3435078 ], [ 12.2328962, 48.3440751 ], [ 12.2334064, 48.3445176 ], [ 12.2329956, 48.3447715 ], [ 12.23283, 48.3448737 ], [ 12.2330148, 48.3452092 ], [ 12.232458, 48.3453416 ], [ 12.2324387, 48.3453916 ], [ 12.2322418, 48.345675 ], [ 12.2326359, 48.3463296 ], [ 12.2320716, 48.346504 ], [ 12.232167, 48.3468046 ], [ 12.2321879, 48.3473045 ], [ 12.2321912, 48.3473422 ], [ 12.2322043, 48.3474913 ], [ 12.2322218, 48.3476379 ], [ 12.231743, 48.3478447 ], [ 12.231743, 48.3479152 ], [ 12.2319675, 48.3486571 ], [ 12.2319615, 48.348864 ], [ 12.232682, 48.3490085 ], [ 12.2326293, 48.3491086 ], [ 12.2324531, 48.349321 ], [ 12.2320419, 48.3496519 ], [ 12.2316933, 48.349871 ], [ 12.2313179, 48.3500859 ], [ 12.2306867, 48.3504524 ], [ 12.2304548, 48.3505663 ], [ 12.230304, 48.3506341 ], [ 12.2297389, 48.3508819 ], [ 12.2295704, 48.3509454 ], [ 12.2291266, 48.3511817 ], [ 12.22905, 48.3512213 ], [ 12.2285532, 48.3514914 ], [ 12.2284433, 48.3515795 ], [ 12.2281, 48.3518008 ], [ 12.2277934, 48.3519815 ], [ 12.2274361, 48.3522064 ], [ 12.2272102, 48.3523886 ], [ 12.2271594, 48.352442 ], [ 12.2270444, 48.3525471 ], [ 12.226956, 48.3525853 ], [ 12.2266879, 48.3527011 ], [ 12.2267264, 48.3529088 ], [ 12.2266159, 48.3529112 ], [ 12.2265662, 48.352909 ], [ 12.2265092, 48.3529067 ], [ 12.2264414, 48.3529039 ], [ 12.2262804, 48.3528972 ], [ 12.2262655, 48.3528059 ], [ 12.2255371, 48.3518716 ], [ 12.2220509, 48.3519707 ], [ 12.2220447, 48.3519556 ], [ 12.2220536, 48.3518578 ], [ 12.222143, 48.3508727 ], [ 12.2202263, 48.3503077 ], [ 12.2189193, 48.3499223 ], [ 12.2188854, 48.3511062 ], [ 12.2187885, 48.3511705 ], [ 12.21866, 48.3512557 ], [ 12.2184241, 48.3512472 ], [ 12.2154849, 48.3514047 ], [ 12.2151236, 48.3514343 ], [ 12.2152274, 48.3516693 ], [ 12.2152939, 48.3519238 ], [ 12.2153198, 48.3521094 ], [ 12.2152879, 48.3523421 ], [ 12.2152536, 48.35246 ], [ 12.2165594, 48.3527827 ], [ 12.2163439, 48.3532155 ], [ 12.2162763, 48.3533693 ], [ 12.2161385, 48.3536069 ], [ 12.2164193, 48.353765 ], [ 12.2171707, 48.3542152 ], [ 12.2171389, 48.3542263 ], [ 12.2170932, 48.3542538 ], [ 12.2170602, 48.3542883 ], [ 12.2170515, 48.3543064 ], [ 12.2164406, 48.3545123 ], [ 12.2156409, 48.3548215 ], [ 12.2154714, 48.3548662 ], [ 12.2141146, 48.3553255 ], [ 12.2135368, 48.3555137 ], [ 12.2128954, 48.3557986 ], [ 12.2128558, 48.355829 ], [ 12.2123181, 48.35657 ], [ 12.2117377, 48.357245 ], [ 12.2114884, 48.3576155 ], [ 12.2111221, 48.358108 ], [ 12.2107249, 48.3586236 ], [ 12.2107075, 48.3586462 ], [ 12.2103652, 48.3589213 ], [ 12.2101534, 48.3591672 ], [ 12.2100307, 48.3593668 ], [ 12.2099532, 48.3595321 ], [ 12.2098936, 48.3597517 ], [ 12.2097979, 48.3602895 ], [ 12.2096914, 48.3607026 ], [ 12.2096952, 48.3607323 ], [ 12.2096783, 48.3608058 ], [ 12.2096005, 48.3608797 ], [ 12.2095008, 48.3609744 ], [ 12.209362, 48.3610302 ], [ 12.2083049, 48.3614548 ], [ 12.2073129, 48.3618744 ], [ 12.2067106, 48.3621568 ], [ 12.2054297, 48.362776 ], [ 12.2054019, 48.3627854 ], [ 12.2040049, 48.3634195 ], [ 12.2039832, 48.3632536 ], [ 12.2036323, 48.3633225 ], [ 12.2031994, 48.3634059 ], [ 12.2029827, 48.3634775 ], [ 12.202813, 48.363552 ], [ 12.202411, 48.3636117 ], [ 12.2021763, 48.3634997 ], [ 12.2017296, 48.3632866 ], [ 12.2016606, 48.3629629 ], [ 12.1997528, 48.3625944 ], [ 12.1981687, 48.3626189 ], [ 12.1972752, 48.3626329 ], [ 12.197224, 48.3626583 ], [ 12.1966686, 48.362933 ], [ 12.1963328, 48.3632018 ], [ 12.1960698, 48.3634144 ], [ 12.1959919, 48.3635152 ], [ 12.1959651, 48.3639799 ], [ 12.1959591, 48.3640641 ], [ 12.1961992, 48.3645365 ], [ 12.196677, 48.3648407 ], [ 12.1968174, 48.3649301 ], [ 12.1963493, 48.3658271 ], [ 12.1959884, 48.3663187 ], [ 12.1955794, 48.3665418 ], [ 12.1954304, 48.3666398 ], [ 12.1953958, 48.3666389 ], [ 12.1952173, 48.3667192 ], [ 12.1945996, 48.3669978 ], [ 12.1942699, 48.3672403 ], [ 12.1940921, 48.3673711 ], [ 12.194067, 48.3674825 ], [ 12.1940185, 48.3676965 ], [ 12.1941846, 48.3680454 ], [ 12.1950897, 48.3692023 ], [ 12.1920813, 48.3694681 ], [ 12.1914564, 48.3695233 ], [ 12.1912121, 48.3695461 ], [ 12.1910171, 48.3696737 ], [ 12.1908558, 48.3697644 ], [ 12.1906593, 48.3698746 ], [ 12.1905691, 48.3699507 ], [ 12.1904261, 48.3700326 ], [ 12.1902915, 48.3700746 ], [ 12.1898161, 48.3701887 ], [ 12.1891701, 48.3703716 ], [ 12.1892208, 48.3704779 ], [ 12.189271, 48.3705841 ], [ 12.1890009, 48.3706704 ], [ 12.1872283, 48.3712899 ], [ 12.1872299, 48.3722771 ], [ 12.189134, 48.3725663 ], [ 12.1899646, 48.3728428 ], [ 12.1901788, 48.3729138 ], [ 12.1903679, 48.373024 ], [ 12.1905719, 48.3731427 ], [ 12.1909631, 48.3733224 ], [ 12.1911004, 48.3734249 ], [ 12.1911245, 48.3734624 ], [ 12.1911441, 48.3734737 ], [ 12.1913385, 48.3735652 ], [ 12.1915607, 48.3736444 ], [ 12.1915835, 48.3736566 ], [ 12.1916656, 48.3737192 ], [ 12.1917674, 48.3737672 ], [ 12.1919737, 48.3740565 ], [ 12.1919047, 48.3742164 ], [ 12.1917682, 48.3747652 ], [ 12.1919718, 48.3751164 ], [ 12.1920363, 48.3751811 ], [ 12.192384, 48.3754925 ], [ 12.1932753, 48.3758832 ], [ 12.1933242, 48.3759008 ], [ 12.1933799, 48.3759296 ], [ 12.1942653, 48.3763131 ], [ 12.1945514, 48.3764303 ], [ 12.1945919, 48.3764553 ], [ 12.1954213, 48.3764652 ], [ 12.1954109, 48.3764935 ], [ 12.1953199, 48.3767397 ], [ 12.1951519, 48.3768415 ], [ 12.1951905, 48.3768604 ], [ 12.1951069, 48.3769752 ], [ 12.1950279, 48.377005 ], [ 12.1949651, 48.3770078 ], [ 12.1948938, 48.3769689 ], [ 12.1947594, 48.3769488 ], [ 12.1947301, 48.3769039 ], [ 12.1947045, 48.3768644 ], [ 12.1945742, 48.3768319 ], [ 12.1942842, 48.3768948 ], [ 12.1943582, 48.3770591 ], [ 12.1944602, 48.3770653 ], [ 12.1947401, 48.3770912 ], [ 12.1942645, 48.3773776 ], [ 12.1943902, 48.3774162 ], [ 12.1939766, 48.377903 ], [ 12.1938001, 48.3779802 ], [ 12.1936977, 48.3778177 ], [ 12.1936057, 48.3778023 ], [ 12.1931873, 48.3780834 ], [ 12.1932718, 48.3781404 ], [ 12.1933131, 48.3782885 ], [ 12.1929699, 48.3784643 ], [ 12.1929824, 48.3786054 ], [ 12.1929467, 48.3786572 ], [ 12.1928279, 48.3787081 ], [ 12.1927636, 48.3786756 ], [ 12.1927325, 48.3785185 ], [ 12.192558, 48.3785627 ], [ 12.1924048, 48.3786013 ], [ 12.1922741, 48.3785787 ], [ 12.1920254, 48.378538 ], [ 12.1919597, 48.3785897 ], [ 12.1920569, 48.3787499 ], [ 12.1921273, 48.3789314 ], [ 12.1919678, 48.3790335 ], [ 12.1918995, 48.3791822 ], [ 12.1916065, 48.3793018 ], [ 12.1923676, 48.3797797 ], [ 12.192868, 48.3798317 ], [ 12.1944651, 48.3792315 ], [ 12.1951897, 48.3798577 ], [ 12.1959179, 48.381326 ], [ 12.194357, 48.382103 ], [ 12.1925667, 48.3830198 ], [ 12.1923728, 48.3831178 ], [ 12.192178, 48.3832163 ], [ 12.1919324, 48.3832353 ], [ 12.1918606, 48.3832409 ], [ 12.1858407, 48.3837708 ], [ 12.1856721, 48.3837909 ], [ 12.1855625, 48.383804 ], [ 12.1859204, 48.3840387 ], [ 12.1861668, 48.3842274 ], [ 12.1864638, 48.3844065 ], [ 12.186658, 48.3845301 ], [ 12.186885, 48.3847172 ], [ 12.1871268, 48.3848768 ], [ 12.1871685, 48.3849675 ], [ 12.187234, 48.3851103 ], [ 12.1876139, 48.3858063 ], [ 12.1877412, 48.3861892 ], [ 12.187719, 48.3862658 ], [ 12.1877211, 48.3862907 ], [ 12.1876955, 48.3863893 ], [ 12.1876723, 48.3864263 ], [ 12.1875892, 48.3867124 ], [ 12.1883685, 48.3869248 ], [ 12.1893335, 48.3873269 ], [ 12.1889285, 48.3884892 ], [ 12.1888615, 48.3886383 ], [ 12.1889958, 48.3887814 ], [ 12.1876338, 48.3893678 ], [ 12.1873394, 48.3894762 ], [ 12.1870696, 48.3895681 ], [ 12.1870249, 48.3895773 ], [ 12.186719, 48.3896013 ], [ 12.1864707, 48.3896185 ], [ 12.1864539, 48.3896782 ], [ 12.1862058, 48.390358 ], [ 12.185689, 48.3915861 ], [ 12.185648, 48.3916978 ], [ 12.1832304, 48.3915678 ], [ 12.1829601, 48.3915549 ], [ 12.1820904, 48.3951049 ], [ 12.180546, 48.3950441 ], [ 12.1803846, 48.3950405 ], [ 12.1800803, 48.3950221 ], [ 12.1798875, 48.3952648 ], [ 12.1796655, 48.3956188 ], [ 12.1794598, 48.395994 ], [ 12.1792417, 48.3963687 ], [ 12.1790136, 48.3968503 ], [ 12.1782136, 48.3967103 ], [ 12.1770912, 48.3964682 ], [ 12.1767714, 48.3963033 ], [ 12.1758412, 48.3962541 ], [ 12.175486, 48.3960953 ], [ 12.1749817, 48.3961031 ], [ 12.1739379, 48.3958352 ], [ 12.173879, 48.3959838 ], [ 12.1737995, 48.3961336 ], [ 12.1735741, 48.3966355 ], [ 12.1734793, 48.3968334 ], [ 12.1731977, 48.3972637 ], [ 12.1732243, 48.3973407 ], [ 12.1733264, 48.3976529 ], [ 12.1720187, 48.3980227 ], [ 12.171554, 48.3981408 ], [ 12.1709071, 48.3980753 ], [ 12.1702876, 48.3981148 ], [ 12.1702214, 48.3981325 ], [ 12.1699985, 48.3981201 ], [ 12.1703769, 48.3986043 ], [ 12.1710443, 48.3990644 ], [ 12.1714183, 48.399512 ], [ 12.1697757, 48.4000484 ], [ 12.1696864, 48.400077 ], [ 12.1683646, 48.4002035 ], [ 12.1669406, 48.4005873 ], [ 12.1669155, 48.4012669 ], [ 12.1668443, 48.4015375 ], [ 12.1667391, 48.4018277 ], [ 12.166644, 48.402102 ], [ 12.1664975, 48.4023992 ], [ 12.1664858, 48.4025202 ], [ 12.1666493, 48.4026001 ], [ 12.1667936, 48.4026591 ], [ 12.1668716, 48.4037788 ], [ 12.1679913, 48.4036288 ], [ 12.1688427, 48.4032965 ], [ 12.1688469, 48.4032963 ], [ 12.1691319, 48.4032782 ], [ 12.1694832, 48.4032229 ], [ 12.1697663, 48.4031785 ], [ 12.1700273, 48.4031332 ], [ 12.1700731, 48.4031268 ], [ 12.1700991, 48.4031277 ], [ 12.1701201, 48.4031283 ], [ 12.1701642, 48.4031376 ], [ 12.1701689, 48.4031397 ], [ 12.1702031, 48.4031544 ], [ 12.1702269, 48.4031718 ], [ 12.1702548, 48.4032042 ], [ 12.1703599, 48.403544 ], [ 12.170701, 48.4043115 ], [ 12.171227, 48.4045184 ], [ 12.1715554, 48.4046478 ], [ 12.171161, 48.4059104 ], [ 12.1712363, 48.4065236 ], [ 12.1713633, 48.4065142 ], [ 12.1714947, 48.4064953 ], [ 12.1715382, 48.4066318 ], [ 12.1715966, 48.4068104 ], [ 12.1715872, 48.4068442 ], [ 12.1715491, 48.4069814 ], [ 12.1713903, 48.4076211 ], [ 12.1714477, 48.4083161 ], [ 12.1707544, 48.4086361 ], [ 12.1701867, 48.4088153 ], [ 12.1693404, 48.4088603 ], [ 12.1692535, 48.4088591 ], [ 12.1692347, 48.408859 ], [ 12.1689028, 48.4091202 ], [ 12.1686652, 48.4093265 ], [ 12.1684689, 48.4095554 ], [ 12.1683374, 48.4097819 ], [ 12.1682584, 48.4099306 ], [ 12.1684815, 48.4100957 ], [ 12.1687977, 48.4103064 ], [ 12.1684508, 48.4107229 ], [ 12.1682973, 48.4109194 ], [ 12.1682604, 48.4109719 ], [ 12.1681639, 48.4110826 ], [ 12.168137, 48.4111031 ], [ 12.1680185, 48.411176 ], [ 12.1679782, 48.411201 ], [ 12.1678433, 48.4112627 ], [ 12.168041, 48.4113092 ], [ 12.1680705, 48.4113161 ], [ 12.1682088, 48.4113755 ], [ 12.1684065, 48.4114921 ], [ 12.1685928, 48.4116451 ], [ 12.1687825, 48.4118503 ], [ 12.1688834, 48.4120397 ], [ 12.1689243, 48.4122606 ], [ 12.169035, 48.4124969 ], [ 12.1693841, 48.4129174 ], [ 12.1695528, 48.4130573 ], [ 12.1698311, 48.413246 ], [ 12.1700109, 48.4134549 ], [ 12.1700518, 48.4134844 ], [ 12.1700837, 48.4135799 ], [ 12.170224, 48.4138233 ], [ 12.1703174, 48.4141411 ], [ 12.1701716, 48.414163 ], [ 12.1695791, 48.4142659 ], [ 12.1679224, 48.4144436 ], [ 12.1677929, 48.4145559 ], [ 12.1677799, 48.4145671 ], [ 12.1675578, 48.4148 ], [ 12.167521, 48.4148137 ], [ 12.1670644, 48.4148916 ], [ 12.1657129, 48.4151312 ], [ 12.1655574, 48.4151628 ], [ 12.1657293, 48.4160303 ], [ 12.1659747, 48.4165095 ], [ 12.1661131, 48.4167896 ], [ 12.1651947, 48.4168875 ], [ 12.164706, 48.4170442 ], [ 12.1646903, 48.4171979 ], [ 12.1644613, 48.4179851 ], [ 12.1641646, 48.4188579 ], [ 12.1641239, 48.4191605 ], [ 12.1640338, 48.4195636 ], [ 12.1640113, 48.4196868 ], [ 12.1639936, 48.4197589 ], [ 12.1639382, 48.4202201 ], [ 12.1638767, 48.4206884 ], [ 12.1637561, 48.4219851 ], [ 12.1636185, 48.42206 ], [ 12.1634746, 48.4220981 ], [ 12.1631592, 48.4221838 ], [ 12.1619793, 48.4224662 ], [ 12.1616716, 48.4225585 ], [ 12.1612172, 48.4227538 ], [ 12.1609744, 48.4227307 ], [ 12.1604802, 48.4226312 ], [ 12.1598464, 48.4224995 ], [ 12.1591195, 48.4223414 ], [ 12.1583154, 48.4222101 ], [ 12.1582296, 48.4221888 ], [ 12.1582082, 48.4221683 ], [ 12.1581488, 48.4220399 ], [ 12.1579359, 48.4216751 ], [ 12.157789, 48.4214928 ], [ 12.1576012, 48.4213601 ], [ 12.1575776, 48.4213481 ], [ 12.1574215, 48.4212937 ], [ 12.1573949, 48.4212877 ], [ 12.157197, 48.4212655 ], [ 12.1570122, 48.4212768 ], [ 12.1565752, 48.4213059 ], [ 12.1563855, 48.4213081 ], [ 12.1562316, 48.4212914 ], [ 12.1558084, 48.4211783 ], [ 12.1555824, 48.4211139 ], [ 12.1553958, 48.421189 ], [ 12.1553287, 48.4212163 ], [ 12.155233, 48.4212984 ], [ 12.1551373, 48.421398 ], [ 12.1551238, 48.4214376 ], [ 12.1551034, 48.4214972 ], [ 12.1550945, 48.421699 ], [ 12.155055, 48.4217978 ], [ 12.1550071, 48.4218265 ], [ 12.1546396, 48.4218992 ], [ 12.1541497, 48.4220539 ], [ 12.1538761, 48.4221422 ], [ 12.1529993, 48.4223593 ], [ 12.1528416, 48.4224053 ], [ 12.1527513, 48.4224313 ], [ 12.1511787, 48.422716 ], [ 12.1494737, 48.4229113 ], [ 12.1493954, 48.4234509 ], [ 12.1492006, 48.4242243 ], [ 12.1487835, 48.4246584 ], [ 12.1485114, 48.425064 ], [ 12.1484165, 48.4253731 ], [ 12.1483708, 48.4255223 ], [ 12.1478829, 48.4254767 ], [ 12.1476803, 48.4255055 ], [ 12.1476072, 48.4254868 ], [ 12.1468888, 48.4254415 ], [ 12.1464123, 48.4253412 ], [ 12.1462106, 48.425273 ], [ 12.1461261, 48.4252327 ], [ 12.1459769, 48.4251642 ], [ 12.1454604, 48.425046 ], [ 12.1450511, 48.424903 ], [ 12.1449798, 48.4248782 ], [ 12.1445198, 48.4247763 ], [ 12.1439736, 48.4247031 ], [ 12.1438283, 48.4246725 ], [ 12.1431709, 48.4245344 ], [ 12.1428314, 48.4244437 ], [ 12.1427593, 48.4244368 ], [ 12.1425282, 48.4243819 ], [ 12.1422464, 48.4243539 ], [ 12.1420943, 48.4243528 ], [ 12.1419582, 48.4242023 ], [ 12.141957, 48.424179 ], [ 12.141991, 48.4241004 ], [ 12.1420965, 48.4239042 ], [ 12.1421888, 48.4236781 ], [ 12.1422243, 48.4236114 ], [ 12.1422288, 48.4232974 ], [ 12.142231, 48.4231524 ], [ 12.1423098, 48.4220321 ], [ 12.1427525, 48.4218849 ], [ 12.1426811, 48.4207745 ], [ 12.1418832, 48.4208378 ], [ 12.1419155, 48.4217993 ], [ 12.1415232, 48.421889 ], [ 12.1413302, 48.4223216 ], [ 12.1406575, 48.4221046 ], [ 12.1405795, 48.4221002 ], [ 12.1404926, 48.4220954 ], [ 12.1402248, 48.4220805 ], [ 12.138632, 48.4220826 ], [ 12.1379213, 48.4240497 ], [ 12.1378781, 48.4241689 ], [ 12.1378668, 48.4242058 ], [ 12.1378135, 48.424275 ], [ 12.1377123, 48.4244064 ], [ 12.1374465, 48.4250522 ], [ 12.1369764, 48.4261929 ], [ 12.1360291, 48.4256207 ], [ 12.135104, 48.425119 ], [ 12.1340085, 48.4243628 ], [ 12.1337083, 48.4242189 ], [ 12.1330997, 48.4239321 ], [ 12.1327849, 48.4237255 ], [ 12.1321882, 48.4233336 ], [ 12.1317791, 48.4229852 ], [ 12.1316437, 48.422864 ], [ 12.1313611, 48.4226255 ], [ 12.1308375, 48.4221186 ], [ 12.1304472, 48.4216839 ], [ 12.1305995, 48.4216037 ], [ 12.1309748, 48.4214546 ], [ 12.1323021, 48.4211166 ], [ 12.1321689, 48.4205373 ], [ 12.131965, 48.4196463 ], [ 12.1319344, 48.4195159 ], [ 12.1313481, 48.4195405 ], [ 12.1308003, 48.4195725 ], [ 12.1307059, 48.4195247 ], [ 12.1306593, 48.41925 ], [ 12.1305849, 48.4189262 ], [ 12.1305643, 48.4184908 ], [ 12.1305458, 48.4183209 ], [ 12.1305311, 48.4181874 ], [ 12.1305145, 48.4180338 ], [ 12.1303468, 48.416783 ], [ 12.1299992, 48.4165066 ], [ 12.1306129, 48.4157956 ], [ 12.1304756, 48.4157257 ], [ 12.1303422, 48.4156395 ], [ 12.1301706, 48.4159883 ], [ 12.1300199, 48.4161467 ], [ 12.1298726, 48.4162799 ], [ 12.1298236, 48.416373 ], [ 12.1285646, 48.416377 ], [ 12.1284031, 48.416386 ], [ 12.128261, 48.4163991 ], [ 12.1281323, 48.4164146 ], [ 12.1280109, 48.4164291 ], [ 12.1275721, 48.4165079 ], [ 12.1272152, 48.4165926 ], [ 12.1272307, 48.4167483 ], [ 12.1272885, 48.4173306 ], [ 12.1273138, 48.4178009 ], [ 12.127435, 48.4185453 ], [ 12.1274769, 48.4187238 ], [ 12.1272649, 48.4188008 ], [ 12.1269061, 48.4189233 ], [ 12.1268187, 48.4189533 ], [ 12.1268647, 48.4190611 ], [ 12.1272888, 48.4200954 ], [ 12.1273141, 48.4203531 ], [ 12.127424, 48.4212507 ], [ 12.1274767, 48.4215016 ], [ 12.1275071, 48.4216473 ], [ 12.128295, 48.4216599 ], [ 12.1283025, 48.4218316 ], [ 12.1283281, 48.4224108 ], [ 12.1278658, 48.4224364 ], [ 12.1274959, 48.4224569 ], [ 12.1271698, 48.4224978 ], [ 12.1269326, 48.4225464 ], [ 12.1263853, 48.4226783 ], [ 12.1258327, 48.4229592 ], [ 12.1256489, 48.4230818 ], [ 12.1255844, 48.423125 ], [ 12.1255709, 48.4231386 ], [ 12.1254788, 48.4232003 ], [ 12.1254874, 48.4223338 ], [ 12.1254914, 48.4221166 ], [ 12.1246773, 48.4219595 ], [ 12.1245002, 48.4219297 ], [ 12.1245133, 48.4218908 ], [ 12.1246406, 48.4215091 ], [ 12.1244594, 48.42152 ], [ 12.1244881, 48.4213221 ], [ 12.1245952, 48.4206506 ], [ 12.1245582, 48.4203918 ], [ 12.1236236, 48.4203104 ], [ 12.1224918, 48.4201682 ], [ 12.1216828, 48.4200177 ], [ 12.1212025, 48.4205659 ], [ 12.1201319, 48.421302 ], [ 12.1203436, 48.4215265 ], [ 12.1203166, 48.4217172 ], [ 12.120444, 48.4216939 ], [ 12.1214652, 48.4214676 ], [ 12.1218324, 48.4213969 ], [ 12.1219438, 48.4214934 ], [ 12.1219904, 48.4215602 ], [ 12.1221105, 48.4217261 ], [ 12.1221317, 48.4217658 ], [ 12.1214845, 48.4218897 ], [ 12.1201284, 48.4221963 ], [ 12.1200622, 48.422203 ], [ 12.1187433, 48.4223391 ], [ 12.1185701, 48.4223463 ], [ 12.1178112, 48.422284 ], [ 12.1177914, 48.4226012 ], [ 12.1177654, 48.422723 ], [ 12.1177282, 48.4229311 ], [ 12.1177272, 48.4231011 ], [ 12.1178309, 48.4239138 ], [ 12.1177217, 48.4242592 ], [ 12.1175366, 48.4242455 ], [ 12.1169561, 48.4242029 ], [ 12.1158478, 48.4240999 ], [ 12.1155091, 48.4240685 ], [ 12.1153662, 48.4240363 ], [ 12.1149052, 48.4239326 ], [ 12.1148741, 48.4238207 ], [ 12.1147737, 48.4234591 ], [ 12.1146762, 48.423284 ], [ 12.114516, 48.4229954 ], [ 12.1139504, 48.4232134 ], [ 12.113201, 48.4234003 ], [ 12.112793, 48.4235446 ], [ 12.1127697, 48.4235505 ], [ 12.1125088, 48.423604 ], [ 12.1125919, 48.423953 ], [ 12.112711, 48.4243951 ], [ 12.1128997, 48.425347 ], [ 12.1129456, 48.4256158 ], [ 12.112658, 48.4256196 ], [ 12.1120119, 48.425607 ], [ 12.1117821, 48.4255932 ], [ 12.1116119, 48.4250295 ], [ 12.1113987, 48.424785 ], [ 12.1108479, 48.4245934 ], [ 12.110044, 48.4243866 ], [ 12.1101622, 48.4241372 ], [ 12.1094776, 48.4240698 ], [ 12.1089987, 48.4241132 ], [ 12.1084049, 48.4241387 ], [ 12.1073019, 48.42429 ], [ 12.1065322, 48.4242707 ], [ 12.1059591, 48.4242535 ], [ 12.1050145, 48.4242506 ], [ 12.1042877, 48.4242964 ], [ 12.1034469, 48.4244276 ], [ 12.1029301, 48.4237349 ], [ 12.1025889, 48.4238218 ], [ 12.1002555, 48.4244884 ], [ 12.0993544, 48.4246637 ], [ 12.0984935, 48.4247705 ], [ 12.0983432, 48.4247688 ], [ 12.096908, 48.4246863 ], [ 12.096429, 48.4246587 ], [ 12.0963975, 48.424657 ], [ 12.0962608, 48.4247169 ], [ 12.0960953, 48.4252621 ], [ 12.0960961, 48.4253523 ], [ 12.0960971, 48.4254626 ], [ 12.0960981, 48.4255581 ], [ 12.0953929, 48.4256321 ], [ 12.0952325, 48.4256449 ], [ 12.0947759, 48.4256214 ], [ 12.0946482, 48.4256118 ], [ 12.092932, 48.4253359 ], [ 12.0912976, 48.4252452 ], [ 12.0905756, 48.4252013 ], [ 12.0901338, 48.4251527 ], [ 12.0901878, 48.4251025 ], [ 12.0903456, 48.424973 ], [ 12.0904588, 48.424889 ], [ 12.090549, 48.4248137 ], [ 12.0902811, 48.4247154 ], [ 12.0896108, 48.4246152 ], [ 12.0879931, 48.4244769 ], [ 12.088171, 48.4238455 ], [ 12.0877428, 48.4238067 ], [ 12.0874288, 48.4238513 ], [ 12.0866692, 48.4240884 ], [ 12.0861181, 48.4242013 ], [ 12.0860474, 48.4242041 ], [ 12.0849474, 48.4242489 ], [ 12.0849488, 48.4244296 ], [ 12.0849536, 48.4250219 ], [ 12.0847348, 48.4260478 ], [ 12.0841877, 48.4261189 ], [ 12.0842394, 48.4268287 ], [ 12.084245, 48.4269153 ], [ 12.0841092, 48.4274646 ], [ 12.0839643, 48.427949 ], [ 12.083489, 48.4285203 ], [ 12.0832133, 48.4284183 ], [ 12.0831668, 48.4284105 ], [ 12.0830101, 48.4284461 ], [ 12.082181, 48.4285684 ], [ 12.0817028, 48.428639 ], [ 12.0808472, 48.4287353 ], [ 12.0808199, 48.4287216 ], [ 12.0806522, 48.4286453 ], [ 12.080612, 48.4286357 ], [ 12.0797947, 48.4286307 ], [ 12.0792466, 48.4284522 ], [ 12.0790187, 48.4284124 ], [ 12.0787728, 48.428414 ], [ 12.0780568, 48.4285152 ], [ 12.0779038, 48.4285177 ], [ 12.0773519, 48.4285264 ], [ 12.0764354, 48.428473 ], [ 12.0762268, 48.4284537 ], [ 12.0762087, 48.4285711 ], [ 12.0761102, 48.428562 ], [ 12.0758226, 48.4285443 ], [ 12.074865, 48.4284461 ], [ 12.0748595, 48.4283262 ], [ 12.0745723, 48.4282968 ], [ 12.0739175, 48.4281951 ], [ 12.0734716, 48.4280805 ], [ 12.073226, 48.4279799 ], [ 12.0724262, 48.4274891 ], [ 12.0723538, 48.4274451 ], [ 12.0714907, 48.4270351 ], [ 12.070973, 48.4268648 ], [ 12.0708956, 48.4268394 ], [ 12.0704443, 48.4267537 ], [ 12.0701297, 48.426689 ], [ 12.0699832, 48.4266422 ], [ 12.0697973, 48.4265106 ], [ 12.0694886, 48.426242 ], [ 12.0693867, 48.42619 ], [ 12.0693668, 48.4261797 ], [ 12.0693281, 48.4261682 ], [ 12.0690391, 48.4261104 ], [ 12.068198, 48.4258946 ], [ 12.0675832, 48.4255254 ], [ 12.0676256, 48.4254419 ], [ 12.067629, 48.425412 ], [ 12.0676036, 48.4253187 ], [ 12.0675895, 48.4252957 ], [ 12.0673403, 48.4250524 ], [ 12.0670157, 48.4247916 ], [ 12.0668849, 48.4246538 ], [ 12.0667255, 48.4244488 ], [ 12.066611, 48.4242798 ], [ 12.0665812, 48.4242555 ], [ 12.0663001, 48.4241226 ], [ 12.0662004, 48.4240827 ], [ 12.0660258, 48.4240129 ], [ 12.0657727, 48.4239311 ], [ 12.0652893, 48.4237329 ], [ 12.0648325, 48.4231699 ], [ 12.0641255, 48.4228967 ], [ 12.0637625, 48.4227803 ], [ 12.0635502, 48.4227121 ], [ 12.0635232, 48.4227034 ], [ 12.0632986, 48.4224819 ], [ 12.0626059, 48.4220038 ], [ 12.0624018, 48.421862 ], [ 12.0620945, 48.4221196 ], [ 12.061852, 48.422356 ], [ 12.0617369, 48.4224683 ], [ 12.0617207, 48.4224461 ], [ 12.0614562, 48.4226119 ], [ 12.0612365, 48.4227147 ], [ 12.0612226, 48.4227212 ], [ 12.0611602, 48.4227403 ], [ 12.0608753, 48.4229189 ], [ 12.0597292, 48.4233514 ], [ 12.0582055, 48.4238986 ], [ 12.0581263, 48.4238096 ], [ 12.0580682, 48.4237196 ], [ 12.0580499, 48.4236911 ], [ 12.05792, 48.4235639 ], [ 12.0578647, 48.4235099 ], [ 12.0577884, 48.4234527 ], [ 12.0577739, 48.4234453 ], [ 12.0576445, 48.4234925 ], [ 12.0573717, 48.4236131 ], [ 12.0568495, 48.4238599 ], [ 12.0566648, 48.4236257 ], [ 12.0563925, 48.4229009 ], [ 12.0549933, 48.4232148 ], [ 12.0545202, 48.4232342 ], [ 12.0538499, 48.4232349 ], [ 12.0521496, 48.4230749 ], [ 12.0508548, 48.4229832 ], [ 12.0495839, 48.4231521 ], [ 12.0494697, 48.4225217 ], [ 12.0464692, 48.4220587 ], [ 12.0465582, 48.4218588 ], [ 12.0466112, 48.4217724 ], [ 12.046737, 48.4215371 ], [ 12.0468392, 48.4213124 ], [ 12.0469777, 48.421052 ], [ 12.047017, 48.4209494 ], [ 12.0470897, 48.420804 ], [ 12.0468174, 48.4207749 ], [ 12.0465034, 48.4207431 ], [ 12.0464895, 48.4208709 ], [ 12.0464839, 48.4208845 ], [ 12.0459914, 48.4209452 ], [ 12.0453718, 48.4209927 ], [ 12.0442248, 48.4210576 ], [ 12.0437611, 48.4210998 ], [ 12.0433268, 48.4210604 ], [ 12.043091, 48.4210366 ], [ 12.0426035, 48.4209959 ], [ 12.0422847, 48.4209741 ], [ 12.0420645, 48.4209685 ], [ 12.0420178, 48.4209631 ], [ 12.0421208, 48.4207806 ], [ 12.0421572, 48.4206569 ], [ 12.0422496, 48.4205335 ], [ 12.0423278, 48.4203594 ], [ 12.0424303, 48.4201399 ], [ 12.0421585, 48.4199317 ], [ 12.041996, 48.4198075 ], [ 12.0419242, 48.4197523 ], [ 12.0418274, 48.4196483 ], [ 12.0418157, 48.4196286 ], [ 12.0416036, 48.4193804 ], [ 12.0413324, 48.4191622 ], [ 12.0412631, 48.4189814 ], [ 12.041204, 48.4185266 ], [ 12.0409952, 48.4184858 ], [ 12.0411882, 48.4181311 ], [ 12.0412574, 48.4179951 ], [ 12.0412616, 48.4179809 ], [ 12.0412888, 48.4177287 ], [ 12.0412831, 48.4173162 ], [ 12.0412789, 48.4172947 ], [ 12.0412379, 48.4171883 ], [ 12.0412296, 48.4171749 ], [ 12.0412234, 48.4171649 ], [ 12.0411566, 48.4170892 ], [ 12.0411195, 48.4170605 ], [ 12.0410053, 48.4157102 ], [ 12.0401158, 48.4157988 ], [ 12.0388641, 48.4159233 ], [ 12.038283, 48.4159812 ], [ 12.0377588, 48.4160349 ], [ 12.0376516, 48.4160462 ], [ 12.0370212, 48.4161126 ], [ 12.0353412, 48.4161526 ], [ 12.0370129, 48.4190248 ], [ 12.0367447, 48.4189643 ], [ 12.0365313, 48.4189144 ], [ 12.035619, 48.4186564 ], [ 12.0348091, 48.4183967 ], [ 12.0336129, 48.4179422 ], [ 12.0317691, 48.4172468 ], [ 12.0312721, 48.4170614 ], [ 12.0314008, 48.4181502 ], [ 12.0311813, 48.4181658 ], [ 12.0308424, 48.4181494 ], [ 12.0306923, 48.4181421 ], [ 12.0302687, 48.4181279 ], [ 12.0298833, 48.4180845 ], [ 12.0282023, 48.4178826 ], [ 12.0284037, 48.4172584 ], [ 12.0284788, 48.417072 ], [ 12.0285404, 48.4169673 ], [ 12.0285868, 48.4169403 ], [ 12.0275562, 48.4168188 ], [ 12.0276364, 48.4162447 ], [ 12.0273802, 48.416266 ], [ 12.0261299, 48.4163459 ], [ 12.0257334, 48.4163815 ], [ 12.0257569, 48.4166572 ], [ 12.0253871, 48.416696 ], [ 12.0250276, 48.4167215 ], [ 12.0247435, 48.4167139 ], [ 12.024158, 48.4166891 ], [ 12.0241266, 48.4166882 ], [ 12.0236547, 48.4170161 ], [ 12.023337, 48.4170093 ], [ 12.0219424, 48.4167031 ], [ 12.0214668, 48.4165736 ], [ 12.0210044, 48.4164588 ], [ 12.0209106, 48.4163698 ], [ 12.0205763, 48.4165557 ], [ 12.0204124, 48.4167112 ], [ 12.0203247, 48.4169519 ], [ 12.0202291, 48.4175027 ], [ 12.0201703, 48.417854 ], [ 12.0211092, 48.4181325 ], [ 12.0208443, 48.4184817 ], [ 12.020741, 48.418618 ], [ 12.0206528, 48.4187345 ], [ 12.020016, 48.4193814 ], [ 12.0209977, 48.4197348 ], [ 12.0222436, 48.4202601 ], [ 12.0220871, 48.420766 ], [ 12.0218684, 48.4214894 ], [ 12.0219661, 48.421643 ], [ 12.0220814, 48.4218227 ], [ 12.0217649, 48.4219269 ], [ 12.0214962, 48.4220741 ], [ 12.0213754, 48.4221393 ], [ 12.0214311, 48.422192 ], [ 12.0214499, 48.4222047 ], [ 12.0217789, 48.4223682 ], [ 12.0221517, 48.4225336 ], [ 12.0223211, 48.4226347 ], [ 12.0222121, 48.423751 ], [ 12.0222869, 48.4239579 ], [ 12.0224781, 48.424487 ], [ 12.0224012, 48.4247519 ], [ 12.0225624, 48.4249129 ], [ 12.0226232, 48.425085 ], [ 12.0226304, 48.4254586 ], [ 12.0224634, 48.4259023 ], [ 12.0219453, 48.427023 ], [ 12.022004, 48.4271926 ], [ 12.0216453, 48.4274539 ], [ 12.0213736, 48.4276696 ], [ 12.0212739, 48.4277844 ], [ 12.0210393, 48.4279887 ], [ 12.020693, 48.428275 ], [ 12.0202035, 48.4284795 ], [ 12.0203446, 48.4286769 ], [ 12.0197467, 48.4288811 ], [ 12.0186015, 48.4291997 ], [ 12.0180164, 48.4293649 ], [ 12.01844, 48.4295495 ], [ 12.0181084, 48.4298248 ], [ 12.0176519, 48.4300543 ], [ 12.0172281, 48.4302389 ], [ 12.0170092, 48.4303959 ], [ 12.0170281, 48.4306393 ], [ 12.016674, 48.4306492 ], [ 12.0162115, 48.4306474 ], [ 12.0160702, 48.4306386 ], [ 12.0158336, 48.4305985 ], [ 12.0155094, 48.4305329 ], [ 12.015331, 48.4304863 ], [ 12.0148131, 48.4303758 ], [ 12.0141726, 48.4302314 ], [ 12.0138358, 48.4301935 ], [ 12.0136765, 48.4301554 ], [ 12.0134118, 48.4300421 ], [ 12.0127674, 48.4298028 ], [ 12.0124959, 48.4297353 ], [ 12.0117689, 48.4295872 ], [ 12.0112422, 48.4294987 ], [ 12.0107053, 48.4294147 ], [ 12.0098688, 48.4293203 ], [ 12.0094876, 48.4292874 ], [ 12.0090834, 48.4292658 ], [ 12.0085674, 48.4292718 ], [ 12.0080199, 48.4293143 ], [ 12.0078126, 48.4293385 ], [ 12.0076212, 48.429344 ], [ 12.0061561, 48.4293004 ], [ 12.0060053, 48.4293062 ], [ 12.0059874, 48.4293606 ], [ 12.0055358, 48.429981 ], [ 12.005075, 48.4299873 ], [ 12.0051407, 48.4302484 ], [ 12.0052296, 48.4304142 ], [ 12.0052414, 48.4304763 ], [ 12.0052486, 48.4305139 ], [ 12.0052545, 48.4305454 ], [ 12.0052479, 48.4306894 ], [ 12.0052387, 48.4308932 ], [ 12.0051931, 48.4310192 ], [ 12.0050727, 48.4313524 ], [ 12.0050961, 48.4315516 ], [ 12.0049402, 48.4315794 ], [ 12.0045632, 48.4316478 ], [ 12.004318, 48.4317044 ], [ 12.0039577, 48.4318468 ], [ 12.003587, 48.4319893 ], [ 12.0035614, 48.4318378 ], [ 12.0034589, 48.4314068 ], [ 12.0028411, 48.4314291 ], [ 12.0026648, 48.4308814 ], [ 12.002356, 48.4309182 ], [ 12.0018279, 48.430981 ], [ 12.0012747, 48.430988 ], [ 12.0015326, 48.4307467 ], [ 12.0016066, 48.4306707 ], [ 12.0016047, 48.4305558 ], [ 12.0016063, 48.4304414 ], [ 12.0008612, 48.4304667 ], [ 11.9989859, 48.4301945 ], [ 11.9988162, 48.4306599 ], [ 11.9985518, 48.4313884 ], [ 11.9985231, 48.4314668 ], [ 11.9977936, 48.4314732 ], [ 11.9971327, 48.431405 ], [ 11.9961752, 48.4310826 ], [ 11.9960558, 48.4314552 ], [ 11.9957944, 48.4318096 ], [ 11.9956411, 48.432204 ], [ 11.9957952, 48.4322404 ], [ 11.9961053, 48.4323137 ], [ 11.9961431, 48.4323481 ], [ 11.9968177, 48.43296 ], [ 11.9968739, 48.433011 ], [ 11.9964045, 48.4331603 ], [ 11.9964088, 48.4330342 ], [ 11.9960103, 48.4330459 ], [ 11.9960367, 48.4331941 ], [ 11.9961517, 48.4341277 ], [ 11.9962514, 48.4347622 ], [ 11.9963384, 48.4348479 ], [ 11.9964876, 48.4349828 ], [ 11.9965054, 48.4350043 ], [ 11.9965654, 48.4350563 ], [ 11.9965791, 48.4350915 ], [ 11.9965801, 48.4351178 ], [ 11.9965686, 48.4351483 ], [ 11.9965457, 48.4351754 ], [ 11.9964217, 48.4352597 ], [ 11.9962912, 48.4353582 ], [ 11.9960976, 48.4355043 ], [ 11.996033, 48.4355685 ], [ 11.9959824, 48.4356323 ], [ 11.9957315, 48.435948 ], [ 11.995697, 48.4359786 ], [ 11.9955554, 48.4360785 ], [ 11.9955343, 48.4360977 ], [ 11.9956774, 48.4361436 ], [ 11.9954941, 48.4362937 ], [ 11.9959314, 48.4365509 ], [ 11.9961856, 48.4367004 ], [ 11.9965942, 48.4369407 ], [ 11.9968673, 48.4371735 ], [ 11.9968898, 48.4374148 ], [ 11.9968183, 48.4374552 ], [ 11.9963875, 48.437698 ], [ 11.9957381, 48.4379833 ], [ 11.9953735, 48.4382794 ], [ 11.9952315, 48.4386267 ], [ 11.995207, 48.4392361 ], [ 11.9951355, 48.4392344 ], [ 11.9947403, 48.4392251 ], [ 11.9947774, 48.4395276 ], [ 11.9951605, 48.4402633 ], [ 11.9944431, 48.4405135 ], [ 11.9943345, 48.4405396 ], [ 11.9941926, 48.4405652 ], [ 11.9941405, 48.4403764 ], [ 11.9940648, 48.4403961 ], [ 11.9938897, 48.4404378 ], [ 11.9937715, 48.4404769 ], [ 11.9937272, 48.4404915 ], [ 11.9936198, 48.4405342 ], [ 11.9934619, 48.440597 ], [ 11.9933893, 48.4406259 ], [ 11.993029, 48.440769 ], [ 11.9929284, 48.440809 ], [ 11.992762, 48.4408751 ], [ 11.9925868, 48.4409448 ], [ 11.9926048, 48.4407467 ], [ 11.9926288, 48.4404832 ], [ 11.9926475, 48.4398861 ], [ 11.9923271, 48.4400074 ], [ 11.991958, 48.4401471 ], [ 11.9916692, 48.4402809 ], [ 11.9914085, 48.4404018 ], [ 11.9912166, 48.4404796 ], [ 11.9908744, 48.4406215 ], [ 11.9907485, 48.440677 ], [ 11.9907352, 48.4407079 ], [ 11.9905222, 48.4411985 ], [ 11.9904885, 48.4414605 ], [ 11.9910415, 48.4417717 ], [ 11.9911173, 48.4418171 ], [ 11.9912232, 48.4418884 ], [ 11.9914671, 48.4420616 ], [ 11.9915951, 48.4421749 ], [ 11.9914243, 48.4423236 ], [ 11.9913394, 48.4423992 ], [ 11.9911412, 48.4425736 ], [ 11.9909368, 48.4424849 ], [ 11.9905022, 48.4422961 ], [ 11.9903742, 48.4422405 ], [ 11.9899577, 48.4421863 ], [ 11.9884597, 48.441674 ], [ 11.9880055, 48.4414362 ], [ 11.9876424, 48.4412459 ], [ 11.9868881, 48.4408683 ], [ 11.986676, 48.440819 ], [ 11.9862198, 48.4407228 ], [ 11.9861596, 48.4407905 ], [ 11.986128, 48.4408232 ], [ 11.9859396, 48.4408982 ], [ 11.9856309, 48.4410236 ], [ 11.9852949, 48.441181 ], [ 11.9852489, 48.4412025 ], [ 11.9848325, 48.4414208 ], [ 11.9843399, 48.4416855 ], [ 11.9840477, 48.441851 ], [ 11.9834005, 48.442196 ], [ 11.9821509, 48.4428695 ], [ 11.9817045, 48.4431153 ], [ 11.980975, 48.4435004 ], [ 11.9808021, 48.4435803 ], [ 11.9807571, 48.4435964 ], [ 11.9807026, 48.4436113 ], [ 11.9806366, 48.4436244 ], [ 11.980562, 48.4436345 ], [ 11.9804582, 48.4436377 ], [ 11.9803585, 48.4436383 ], [ 11.9803047, 48.44364 ], [ 11.9802193, 48.443645 ], [ 11.9800747, 48.4436671 ], [ 11.9799443, 48.443704 ], [ 11.9797452, 48.443784 ], [ 11.9793458, 48.4439661 ], [ 11.9791497, 48.4440786 ], [ 11.9789332, 48.4442245 ], [ 11.978659, 48.4443924 ], [ 11.9784573, 48.4444981 ], [ 11.9782599, 48.4445965 ], [ 11.9780422, 48.4442527 ], [ 11.9779439, 48.4440977 ], [ 11.9775629, 48.442967 ], [ 11.9760474, 48.4430924 ], [ 11.975924, 48.4431737 ], [ 11.9757706, 48.4433077 ], [ 11.9756671, 48.4434479 ], [ 11.9755833, 48.4435592 ], [ 11.9757773, 48.4441161 ], [ 11.9755479, 48.4448003 ], [ 11.975944, 48.4449523 ], [ 11.9760592, 48.4452235 ], [ 11.9760168, 48.4453125 ], [ 11.9760111, 48.4453419 ], [ 11.9760175, 48.4454437 ], [ 11.9760437, 48.4455541 ], [ 11.9761725, 48.4459088 ], [ 11.9761803, 48.4459546 ], [ 11.976178, 48.4459796 ], [ 11.9761736, 48.4459902 ], [ 11.9761469, 48.4460196 ], [ 11.9760866, 48.4460782 ], [ 11.9761292, 48.4460989 ], [ 11.9762487, 48.4461571 ], [ 11.9762863, 48.4461828 ], [ 11.9764658, 48.4463062 ], [ 11.97654, 48.446467 ], [ 11.9766398, 48.4465041 ], [ 11.9768036, 48.4464877 ], [ 11.9768319, 48.4464727 ], [ 11.9769239, 48.4464238 ], [ 11.9770295, 48.4462989 ], [ 11.9771009, 48.4462657 ], [ 11.9772716, 48.446259 ], [ 11.9773674, 48.4462954 ], [ 11.9773978, 48.4465491 ], [ 11.977376, 48.4465967 ], [ 11.9772206, 48.4467145 ], [ 11.977179, 48.4468334 ], [ 11.9772191, 48.4469598 ], [ 11.9772695, 48.4470067 ], [ 11.9773308, 48.4470639 ], [ 11.9774207, 48.4470812 ], [ 11.977508, 48.4470704 ], [ 11.9777942, 48.4469087 ], [ 11.9781113, 48.4468192 ], [ 11.9783681, 48.4467205 ], [ 11.9785031, 48.4467086 ], [ 11.9784112, 48.4470674 ], [ 11.9784995, 48.4471518 ], [ 11.9784662, 48.4472503 ], [ 11.9781619, 48.4475229 ], [ 11.9778967, 48.4476719 ], [ 11.9778849, 48.4477453 ], [ 11.9779599, 48.4478147 ], [ 11.9782779, 48.4478865 ], [ 11.978463, 48.4479502 ], [ 11.9786679, 48.4480759 ], [ 11.9783878, 48.4481656 ], [ 11.9773381, 48.4485563 ], [ 11.9773782, 48.4486542 ], [ 11.9774179, 48.4488453 ], [ 11.9784568, 48.448557 ], [ 11.9785823, 48.4485221 ], [ 11.9786608, 48.4485477 ], [ 11.9787043, 48.4485958 ], [ 11.9788811, 48.4486162 ], [ 11.9790206, 48.4485894 ], [ 11.9792069, 48.4485147 ], [ 11.9793466, 48.4485169 ], [ 11.9794657, 48.4485482 ], [ 11.9795645, 48.448642 ], [ 11.9796817, 48.448966 ], [ 11.9797746, 48.4490282 ], [ 11.9799133, 48.4490295 ], [ 11.9799986, 48.4489586 ], [ 11.9800259, 48.4487928 ], [ 11.979828, 48.4483883 ], [ 11.979933, 48.4482021 ], [ 11.9800462, 48.4481352 ], [ 11.9801829, 48.4481504 ], [ 11.9806614, 48.4484425 ], [ 11.9806648, 48.4485075 ], [ 11.9804237, 48.4488227 ], [ 11.9804028, 48.4489352 ], [ 11.9804859, 48.4490483 ], [ 11.9806222, 48.4491288 ], [ 11.9801324, 48.4493412 ], [ 11.9801083, 48.4494469 ], [ 11.9800573, 48.449671 ], [ 11.9787494, 48.4500502 ], [ 11.9792174, 48.4507656 ], [ 11.9792244, 48.4507802 ], [ 11.9794327, 48.4512138 ], [ 11.9793638, 48.4513236 ], [ 11.9793635, 48.4513974 ], [ 11.9793344, 48.4514842 ], [ 11.979386, 48.4515779 ], [ 11.9794786, 48.4516283 ], [ 11.9795389, 48.4516534 ], [ 11.9795783, 48.451674 ], [ 11.9796469, 48.4517358 ], [ 11.9796777, 48.4518409 ], [ 11.9796881, 48.4519324 ], [ 11.9796845, 48.4520307 ], [ 11.9797154, 48.4521198 ], [ 11.9797738, 48.4522045 ], [ 11.979846, 48.4522661 ], [ 11.9799248, 48.4523394 ], [ 11.9799456, 48.4524307 ], [ 11.9799386, 48.4525199 ], [ 11.9799145, 48.4526319 ], [ 11.9799145, 48.4526889 ], [ 11.9800637, 48.4529478 ], [ 11.9801644, 48.4531154 ], [ 11.979963, 48.4531637 ], [ 11.9801818, 48.4536085 ], [ 11.980095, 48.4536299 ], [ 11.9799479, 48.4536753 ], [ 11.9797208, 48.4537523 ], [ 11.9798791, 48.4540272 ], [ 11.9799285, 48.4541247 ], [ 11.9795964, 48.4541572 ], [ 11.9795329, 48.4537724 ], [ 11.9795977, 48.4535056 ], [ 11.9794107, 48.4531269 ], [ 11.9793211, 48.45293 ], [ 11.9782092, 48.4531288 ], [ 11.9778558, 48.4531919 ], [ 11.9780849, 48.4529394 ], [ 11.9782007, 48.452824 ], [ 11.9783917, 48.4526598 ], [ 11.9786117, 48.4524791 ], [ 11.9787184, 48.4523886 ], [ 11.9783173, 48.4525213 ], [ 11.976737, 48.4530349 ], [ 11.9761877, 48.4532312 ], [ 11.9759889, 48.4533036 ], [ 11.9759776, 48.4532745 ], [ 11.9759384, 48.453203 ], [ 11.9758128, 48.4530171 ], [ 11.9755768, 48.4526801 ], [ 11.9754495, 48.4527038 ], [ 11.9749268, 48.4528351 ], [ 11.9743566, 48.4529536 ], [ 11.9733741, 48.4531908 ], [ 11.9721271, 48.4534667 ], [ 11.9700839, 48.4539225 ], [ 11.9699871, 48.4538122 ], [ 11.9695554, 48.4538658 ], [ 11.9694581, 48.4538797 ], [ 11.9693628, 48.4538959 ], [ 11.9689497, 48.4539994 ], [ 11.9688498, 48.4538864 ], [ 11.9674446, 48.4544121 ], [ 11.9664295, 48.4546556 ], [ 11.9660154, 48.4547362 ], [ 11.9658701, 48.4547937 ], [ 11.9655099, 48.4546355 ], [ 11.9651553, 48.4544826 ], [ 11.9643579, 48.4540806 ], [ 11.9640301, 48.4538968 ], [ 11.9632213, 48.4534665 ], [ 11.9629182, 48.4533408 ], [ 11.9626483, 48.4532223 ], [ 11.9622216, 48.4531092 ], [ 11.9620222, 48.453039 ], [ 11.9618292, 48.4529426 ], [ 11.9616251, 48.4528222 ], [ 11.9613809, 48.4527227 ], [ 11.9612072, 48.4526718 ], [ 11.9610536, 48.4526268 ], [ 11.9609091, 48.4525942 ], [ 11.9607395, 48.4525587 ], [ 11.9606729, 48.4525576 ], [ 11.9603804, 48.4528984 ], [ 11.9599444, 48.4533811 ], [ 11.959524, 48.4538138 ], [ 11.9594669, 48.4538849 ], [ 11.9593763, 48.4537379 ], [ 11.9592939, 48.4535837 ], [ 11.9590855, 48.4537754 ], [ 11.958584, 48.4542122 ], [ 11.9584516, 48.4543169 ], [ 11.9583696, 48.4543801 ], [ 11.9578775, 48.4541571 ], [ 11.9570044, 48.4537616 ], [ 11.9544056, 48.4529047 ], [ 11.9543123, 48.4528721 ], [ 11.9530168, 48.4523401 ], [ 11.9528516, 48.4522671 ], [ 11.9524833, 48.4521041 ], [ 11.9523645, 48.4520395 ], [ 11.9521929, 48.4519463 ], [ 11.9520582, 48.4518574 ], [ 11.9518774, 48.4517384 ], [ 11.9515401, 48.4515692 ], [ 11.9506323, 48.4512149 ], [ 11.949568, 48.4507938 ], [ 11.9493987, 48.4506963 ], [ 11.9482514, 48.4499131 ], [ 11.9481695, 48.449824 ], [ 11.9477614, 48.449379 ], [ 11.9473037, 48.4489359 ], [ 11.947242, 48.4488795 ], [ 11.9471043, 48.4487226 ], [ 11.9468434, 48.4485507 ], [ 11.946297, 48.4481771 ], [ 11.9460285, 48.448015 ], [ 11.9458516, 48.4479436 ], [ 11.945796, 48.447843 ], [ 11.945712, 48.4477354 ], [ 11.9455871, 48.4475705 ], [ 11.945316, 48.4476023 ], [ 11.9450593, 48.4476234 ], [ 11.9448853, 48.4475841 ], [ 11.944596, 48.4474305 ], [ 11.9440799, 48.4471338 ], [ 11.9430377, 48.4465182 ], [ 11.9425251, 48.4463554 ], [ 11.9424277, 48.4463245 ], [ 11.9422628, 48.445859 ], [ 11.9420776, 48.445493 ], [ 11.9417831, 48.4451873 ], [ 11.9413599, 48.4448234 ], [ 11.9408337, 48.4443817 ], [ 11.9404074, 48.4440844 ], [ 11.9403444, 48.4440426 ], [ 11.9402729, 48.4440024 ], [ 11.9402268, 48.4439766 ], [ 11.9397879, 48.4436321 ], [ 11.9395252, 48.4434121 ], [ 11.9393545, 48.4433112 ], [ 11.9390941, 48.4431993 ], [ 11.9387859, 48.4430742 ], [ 11.9384411, 48.4429382 ], [ 11.9382557, 48.4428623 ], [ 11.9380084, 48.4428137 ], [ 11.9378685, 48.4427721 ], [ 11.9377228, 48.4427289 ], [ 11.9368452, 48.4424707 ], [ 11.9368597, 48.4423659 ], [ 11.936867, 48.442312 ], [ 11.9368796, 48.4422285 ], [ 11.9369468, 48.4420379 ], [ 11.9369526, 48.4419496 ], [ 11.9369166, 48.441712 ], [ 11.9369037, 48.4415674 ], [ 11.9368901, 48.4414136 ], [ 11.9369208, 48.4413766 ], [ 11.9368726, 48.4413191 ], [ 11.9368433, 48.4413412 ], [ 11.9368045, 48.4413704 ], [ 11.9366184, 48.4415105 ], [ 11.9363248, 48.4417321 ], [ 11.9358601, 48.4420824 ], [ 11.9355356, 48.4413249 ], [ 11.9356091, 48.4412893 ], [ 11.9357715, 48.4412109 ], [ 11.9356937, 48.4410846 ], [ 11.9352662, 48.4403894 ], [ 11.9352691, 48.4402403 ], [ 11.9354612, 48.439784 ], [ 11.9355383, 48.4394087 ], [ 11.9355792, 48.439214 ], [ 11.9356153, 48.4390517 ], [ 11.9356735, 48.4388148 ], [ 11.935686, 48.4387713 ], [ 11.9357187, 48.4386564 ], [ 11.9357366, 48.4385545 ], [ 11.9357193, 48.4384861 ], [ 11.9356782, 48.4381566 ], [ 11.935672, 48.4379095 ], [ 11.9356785, 48.4377677 ], [ 11.9354829, 48.4374233 ], [ 11.9353959, 48.4372327 ], [ 11.9352043, 48.4368393 ], [ 11.9351346, 48.4367229 ], [ 11.9350822, 48.436635 ], [ 11.9349394, 48.4363042 ], [ 11.934755, 48.4359511 ], [ 11.934603, 48.4358648 ], [ 11.9345672, 48.4358312 ], [ 11.9344222, 48.4356953 ], [ 11.9344344, 48.4356745 ], [ 11.9344818, 48.4356309 ], [ 11.9344949, 48.435619 ], [ 11.9345371, 48.4355539 ], [ 11.9345431, 48.4355363 ], [ 11.9345445, 48.4355184 ], [ 11.9345228, 48.4354062 ], [ 11.9344747, 48.4353232 ], [ 11.9344127, 48.435251 ], [ 11.9341551, 48.4349504 ], [ 11.934133, 48.4349325 ], [ 11.9340296, 48.4348794 ], [ 11.9339422, 48.4348549 ], [ 11.9334158, 48.4347055 ], [ 11.9331536, 48.4346363 ], [ 11.9328685, 48.4346176 ], [ 11.9326787, 48.4345958 ], [ 11.9325108, 48.4345683 ], [ 11.9321959, 48.4345017 ], [ 11.9321587, 48.4344937 ], [ 11.9320717, 48.4344646 ], [ 11.9318514, 48.4343442 ], [ 11.931647, 48.4342097 ], [ 11.9315799, 48.4341655 ], [ 11.9314218, 48.4340863 ], [ 11.9312185, 48.43396 ], [ 11.9310549, 48.4338578 ], [ 11.9310179, 48.4338345 ], [ 11.9309075, 48.4338473 ], [ 11.9303677, 48.43391 ], [ 11.9302097, 48.4339284 ], [ 11.9298442, 48.4339907 ], [ 11.9293165, 48.4339753 ], [ 11.9284927, 48.4339177 ], [ 11.9283162, 48.4338937 ], [ 11.9282811, 48.4338822 ], [ 11.9281533, 48.4338097 ], [ 11.9280011, 48.4336766 ], [ 11.9277237, 48.4334488 ], [ 11.9274152, 48.4332622 ], [ 11.9271752, 48.433117 ], [ 11.9265645, 48.4327603 ], [ 11.9254048, 48.4321996 ], [ 11.9249231, 48.4319847 ], [ 11.9248614, 48.4319572 ], [ 11.9245861, 48.4318515 ], [ 11.9236807, 48.4315832 ], [ 11.9229906, 48.4313627 ], [ 11.9227576, 48.4311911 ], [ 11.9225912, 48.4307115 ], [ 11.9224336, 48.4303962 ], [ 11.9220395, 48.4300036 ], [ 11.9216295, 48.4297305 ], [ 11.9215286, 48.4295746 ], [ 11.921515, 48.4295215 ], [ 11.9215639, 48.4294337 ], [ 11.9216509, 48.4293599 ], [ 11.9218045, 48.4292591 ], [ 11.9218824, 48.4291482 ], [ 11.9219229, 48.4290683 ], [ 11.9219254, 48.429 ], [ 11.9219018, 48.4289176 ], [ 11.9218576, 48.428853 ], [ 11.9217818, 48.4287938 ], [ 11.9216505, 48.4287463 ], [ 11.9215309, 48.4287123 ], [ 11.9214232, 48.4286668 ], [ 11.9213735, 48.4286059 ], [ 11.9213701, 48.4285395 ], [ 11.9213769, 48.4285025 ], [ 11.9214705, 48.4283294 ], [ 11.9214744, 48.4283096 ], [ 11.9214633, 48.4282086 ], [ 11.9214526, 48.4281864 ], [ 11.9213869, 48.4281154 ], [ 11.9213624, 48.4280992 ], [ 11.9213333, 48.4280874 ], [ 11.9210664, 48.4280305 ], [ 11.9210163, 48.4279977 ], [ 11.9208777, 48.4278353 ], [ 11.9206149, 48.4276367 ], [ 11.9203297, 48.4274996 ], [ 11.9202136, 48.4274701 ], [ 11.9200391, 48.4274293 ], [ 11.919644, 48.4273083 ], [ 11.9195844, 48.42729 ], [ 11.9186432, 48.4272698 ], [ 11.9182404, 48.4273382 ], [ 11.9178535, 48.427553 ], [ 11.9176924, 48.4276425 ], [ 11.9171818, 48.4275855 ], [ 11.9168521, 48.427382 ], [ 11.9166811, 48.4273131 ], [ 11.9163047, 48.4271612 ], [ 11.9158035, 48.4269835 ], [ 11.915625, 48.4269761 ], [ 11.9149977, 48.4270052 ], [ 11.9137823, 48.4270239 ], [ 11.913408, 48.4271387 ], [ 11.9133765, 48.4271625 ], [ 11.9133541, 48.4271793 ], [ 11.9132765, 48.4272483 ], [ 11.9130352, 48.4274628 ], [ 11.9128722, 48.4274396 ], [ 11.9128026, 48.4274298 ], [ 11.9127145, 48.4274175 ], [ 11.9125324, 48.4273925 ], [ 11.9123813, 48.427372 ], [ 11.9119988, 48.4273192 ], [ 11.9116117, 48.4275646 ], [ 11.9114914, 48.427532 ], [ 11.911234, 48.4274352 ], [ 11.9110555, 48.4273289 ], [ 11.9107402, 48.4270419 ], [ 11.9106435, 48.4269541 ], [ 11.9101495, 48.4263238 ], [ 11.9100121, 48.4261257 ], [ 11.9098474, 48.4259232 ], [ 11.9096646, 48.4257407 ], [ 11.909607, 48.4256978 ], [ 11.9093979, 48.4255419 ], [ 11.9091164, 48.4254087 ], [ 11.9087421, 48.4252829 ], [ 11.9084796, 48.4252193 ], [ 11.9083747, 48.4251938 ], [ 11.9080486, 48.4251387 ], [ 11.9079357, 48.4251012 ], [ 11.9076693, 48.4250497 ], [ 11.9075945, 48.4250315 ], [ 11.9071462, 48.4249045 ], [ 11.9065771, 48.4249602 ], [ 11.9061639, 48.4250556 ], [ 11.9049273, 48.4250527 ], [ 11.9048321, 48.4251397 ], [ 11.9044888, 48.4250272 ], [ 11.9043849, 48.4249184 ], [ 11.9041248, 48.424387 ], [ 11.9041176, 48.4243718 ], [ 11.9037776, 48.4242171 ], [ 11.9027383, 48.4235493 ], [ 11.9023741, 48.4234803 ], [ 11.9022516, 48.4234803 ], [ 11.9016916, 48.4234799 ], [ 11.9008137, 48.4235417 ], [ 11.900027, 48.4236639 ], [ 11.8999324, 48.4232245 ], [ 11.8997062, 48.4226876 ], [ 11.899865, 48.422549 ], [ 11.8998842, 48.4225186 ], [ 11.899898, 48.4223384 ], [ 11.8998664, 48.4221694 ], [ 11.8998595, 48.4221537 ], [ 11.8996295, 48.4218177 ], [ 11.8995705, 48.4216876 ], [ 11.899524, 48.4215167 ], [ 11.8994143, 48.4212333 ], [ 11.8992061, 48.4211244 ], [ 11.8991747, 48.4210986 ], [ 11.8991526, 48.4210863 ], [ 11.8990835, 48.4210602 ], [ 11.8989506, 48.4209907 ], [ 11.8988145, 48.4210958 ], [ 11.8986155, 48.4212498 ], [ 11.8984258, 48.4211665 ], [ 11.8982423, 48.4210859 ], [ 11.8981657, 48.4210794 ], [ 11.8964909, 48.4211632 ], [ 11.8958642, 48.4211907 ], [ 11.8955002, 48.4212202 ], [ 11.8950615, 48.4213068 ], [ 11.8949672, 48.4213255 ], [ 11.8948814, 48.4213425 ], [ 11.8946186, 48.421397 ], [ 11.8943053, 48.4214619 ], [ 11.8939033, 48.4215452 ], [ 11.8936502, 48.4213922 ], [ 11.8936198, 48.4213739 ], [ 11.8933635, 48.421219 ], [ 11.8917259, 48.4207247 ], [ 11.8914611, 48.4207511 ], [ 11.8909899, 48.4208482 ], [ 11.8906904, 48.4208872 ], [ 11.890644, 48.42089 ], [ 11.8902287, 48.4209575 ], [ 11.88979, 48.4210368 ], [ 11.8892411, 48.4211774 ], [ 11.8886241, 48.4213353 ], [ 11.8883845, 48.4213479 ], [ 11.8882628, 48.4213543 ], [ 11.888295, 48.4213188 ], [ 11.8883756, 48.4212296 ], [ 11.8884335, 48.4211658 ], [ 11.8885129, 48.4210783 ], [ 11.8885926, 48.4209772 ], [ 11.8886435, 48.4209121 ], [ 11.8887807, 48.4207782 ], [ 11.8887967, 48.4207626 ], [ 11.8888902, 48.4206581 ], [ 11.8892947, 48.4202061 ], [ 11.8892721, 48.420137 ], [ 11.8891133, 48.4196444 ], [ 11.8888131, 48.4194 ], [ 11.8886175, 48.4191628 ], [ 11.8884633, 48.4191337 ], [ 11.8884263, 48.4191219 ], [ 11.88828, 48.4190537 ], [ 11.8881668, 48.4190127 ], [ 11.887845, 48.4189522 ], [ 11.8877919, 48.4189334 ], [ 11.8874116, 48.4187718 ], [ 11.8872224, 48.4186674 ], [ 11.8870804, 48.4185762 ], [ 11.8869504, 48.418484 ], [ 11.8868018, 48.4184024 ], [ 11.8867095, 48.4183398 ], [ 11.8865826, 48.4182606 ], [ 11.8865453, 48.4182042 ], [ 11.8864464, 48.4180824 ], [ 11.8862475, 48.4177325 ], [ 11.8863204, 48.417519 ], [ 11.8863759, 48.4173797 ], [ 11.886376, 48.4171373 ], [ 11.8863531, 48.417027 ], [ 11.8863345, 48.4169898 ], [ 11.8861151, 48.4167312 ], [ 11.885901, 48.4165019 ], [ 11.8858187, 48.4164234 ], [ 11.8855063, 48.4162847 ], [ 11.8854815, 48.4162768 ], [ 11.8853648, 48.4162527 ], [ 11.8852396, 48.4162268 ], [ 11.8849267, 48.4162225 ], [ 11.8835456, 48.4161161 ], [ 11.8822662, 48.4160763 ], [ 11.8821523, 48.4159865 ], [ 11.8818605, 48.4157565 ], [ 11.881526, 48.4155382 ], [ 11.881348, 48.4154528 ], [ 11.8812695, 48.415415 ], [ 11.8812426, 48.4154061 ], [ 11.8809624, 48.4153434 ], [ 11.8808804, 48.415325 ], [ 11.8806468, 48.4153119 ], [ 11.8805884, 48.415317 ], [ 11.8802267, 48.4153621 ], [ 11.8797301, 48.4154966 ], [ 11.8792239, 48.4154997 ], [ 11.8790589, 48.415431 ], [ 11.8787718, 48.4153708 ], [ 11.8787292, 48.415346 ], [ 11.8787182, 48.4152664 ], [ 11.8787099, 48.4151818 ], [ 11.8784641, 48.4148093 ], [ 11.878369, 48.414698 ], [ 11.8782429, 48.4144993 ], [ 11.8781538, 48.4142685 ], [ 11.8781138, 48.4141933 ], [ 11.8780773, 48.4141591 ], [ 11.8779984, 48.4140953 ], [ 11.8776273, 48.4138979 ], [ 11.8776021, 48.4138846 ], [ 11.8767249, 48.4135204 ], [ 11.876159, 48.4134557 ], [ 11.8760817, 48.4134342 ], [ 11.8759901, 48.4133907 ], [ 11.8749354, 48.4130628 ], [ 11.874551, 48.4129964 ], [ 11.8742014, 48.4129821 ], [ 11.8738124, 48.4129736 ], [ 11.8735782, 48.412986 ], [ 11.8727621, 48.4130348 ], [ 11.8716326, 48.4131674 ], [ 11.8715281, 48.4131888 ], [ 11.8714853, 48.4131976 ], [ 11.8713031, 48.413235 ], [ 11.870803, 48.4133398 ], [ 11.8701067, 48.4131341 ], [ 11.8699116, 48.4130838 ], [ 11.8688615, 48.4133412 ], [ 11.8685721, 48.4134035 ], [ 11.8684707, 48.4134254 ], [ 11.8676714, 48.4137273 ], [ 11.8674987, 48.4137927 ], [ 11.8674124, 48.4138252 ], [ 11.8668981, 48.4140196 ], [ 11.8666592, 48.4137115 ], [ 11.8666196, 48.4136603 ], [ 11.8665401, 48.4135578 ], [ 11.8664453, 48.4134355 ], [ 11.8662625, 48.4131541 ], [ 11.8661848, 48.4130598 ], [ 11.8659354, 48.4129905 ], [ 11.8655156, 48.4128331 ], [ 11.8652004, 48.4127119 ], [ 11.8651715, 48.4126979 ], [ 11.8648156, 48.4125251 ], [ 11.8646939, 48.4124747 ], [ 11.8644038, 48.4123558 ], [ 11.8640521, 48.4122492 ], [ 11.8636658, 48.4121844 ], [ 11.863006, 48.412202 ], [ 11.86255, 48.412214 ], [ 11.8618802, 48.4122153 ], [ 11.8617719, 48.4122156 ], [ 11.8616268, 48.4122418 ], [ 11.8615584, 48.4122622 ], [ 11.8613101, 48.4123007 ], [ 11.8611006, 48.4123396 ], [ 11.8605456, 48.4125457 ], [ 11.8599911, 48.4127949 ], [ 11.8595781, 48.4131398 ], [ 11.8594738, 48.413227 ], [ 11.8594213, 48.4132709 ], [ 11.8593194, 48.413356 ], [ 11.8581579, 48.4144625 ], [ 11.8581081, 48.4145099 ], [ 11.8580582, 48.4145575 ], [ 11.8578948, 48.4147132 ], [ 11.8575004, 48.4148113 ], [ 11.8570246, 48.4146374 ], [ 11.8557017, 48.4144395 ], [ 11.8544995, 48.4142377 ], [ 11.8535275, 48.4140197 ], [ 11.8523624, 48.4139155 ], [ 11.8522138, 48.4139121 ], [ 11.8515688, 48.4138973 ], [ 11.8506586, 48.413869 ], [ 11.8505984, 48.413874 ], [ 11.8503998, 48.4138901 ], [ 11.8498584, 48.4139347 ], [ 11.8493932, 48.413973 ], [ 11.8491222, 48.4139947 ], [ 11.8486128, 48.4140347 ], [ 11.8483362, 48.4140578 ], [ 11.8478771, 48.4138696 ], [ 11.8470435, 48.4134692 ], [ 11.8467263, 48.4133478 ], [ 11.8465639, 48.413275 ], [ 11.8465138, 48.4132525 ], [ 11.8462768, 48.4131462 ], [ 11.8454764, 48.4128697 ], [ 11.8452207, 48.412781 ], [ 11.8446452, 48.4126185 ], [ 11.8439487, 48.4124459 ], [ 11.8431505, 48.4122609 ], [ 11.8427762, 48.4121887 ], [ 11.8420121, 48.4120492 ], [ 11.842099, 48.411877 ], [ 11.8419577, 48.4118445 ], [ 11.8405734, 48.4115267 ], [ 11.8404542, 48.4114981 ], [ 11.8401752, 48.4114313 ], [ 11.8397554, 48.4113125 ], [ 11.8396386, 48.4112702 ], [ 11.8396267, 48.4112149 ], [ 11.8396733, 48.4111165 ], [ 11.8396786, 48.4111055 ], [ 11.8397156, 48.4110293 ], [ 11.8398329, 48.410778 ], [ 11.8399457, 48.4105366 ], [ 11.8399695, 48.410454 ], [ 11.8403211, 48.4092355 ], [ 11.8403374, 48.4091852 ], [ 11.8403536, 48.4091351 ], [ 11.840888, 48.4074843 ], [ 11.8409015, 48.4074424 ], [ 11.8409021, 48.4074252 ], [ 11.8409091, 48.4073142 ], [ 11.8409084, 48.4071891 ], [ 11.8409064, 48.4071193 ], [ 11.8419057, 48.4036273 ], [ 11.8427713, 48.400813 ], [ 11.842976, 48.400148 ], [ 11.8428416, 48.3998216 ], [ 11.842715, 48.3994808 ], [ 11.8425003, 48.3990642 ], [ 11.8423107, 48.3985057 ], [ 11.8421104, 48.3979088 ], [ 11.8419411, 48.3975872 ], [ 11.8418632, 48.3974398 ], [ 11.8417224, 48.3971736 ], [ 11.8412091, 48.3962834 ], [ 11.841115, 48.3961512 ], [ 11.8409693, 48.3960021 ], [ 11.8395388, 48.3961836 ], [ 11.8392068, 48.3961951 ], [ 11.8387941, 48.3961863 ], [ 11.8383925, 48.3961554 ], [ 11.8374827, 48.3960308 ], [ 11.8369621, 48.3959863 ], [ 11.8367091, 48.3959816 ], [ 11.836724, 48.3954998 ], [ 11.8367631, 48.3952042 ], [ 11.8368446, 48.3948539 ], [ 11.8370263, 48.3942083 ], [ 11.8363886, 48.3942058 ], [ 11.8319102, 48.3941876 ], [ 11.8297457, 48.3941661 ], [ 11.8290015, 48.3940273 ], [ 11.8288686, 48.3942418 ], [ 11.8286819, 48.3944562 ], [ 11.8283214, 48.3947171 ], [ 11.8281565, 48.3945628 ], [ 11.8280785, 48.3944635 ], [ 11.8280174, 48.3943808 ], [ 11.8278938, 48.3942521 ], [ 11.8275429, 48.3939563 ], [ 11.8272686, 48.3937851 ], [ 11.8264351, 48.3933934 ], [ 11.8261056, 48.3932721 ], [ 11.8255848, 48.3931126 ], [ 11.8246035, 48.3928804 ], [ 11.8241086, 48.3928082 ], [ 11.8236125, 48.392733 ], [ 11.8231683, 48.3926982 ], [ 11.8228932, 48.3926939 ], [ 11.8219829, 48.3926794 ], [ 11.8213453, 48.3926934 ], [ 11.8205155, 48.3926875 ], [ 11.8195418, 48.3927094 ], [ 11.8192936, 48.3926757 ], [ 11.8188663, 48.3925493 ], [ 11.8186397, 48.3924816 ], [ 11.8182407, 48.3923644 ], [ 11.8170757, 48.3920919 ], [ 11.816046, 48.3917931 ], [ 11.8160041, 48.3917558 ], [ 11.8158984, 48.3915936 ], [ 11.8158589, 48.3915285 ], [ 11.8158204, 48.3914635 ], [ 11.8157524, 48.3913475 ], [ 11.8156846, 48.3912497 ], [ 11.815476, 48.39118 ], [ 11.8154617, 48.3911741 ], [ 11.8151984, 48.3911126 ], [ 11.8148618, 48.3910802 ], [ 11.814167, 48.3910535 ], [ 11.8139255, 48.3910183 ], [ 11.8132494, 48.3909266 ], [ 11.8129215, 48.3909179 ], [ 11.8127949, 48.3909356 ], [ 11.8125663, 48.3909979 ], [ 11.8124902, 48.3909858 ], [ 11.81243, 48.3909543 ], [ 11.8123918, 48.390922 ], [ 11.8123652, 48.3908991 ], [ 11.8120992, 48.3907525 ], [ 11.8115015, 48.390471 ], [ 11.8109777, 48.3901835 ], [ 11.8106588, 48.3900645 ], [ 11.8102182, 48.3899729 ], [ 11.809898, 48.3899424 ], [ 11.8092789, 48.3899754 ], [ 11.8089361, 48.389965 ], [ 11.8086853, 48.3899265 ], [ 11.8084258, 48.3898628 ], [ 11.8081671, 48.3897528 ], [ 11.8079755, 48.3896352 ], [ 11.8079236, 48.3895855 ], [ 11.8078277, 48.3894439 ], [ 11.8077246, 48.3890851 ], [ 11.8077817, 48.3885292 ], [ 11.8078525, 48.388215 ], [ 11.8079148, 48.3880221 ], [ 11.807988, 48.3877802 ], [ 11.8080678, 48.3874197 ], [ 11.8081587, 48.3871181 ], [ 11.8082322, 48.3867611 ], [ 11.8082157, 48.386459 ], [ 11.8082352, 48.3863206 ], [ 11.8082485, 48.3862265 ], [ 11.808245, 48.385905 ], [ 11.8082976, 48.3854403 ], [ 11.8084213, 48.3843492 ], [ 11.8084393, 48.3839629 ], [ 11.8084228, 48.3838913 ], [ 11.8085989, 48.3827374 ], [ 11.8088922, 48.3816289 ], [ 11.8087568, 48.3814207 ], [ 11.8086114, 48.3812074 ], [ 11.8084631, 48.3810249 ], [ 11.8080099, 48.3804671 ], [ 11.8078446, 48.3802887 ], [ 11.8077179, 48.3801682 ], [ 11.8075017, 48.3799874 ], [ 11.8067795, 48.3793631 ], [ 11.8042118, 48.3771798 ], [ 11.8013461, 48.374731 ], [ 11.8012987, 48.3746163 ], [ 11.8013275, 48.3745576 ], [ 11.8014429, 48.374318 ], [ 11.8014665, 48.3742299 ], [ 11.8014856, 48.3740425 ], [ 11.8014966, 48.3739722 ], [ 11.8014216, 48.373902 ], [ 11.8013015, 48.3737895 ], [ 11.8011119, 48.3736958 ], [ 11.8010805, 48.3736865 ], [ 11.8008758, 48.3736587 ], [ 11.8007828, 48.3736618 ], [ 11.8003749, 48.3736386 ], [ 11.800073, 48.373439 ], [ 11.7999201, 48.373307 ], [ 11.7995723, 48.3730301 ], [ 11.7979586, 48.3718244 ], [ 11.7977172, 48.3716137 ], [ 11.7975589, 48.3714579 ], [ 11.7974103, 48.3712891 ], [ 11.7971815, 48.3710631 ], [ 11.7967318, 48.3706373 ], [ 11.7959202, 48.3699834 ], [ 11.7957556, 48.3698417 ], [ 11.7956896, 48.3697846 ], [ 11.7955589, 48.3696668 ], [ 11.7953114, 48.3694266 ], [ 11.7951513, 48.3692587 ], [ 11.7944012, 48.3684094 ], [ 11.7942011, 48.3681593 ], [ 11.793955, 48.367899 ], [ 11.7935664, 48.3675027 ], [ 11.793541, 48.3674771 ], [ 11.7933539, 48.3673268 ], [ 11.7919458, 48.3660778 ], [ 11.7901039, 48.3645232 ], [ 11.7865003, 48.3617726 ], [ 11.7860621, 48.3614976 ], [ 11.7850139, 48.36084 ], [ 11.7848837, 48.3607608 ], [ 11.783752, 48.3602642 ], [ 11.7836885, 48.3602252 ], [ 11.7827597, 48.3596573 ], [ 11.7825228, 48.3595107 ], [ 11.7823335, 48.3593936 ], [ 11.781719, 48.3592251 ], [ 11.7811941, 48.359001 ], [ 11.7810715, 48.3589376 ], [ 11.780879, 48.3588284 ], [ 11.7809617, 48.358691 ], [ 11.7809975, 48.3586316 ], [ 11.7810815, 48.3585191 ], [ 11.7811258, 48.3584599 ], [ 11.7811551, 48.3584207 ], [ 11.7811731, 48.3583904 ], [ 11.781192, 48.3583586 ], [ 11.7812567, 48.3582497 ], [ 11.7816299, 48.3582786 ], [ 11.7811489, 48.356692 ], [ 11.7807457, 48.3539044 ], [ 11.7805081, 48.353412 ], [ 11.7804568, 48.3533056 ], [ 11.7798222, 48.3531843 ], [ 11.77977, 48.3522427 ], [ 11.7799071, 48.3521891 ], [ 11.7776315, 48.3492409 ], [ 11.7771958, 48.3485985 ], [ 11.7770659, 48.3484069 ], [ 11.7770156, 48.3483262 ], [ 11.7768135, 48.3480022 ], [ 11.7767764, 48.3479433 ], [ 11.7767397, 48.3478843 ], [ 11.7765763, 48.3476277 ], [ 11.77618, 48.3470065 ], [ 11.7758389, 48.3464214 ], [ 11.775547, 48.3458805 ], [ 11.7752183, 48.3452728 ], [ 11.7749011, 48.3446867 ], [ 11.7736807, 48.3424319 ], [ 11.773304, 48.3417356 ], [ 11.772714, 48.3407493 ], [ 11.7725033, 48.3396928 ], [ 11.7724821, 48.339542 ], [ 11.7725349, 48.339446 ], [ 11.7725822, 48.3391671 ], [ 11.7721571, 48.3391138 ], [ 11.772131, 48.339025 ], [ 11.772256, 48.3387456 ], [ 11.7716525, 48.3365122 ], [ 11.7715653, 48.3361905 ], [ 11.7711632, 48.3347066 ], [ 11.7710831, 48.334421 ], [ 11.7710202, 48.3342226 ], [ 11.7701922, 48.3317323 ], [ 11.7701467, 48.3316433 ], [ 11.7700323, 48.331466 ], [ 11.769928, 48.3313419 ], [ 11.7697046, 48.3311801 ], [ 11.7695768, 48.3310263 ], [ 11.7685953, 48.330235 ], [ 11.7684296, 48.3300946 ], [ 11.7681375, 48.3298637 ], [ 11.7678075, 48.3296437 ], [ 11.7676713, 48.3295396 ], [ 11.7675191, 48.3294013 ], [ 11.7673865, 48.3292624 ], [ 11.766585, 48.3283481 ], [ 11.7658513, 48.3275068 ], [ 11.7644278, 48.3258926 ], [ 11.7646028, 48.3258454 ], [ 11.7646377, 48.3258315 ], [ 11.7646792, 48.3258051 ], [ 11.7647104, 48.3257736 ], [ 11.7647306, 48.3257379 ], [ 11.7647381, 48.3257003 ], [ 11.7647348, 48.325671 ], [ 11.7646877, 48.325325 ], [ 11.7646997, 48.3252342 ], [ 11.7650565, 48.3246819 ], [ 11.7651773, 48.3244651 ], [ 11.7652663, 48.3242745 ], [ 11.7653613, 48.3240374 ], [ 11.7654837, 48.3236668 ], [ 11.7654878, 48.3236548 ], [ 11.7655219, 48.3234776 ], [ 11.7655253, 48.3232608 ], [ 11.7655108, 48.3229687 ], [ 11.7654123, 48.3223024 ], [ 11.7654096, 48.322263 ], [ 11.765407, 48.3222213 ], [ 11.7654239, 48.3220823 ], [ 11.7655209, 48.3218853 ], [ 11.7656553, 48.3216087 ], [ 11.7657772, 48.3212732 ], [ 11.7658219, 48.3211309 ], [ 11.7658425, 48.3209942 ], [ 11.7658548, 48.320921 ], [ 11.7658539, 48.320897 ], [ 11.7658183, 48.3207598 ], [ 11.7654171, 48.3197292 ], [ 11.7680575, 48.319559 ], [ 11.7681, 48.3195716 ], [ 11.7680779, 48.319456 ], [ 11.7678203, 48.3186797 ], [ 11.7677718, 48.3185335 ], [ 11.7676252, 48.3173857 ], [ 11.7672662, 48.3145753 ], [ 11.7672603, 48.3144942 ], [ 11.7672463, 48.3143135 ], [ 11.7672296, 48.3141413 ], [ 11.7675942, 48.3140987 ], [ 11.7690309, 48.3139435 ], [ 11.7690336, 48.3138033 ], [ 11.7690965, 48.3127726 ], [ 11.7691303, 48.312014 ], [ 11.7691412, 48.3119839 ], [ 11.7691615, 48.3119561 ], [ 11.7692641, 48.3118681 ], [ 11.7693028, 48.3118473 ], [ 11.7694548, 48.3117975 ], [ 11.7694941, 48.3117902 ], [ 11.7695503, 48.311787 ], [ 11.7696259, 48.3117826 ], [ 11.7696707, 48.3117757 ], [ 11.7697054, 48.3117483 ], [ 11.7697714, 48.3116156 ], [ 11.7701418, 48.3107788 ], [ 11.7702444, 48.3105783 ], [ 11.7703343, 48.3103264 ], [ 11.7691672, 48.3101757 ], [ 11.76908, 48.3099742 ], [ 11.7676695, 48.3098224 ], [ 11.767466, 48.3098005 ], [ 11.7679362, 48.3065821 ], [ 11.7678978, 48.3050078 ], [ 11.7678482, 48.3049868 ], [ 11.7668116, 48.3045471 ], [ 11.7664564, 48.3008411 ], [ 11.7663131, 48.3008316 ], [ 11.766306, 48.3007317 ], [ 11.7662413, 48.2990969 ], [ 11.7662007, 48.2976727 ], [ 11.7656601, 48.297631 ], [ 11.765013, 48.2975443 ], [ 11.764569, 48.2974654 ], [ 11.7632703, 48.2972761 ], [ 11.7626583, 48.2972117 ], [ 11.7621244, 48.2971662 ], [ 11.7618207, 48.2971473 ], [ 11.7615489, 48.2971306 ], [ 11.7609654, 48.2971369 ], [ 11.7604234, 48.2971598 ], [ 11.7602633, 48.2971756 ], [ 11.7602522, 48.297076 ], [ 11.7602489, 48.2968021 ], [ 11.7602191, 48.2943489 ], [ 11.7523033, 48.2942225 ], [ 11.7523382, 48.295622 ], [ 11.7523233, 48.2959783 ], [ 11.7523233, 48.296294 ], [ 11.7513894, 48.2961623 ], [ 11.7513642, 48.2965143 ], [ 11.7512328, 48.296501 ], [ 11.7505792, 48.2964461 ], [ 11.7479498, 48.2962248 ], [ 11.7461603, 48.2961475 ], [ 11.7449231, 48.29607 ], [ 11.7432355, 48.2959155 ], [ 11.7428694, 48.295882 ], [ 11.7418293, 48.2959918 ], [ 11.7418058, 48.2959876 ], [ 11.7417582, 48.2958956 ], [ 11.7417105, 48.2958037 ], [ 11.7412837, 48.2958488 ], [ 11.739589, 48.2959463 ], [ 11.7387338, 48.2960272 ], [ 11.7387219, 48.2960333 ], [ 11.7375723, 48.2949834 ], [ 11.736657, 48.2942158 ], [ 11.736504, 48.294083 ], [ 11.7347793, 48.2925016 ], [ 11.733369, 48.2914025 ], [ 11.732464, 48.2905884 ], [ 11.7324178, 48.290546 ], [ 11.7323822, 48.2904997 ], [ 11.7323148, 48.290412 ], [ 11.7320343, 48.2900477 ], [ 11.7319472, 48.2899345 ], [ 11.731291, 48.2893296 ], [ 11.7312156, 48.2892493 ], [ 11.7311725, 48.2892119 ] ] ] } },
{ "type": "Feature", "properties": { "bbox_west": 10.9930275, "bbox_south": 48.0877067, "bbox_east": 11.4128816, "bbox_north": 48.2967233, "place_id": 117827202, "osm_type": "relation", "osm_id": 62595, "lat": 48.1922685, "lon": 11.212995, "class": "boundary", "type": "administrative", "place_rank": 12, "importance": 0.55379899120304565, "addresstype": "county", "name": "Landkreis Fürstenfeldbruck", "display_name": "Landkreis Fürstenfeldbruck, Bavaria, Germany", "place_name": "Fürstenfeldbruck, Bavaria, Germany" }, "geometry": { "type": "Polygon", "coordinates": [ [ [ 10.9930275, 48.1760555 ], [ 10.9930324, 48.1753131 ], [ 10.9931964, 48.1750088 ], [ 10.9935557, 48.174594 ], [ 10.9938881, 48.1740865 ], [ 10.9940536, 48.1739339 ], [ 10.99456, 48.1734484 ], [ 10.9946656, 48.173365 ], [ 10.9948067, 48.1732608 ], [ 10.9948603, 48.1732205 ], [ 10.9949762, 48.1731651 ], [ 10.9949601, 48.1731463 ], [ 10.9949412, 48.1731169 ], [ 10.9949171, 48.1730529 ], [ 10.9949044, 48.1730091 ], [ 10.9948939, 48.1729813 ], [ 10.9948883, 48.1729723 ], [ 10.9948673, 48.1729472 ], [ 10.9948622, 48.1729433 ], [ 10.9947624, 48.1728332 ], [ 10.9946662, 48.1727523 ], [ 10.9946411, 48.1727369 ], [ 10.9944282, 48.1726416 ], [ 10.9943769, 48.1726289 ], [ 10.9944971, 48.1724739 ], [ 10.994695, 48.1722032 ], [ 10.9948417, 48.1719436 ], [ 10.9949884, 48.1716515 ], [ 10.9950208, 48.1714566 ], [ 10.9950789, 48.1711957 ], [ 10.9950905, 48.1711776 ], [ 10.9951119, 48.1711601 ], [ 10.9951997, 48.1711452 ], [ 10.995248, 48.1711418 ], [ 10.9952677, 48.1711146 ], [ 10.9953586, 48.1710286 ], [ 10.9954189, 48.1709216 ], [ 10.9955311, 48.170932 ], [ 10.9957374, 48.1709743 ], [ 10.9966069, 48.1711715 ], [ 10.9972798, 48.1711453 ], [ 10.9981874, 48.1710674 ], [ 10.9984196, 48.1710435 ], [ 10.9987036, 48.1710027 ], [ 10.999232, 48.170919 ], [ 10.9998409, 48.1708553 ], [ 11.0001825, 48.1708609 ], [ 11.0002968, 48.1708812 ], [ 10.9997694, 48.1697985 ], [ 10.9995659, 48.16921 ], [ 10.9994517, 48.1689355 ], [ 10.9994506, 48.1689121 ], [ 10.9994579, 48.1688885 ], [ 10.9996888, 48.1685633 ], [ 10.9996166, 48.1679212 ], [ 10.9997576, 48.1675754 ], [ 10.9999678, 48.1673499 ], [ 11.0009034, 48.1670648 ], [ 11.0009213, 48.167062 ], [ 11.0010099, 48.1670484 ], [ 11.001711, 48.1669402 ], [ 11.0020957, 48.1669256 ], [ 11.0024934, 48.1667196 ], [ 11.0027719, 48.1666443 ], [ 11.0031033, 48.1666232 ], [ 11.0038708, 48.1667136 ], [ 11.0039105, 48.1665105 ], [ 11.0040778, 48.1662639 ], [ 11.0045942, 48.1661253 ], [ 11.0055113, 48.1657964 ], [ 11.0057107, 48.165747 ], [ 11.0059932, 48.1656031 ], [ 11.005801, 48.1651205 ], [ 11.0057928, 48.1650825 ], [ 11.005938, 48.1649202 ], [ 11.0061253, 48.164711 ], [ 11.0064209, 48.1646525 ], [ 11.0066437, 48.1646084 ], [ 11.0067864, 48.1646739 ], [ 11.0069943, 48.1647692 ], [ 11.0071392, 48.1649026 ], [ 11.0079785, 48.1652451 ], [ 11.0085832, 48.1654736 ], [ 11.0088735, 48.1658594 ], [ 11.0092649, 48.1665524 ], [ 11.00931, 48.1665885 ], [ 11.0095824, 48.1667237 ], [ 11.0097858, 48.1669962 ], [ 11.0100113, 48.1670899 ], [ 11.0100851, 48.1671824 ], [ 11.0101545, 48.1675122 ], [ 11.0102314, 48.1676932 ], [ 11.0103404, 48.1684318 ], [ 11.0105219, 48.1685853 ], [ 11.0106679, 48.1686418 ], [ 11.0110307, 48.1684665 ], [ 11.012336, 48.1681946 ], [ 11.0126924, 48.1680968 ], [ 11.0127735, 48.1680487 ], [ 11.0131403, 48.1675649 ], [ 11.0134186, 48.1667031 ], [ 11.0130721, 48.1662349 ], [ 11.013018, 48.1657756 ], [ 11.0128138, 48.1651158 ], [ 11.0121804, 48.164742 ], [ 11.0125887, 48.1641537 ], [ 11.0126679, 48.1638132 ], [ 11.0134251, 48.1633538 ], [ 11.0136846, 48.1633723 ], [ 11.0139536, 48.1633403 ], [ 11.0142191, 48.1632605 ], [ 11.0143067, 48.1630315 ], [ 11.0143943, 48.1628023 ], [ 11.0144378, 48.1624999 ], [ 11.012573, 48.1609261 ], [ 11.0118574, 48.1605646 ], [ 11.0113022, 48.1602841 ], [ 11.0098215, 48.1598149 ], [ 11.0096555, 48.1596129 ], [ 11.0096051, 48.1594001 ], [ 11.0095551, 48.1591297 ], [ 11.009344, 48.1589966 ], [ 11.0089565, 48.1587878 ], [ 11.0089298, 48.1587593 ], [ 11.0085527, 48.1585405 ], [ 11.0082637, 48.1583282 ], [ 11.008041, 48.1580956 ], [ 11.0077759, 48.157906 ], [ 11.0075289, 48.1578038 ], [ 11.0073298, 48.1577473 ], [ 11.0072341, 48.1577201 ], [ 11.0060713, 48.1572657 ], [ 11.0057455, 48.1571476 ], [ 11.0054355, 48.1570728 ], [ 11.0052456, 48.1569983 ], [ 11.0050753, 48.1569023 ], [ 11.0049347, 48.1567637 ], [ 11.0047861, 48.1565811 ], [ 11.0047091, 48.1564456 ], [ 11.0045534, 48.1560583 ], [ 11.0044318, 48.1556565 ], [ 11.0046641, 48.1554317 ], [ 11.0047885, 48.1552877 ], [ 11.0053056, 48.1550474 ], [ 11.0054554, 48.1549549 ], [ 11.0058245, 48.1547571 ], [ 11.0062596, 48.1545796 ], [ 11.0066356, 48.1544683 ], [ 11.0069758, 48.1543927 ], [ 11.0073352, 48.1543708 ], [ 11.0075171, 48.154363 ], [ 11.007795, 48.1543647 ], [ 11.0080492, 48.1543937 ], [ 11.0083004, 48.1544493 ], [ 11.0085924, 48.1545474 ], [ 11.0088837, 48.1546387 ], [ 11.0089138, 48.1546453 ], [ 11.009224, 48.1546849 ], [ 11.0096127, 48.1546863 ], [ 11.0096524, 48.1546821 ], [ 11.0099129, 48.1546268 ], [ 11.0099414, 48.1546178 ], [ 11.0100834, 48.1545663 ], [ 11.0102589, 48.1544703 ], [ 11.0104173, 48.1543535 ], [ 11.0105529, 48.154212 ], [ 11.0107481, 48.1539456 ], [ 11.0110653, 48.153537 ], [ 11.011152, 48.153439 ], [ 11.0112135, 48.1533789 ], [ 11.0112881, 48.1533204 ], [ 11.0114351, 48.1532479 ], [ 11.0116152, 48.1531941 ], [ 11.0117935, 48.1531531 ], [ 11.0119964, 48.1531169 ], [ 11.0121966, 48.1530434 ], [ 11.0122267, 48.1530281 ], [ 11.0124326, 48.1528854 ], [ 11.0131159, 48.1523133 ], [ 11.0135645, 48.1519399 ], [ 11.0137035, 48.1517846 ], [ 11.013869, 48.1515787 ], [ 11.0140075, 48.1514063 ], [ 11.0141758, 48.1511868 ], [ 11.0142632, 48.1510638 ], [ 11.0143289, 48.151012 ], [ 11.0143997, 48.1509561 ], [ 11.0144997, 48.1508771 ], [ 11.0146257, 48.150771 ], [ 11.0146902, 48.1507214 ], [ 11.0149552, 48.1505177 ], [ 11.0153113, 48.1502206 ], [ 11.0153564, 48.1502307 ], [ 11.0153956, 48.150234 ], [ 11.0163659, 48.1504208 ], [ 11.0168179, 48.1504936 ], [ 11.0171959, 48.1505687 ], [ 11.0175854, 48.1507004 ], [ 11.0177764, 48.1508212 ], [ 11.0179392, 48.1509637 ], [ 11.0181499, 48.1512856 ], [ 11.0186329, 48.1519032 ], [ 11.0190193, 48.1522331 ], [ 11.019298, 48.1521874 ], [ 11.019652, 48.1521174 ], [ 11.020383, 48.1521126 ], [ 11.0208154, 48.1521559 ], [ 11.0211684, 48.1520118 ], [ 11.0212512, 48.1519779 ], [ 11.0214768, 48.151961 ], [ 11.0215374, 48.1518611 ], [ 11.0215499, 48.1515451 ], [ 11.0213789, 48.1513531 ], [ 11.021654, 48.1508315 ], [ 11.021763, 48.1505422 ], [ 11.0218588, 48.1499902 ], [ 11.0220422, 48.1494671 ], [ 11.0224594, 48.1491275 ], [ 11.0226144, 48.1491087 ], [ 11.0231699, 48.1492344 ], [ 11.0232359, 48.1493052 ], [ 11.023435, 48.149388 ], [ 11.0236488, 48.1495166 ], [ 11.0238105, 48.1495687 ], [ 11.0239381, 48.1496331 ], [ 11.0240916, 48.1497928 ], [ 11.0246406, 48.1497 ], [ 11.0247012, 48.1497236 ], [ 11.0247374, 48.1497307 ], [ 11.0247743, 48.1497316 ], [ 11.0248515, 48.1497204 ], [ 11.0252713, 48.1498659 ], [ 11.0260081, 48.1500035 ], [ 11.0261007, 48.1498356 ], [ 11.0262116, 48.1496577 ], [ 11.0264191, 48.1494709 ], [ 11.0266855, 48.1492104 ], [ 11.0269338, 48.1488838 ], [ 11.02699, 48.1488179 ], [ 11.0271005, 48.1486886 ], [ 11.0271773, 48.1486023 ], [ 11.0274857, 48.1482705 ], [ 11.0275137, 48.1482526 ], [ 11.0275471, 48.1482401 ], [ 11.0275845, 48.1482336 ], [ 11.0276228, 48.1482336 ], [ 11.0281796, 48.1483295 ], [ 11.0284318, 48.1483932 ], [ 11.0287577, 48.148499 ], [ 11.0290263, 48.1486029 ], [ 11.0293898, 48.1487156 ], [ 11.0297571, 48.1488235 ], [ 11.0301201, 48.1489632 ], [ 11.0304244, 48.1490573 ], [ 11.0307218, 48.1491408 ], [ 11.0317936, 48.1492739 ], [ 11.0321874, 48.1493089 ], [ 11.0325808, 48.1492883 ], [ 11.0330717, 48.1492703 ], [ 11.0334397, 48.1492736 ], [ 11.0336895, 48.1492307 ], [ 11.0344905, 48.1490672 ], [ 11.0347745, 48.1489593 ], [ 11.0349004, 48.1487743 ], [ 11.0351958, 48.148828 ], [ 11.0352311, 48.1488404 ], [ 11.0353275, 48.1488954 ], [ 11.0355607, 48.149013 ], [ 11.0358432, 48.149131 ], [ 11.0358939, 48.1491549 ], [ 11.0375612, 48.149693 ], [ 11.0378228, 48.14971 ], [ 11.0380456, 48.1497245 ], [ 11.0381282, 48.1495516 ], [ 11.0383075, 48.1493794 ], [ 11.0387415, 48.1491599 ], [ 11.0391322, 48.1485883 ], [ 11.0391704, 48.1485323 ], [ 11.0393295, 48.1483606 ], [ 11.0393697, 48.1483381 ], [ 11.0394042, 48.1483003 ], [ 11.0394132, 48.1482903 ], [ 11.0395705, 48.1482083 ], [ 11.0397425, 48.1481421 ], [ 11.0399471, 48.1481674 ], [ 11.0402907, 48.1482372 ], [ 11.0406031, 48.1482414 ], [ 11.0418638, 48.1483423 ], [ 11.0425812, 48.1483265 ], [ 11.0426182, 48.1483256 ], [ 11.0425976, 48.1476605 ], [ 11.0426056, 48.1467927 ], [ 11.0426069, 48.1466571 ], [ 11.0426074, 48.1465569 ], [ 11.0437209, 48.1466142 ], [ 11.0438109, 48.1456615 ], [ 11.0445095, 48.1458049 ], [ 11.0445266, 48.1456351 ], [ 11.0446244, 48.1442454 ], [ 11.0446323, 48.1442252 ], [ 11.045093, 48.1435918 ], [ 11.0451598, 48.1434998 ], [ 11.0442915, 48.1433038 ], [ 11.0437195, 48.1431683 ], [ 11.0441584, 48.1424143 ], [ 11.0443814, 48.1418765 ], [ 11.045115, 48.1405661 ], [ 11.0452749, 48.1403589 ], [ 11.0458098, 48.1397033 ], [ 11.0465885, 48.1399152 ], [ 11.0468509, 48.139526 ], [ 11.046408, 48.1392529 ], [ 11.0465044, 48.1391382 ], [ 11.0463615, 48.1390976 ], [ 11.0462198, 48.1390573 ], [ 11.0462948, 48.1389668 ], [ 11.048295, 48.1365497 ], [ 11.0484722, 48.1365492 ], [ 11.0485337, 48.1365604 ], [ 11.049221, 48.1368888 ], [ 11.0506696, 48.1376548 ], [ 11.0510146, 48.1378598 ], [ 11.0517882, 48.1383109 ], [ 11.0519406, 48.1384114 ], [ 11.0524946, 48.1387128 ], [ 11.0531432, 48.1390783 ], [ 11.053869, 48.1395118 ], [ 11.0538775, 48.1395187 ], [ 11.0540969, 48.1393912 ], [ 11.0545831, 48.1391411 ], [ 11.055072, 48.1390947 ], [ 11.0556446, 48.1391568 ], [ 11.0562383, 48.1392594 ], [ 11.0564897, 48.1393493 ], [ 11.0567656, 48.1393342 ], [ 11.0570301, 48.1392964 ], [ 11.0574795, 48.1392628 ], [ 11.0575858, 48.1392549 ], [ 11.0582879, 48.1391678 ], [ 11.0588967, 48.139164 ], [ 11.0594296, 48.1390599 ], [ 11.0595009, 48.1390419 ], [ 11.0604801, 48.1389626 ], [ 11.0606219, 48.1389544 ], [ 11.0606205, 48.1389262 ], [ 11.0606174, 48.1388657 ], [ 11.060618, 48.138656 ], [ 11.0606839, 48.1381024 ], [ 11.0607106, 48.1381046 ], [ 11.0610298, 48.1380269 ], [ 11.0612594, 48.1378882 ], [ 11.0614335, 48.137658 ], [ 11.0613955, 48.1375842 ], [ 11.0613233, 48.1374139 ], [ 11.0612219, 48.1372547 ], [ 11.0611626, 48.1370053 ], [ 11.0612896, 48.1367465 ], [ 11.0615348, 48.1366161 ], [ 11.061814, 48.1364364 ], [ 11.0618562, 48.1363537 ], [ 11.0616927, 48.1359091 ], [ 11.0616853, 48.1357639 ], [ 11.0616769, 48.1356017 ], [ 11.0615741, 48.135351 ], [ 11.0612927, 48.1352913 ], [ 11.0612592, 48.1350893 ], [ 11.0612043, 48.135041 ], [ 11.0611438, 48.1349879 ], [ 11.0610769, 48.1348199 ], [ 11.0611317, 48.1346119 ], [ 11.0612056, 48.1343729 ], [ 11.0612176, 48.1340206 ], [ 11.0610661, 48.1336913 ], [ 11.0607515, 48.1335187 ], [ 11.0605549, 48.1333728 ], [ 11.0604223, 48.1331584 ], [ 11.0603398, 48.1328662 ], [ 11.060139, 48.1325576 ], [ 11.0596367, 48.1325349 ], [ 11.0588196, 48.1326158 ], [ 11.05697, 48.1326838 ], [ 11.0563274, 48.1327178 ], [ 11.0548098, 48.1326628 ], [ 11.053601, 48.1326552 ], [ 11.0532745, 48.1327071 ], [ 11.0527594, 48.1327938 ], [ 11.0517918, 48.1329312 ], [ 11.0510707, 48.1331115 ], [ 11.0508066, 48.1331294 ], [ 11.0504012, 48.1330706 ], [ 11.0498457, 48.1329463 ], [ 11.0490982, 48.1327589 ], [ 11.0488603, 48.1326585 ], [ 11.0486629, 48.13261 ], [ 11.0482574, 48.1323076 ], [ 11.0479409, 48.1311821 ], [ 11.0487124, 48.1305743 ], [ 11.0489361, 48.1303687 ], [ 11.0489907, 48.1303796 ], [ 11.0492343, 48.1304277 ], [ 11.0496228, 48.1305045 ], [ 11.0502405, 48.1305902 ], [ 11.0505721, 48.1308428 ], [ 11.0507732, 48.1307878 ], [ 11.0508992, 48.1307534 ], [ 11.0510598, 48.1306049 ], [ 11.0511829, 48.1303972 ], [ 11.0512057, 48.1302942 ], [ 11.0512186, 48.1302353 ], [ 11.0512573, 48.1298466 ], [ 11.0508261, 48.1297433 ], [ 11.0508335, 48.1296543 ], [ 11.0514503, 48.1294427 ], [ 11.0515609, 48.1294048 ], [ 11.0521885, 48.1291355 ], [ 11.0527788, 48.1288664 ], [ 11.0538403, 48.1282071 ], [ 11.0546555, 48.127464 ], [ 11.0548616, 48.1272085 ], [ 11.0549429, 48.1271077 ], [ 11.0554932, 48.1266659 ], [ 11.0555532, 48.1266715 ], [ 11.0559099, 48.1267045 ], [ 11.0564262, 48.1267873 ], [ 11.0570159, 48.1269481 ], [ 11.0576565, 48.1271761 ], [ 11.058635, 48.1274678 ], [ 11.0597073, 48.1278652 ], [ 11.0599483, 48.1274351 ], [ 11.0609177, 48.1253947 ], [ 11.060976, 48.1252909 ], [ 11.0608364, 48.1252669 ], [ 11.059754, 48.1251393 ], [ 11.059661, 48.1251254 ], [ 11.0599237, 48.1245804 ], [ 11.0604821, 48.1233742 ], [ 11.060647, 48.1230181 ], [ 11.060375, 48.1229532 ], [ 11.0601097, 48.12287 ], [ 11.0599235, 48.1226367 ], [ 11.0598695, 48.1222812 ], [ 11.0598578, 48.1218912 ], [ 11.0597612, 48.121593 ], [ 11.0596902, 48.1213571 ], [ 11.0596678, 48.121248 ], [ 11.0597996, 48.1209307 ], [ 11.0605464, 48.1199713 ], [ 11.0607035, 48.1197838 ], [ 11.0616353, 48.1186314 ], [ 11.0606016, 48.1184583 ], [ 11.0604051, 48.1188145 ], [ 11.0597403, 48.1186086 ], [ 11.0584579, 48.118423 ], [ 11.0574885, 48.1183622 ], [ 11.0570771, 48.1189407 ], [ 11.0569286, 48.119147 ], [ 11.0569144, 48.1191667 ], [ 11.05627, 48.1191369 ], [ 11.0563373, 48.118764 ], [ 11.0563202, 48.118357 ], [ 11.0563202, 48.1179497 ], [ 11.0562506, 48.1176053 ], [ 11.0570004, 48.1176947 ], [ 11.0574172, 48.1177643 ], [ 11.0576388, 48.1176345 ], [ 11.0577597, 48.1173107 ], [ 11.0577846, 48.117022 ], [ 11.0574269, 48.1167188 ], [ 11.0572674, 48.1165774 ], [ 11.0572559, 48.1165629 ], [ 11.0571661, 48.1163825 ], [ 11.0567744, 48.1154274 ], [ 11.0569207, 48.1153965 ], [ 11.057067, 48.1153656 ], [ 11.0571583, 48.1153272 ], [ 11.05735, 48.1152363 ], [ 11.0578909, 48.1147113 ], [ 11.0579224, 48.1146736 ], [ 11.0581788, 48.1143685 ], [ 11.0585015, 48.1141292 ], [ 11.0589203, 48.1139705 ], [ 11.0593745, 48.1139189 ], [ 11.0596364, 48.1138891 ], [ 11.0602771, 48.1137526 ], [ 11.0609976, 48.1135261 ], [ 11.0613426, 48.1132428 ], [ 11.0614678, 48.1128653 ], [ 11.0619152, 48.1130668 ], [ 11.0619631, 48.1132967 ], [ 11.0623365, 48.1132613 ], [ 11.0625165, 48.1133454 ], [ 11.0625492, 48.1133608 ], [ 11.0628973, 48.1134835 ], [ 11.0631296, 48.113534 ], [ 11.0634049, 48.1135622 ], [ 11.0639436, 48.1136623 ], [ 11.0642041, 48.1137036 ], [ 11.0643144, 48.1137357 ], [ 11.064394, 48.1137822 ], [ 11.0644449, 48.1138364 ], [ 11.0645116, 48.1140592 ], [ 11.0646318, 48.114398 ], [ 11.0647502, 48.1146302 ], [ 11.0647696, 48.1147985 ], [ 11.0647663, 48.1148521 ], [ 11.0647351, 48.1149539 ], [ 11.0646615, 48.115102 ], [ 11.0645454, 48.1153498 ], [ 11.0644843, 48.115542 ], [ 11.0644863, 48.1155641 ], [ 11.0647733, 48.1153563 ], [ 11.0652293, 48.1149623 ], [ 11.0651852, 48.114889 ], [ 11.0651253, 48.1148269 ], [ 11.0652334, 48.1147529 ], [ 11.0653415, 48.1146789 ], [ 11.065671, 48.1145715 ], [ 11.0657226, 48.1144207 ], [ 11.0658017, 48.1141888 ], [ 11.0659307, 48.1138104 ], [ 11.0661589, 48.1135687 ], [ 11.0665081, 48.1134313 ], [ 11.0668738, 48.1134998 ], [ 11.0671949, 48.1135054 ], [ 11.0675537, 48.1134902 ], [ 11.0679536, 48.1134184 ], [ 11.0682488, 48.1132989 ], [ 11.0685256, 48.1132018 ], [ 11.0683689, 48.1130293 ], [ 11.0681809, 48.11257 ], [ 11.0682986, 48.112508 ], [ 11.0684167, 48.112446 ], [ 11.0683132, 48.1123565 ], [ 11.068096, 48.1122141 ], [ 11.0679461, 48.1121596 ], [ 11.0678843, 48.1121371 ], [ 11.0676929, 48.1121109 ], [ 11.0671616, 48.1120505 ], [ 11.0667781, 48.1119962 ], [ 11.0665207, 48.1119438 ], [ 11.0662102, 48.1118582 ], [ 11.065946, 48.1117644 ], [ 11.0656292, 48.1116267 ], [ 11.0653047, 48.1114991 ], [ 11.0650069, 48.1114152 ], [ 11.0646837, 48.1113653 ], [ 11.0642985, 48.1113514 ], [ 11.0641903, 48.1113431 ], [ 11.0640277, 48.1113009 ], [ 11.063889, 48.1111864 ], [ 11.0631119, 48.1104828 ], [ 11.0630668, 48.1104542 ], [ 11.0627279, 48.1102701 ], [ 11.0626668, 48.1103658 ], [ 11.0625597, 48.1104343 ], [ 11.0620994, 48.1105983 ], [ 11.0617413, 48.1106345 ], [ 11.0613799, 48.1106119 ], [ 11.0610177, 48.1105509 ], [ 11.0606772, 48.1104745 ], [ 11.0608549, 48.1102663 ], [ 11.0610782, 48.1099446 ], [ 11.0613036, 48.1096411 ], [ 11.0613085, 48.1094393 ], [ 11.0612522, 48.1092365 ], [ 11.0612455, 48.1091965 ], [ 11.0612215, 48.1090515 ], [ 11.0613111, 48.108966 ], [ 11.0614535, 48.108852 ], [ 11.0616132, 48.1087442 ], [ 11.0617404, 48.1085436 ], [ 11.0616236, 48.1083171 ], [ 11.0614096, 48.10813 ], [ 11.060965, 48.107574 ], [ 11.0608979, 48.107409 ], [ 11.0606794, 48.1072629 ], [ 11.0603403, 48.1070488 ], [ 11.0599798, 48.1068813 ], [ 11.0599473, 48.1068709 ], [ 11.0597638, 48.1068354 ], [ 11.0594459, 48.1068252 ], [ 11.0589499, 48.1068318 ], [ 11.05824, 48.1068411 ], [ 11.0580215, 48.1068724 ], [ 11.0578023, 48.1069036 ], [ 11.0574603, 48.1070223 ], [ 11.0573857, 48.1070521 ], [ 11.0571339, 48.1071527 ], [ 11.0568877, 48.1072427 ], [ 11.0565921, 48.107364 ], [ 11.0563936, 48.1074469 ], [ 11.0562754, 48.1073349 ], [ 11.056052, 48.1070423 ], [ 11.0558976, 48.1069417 ], [ 11.0555588, 48.1065173 ], [ 11.0555325, 48.1063498 ], [ 11.0556788, 48.1061381 ], [ 11.0558276, 48.1058802 ], [ 11.0558469, 48.1058326 ], [ 11.0559573, 48.1055157 ], [ 11.0556723, 48.1048389 ], [ 11.0558779, 48.1045493 ], [ 11.0558478, 48.1044262 ], [ 11.0558044, 48.1042487 ], [ 11.0557363, 48.1039701 ], [ 11.0556015, 48.1037492 ], [ 11.0555562, 48.1035731 ], [ 11.0555667, 48.1034349 ], [ 11.0556222, 48.103136 ], [ 11.0559583, 48.1031854 ], [ 11.0561991, 48.1032396 ], [ 11.0564845, 48.1031964 ], [ 11.0572527, 48.1031924 ], [ 11.0583938, 48.1030857 ], [ 11.0587421, 48.1029488 ], [ 11.0589795, 48.1027838 ], [ 11.0591505, 48.1025375 ], [ 11.0592435, 48.102431 ], [ 11.0593631, 48.1022942 ], [ 11.0595083, 48.1020466 ], [ 11.0596818, 48.1019371 ], [ 11.0598478, 48.1019571 ], [ 11.0599422, 48.1019683 ], [ 11.0602182, 48.1018872 ], [ 11.061489, 48.1023099 ], [ 11.0615328, 48.1024046 ], [ 11.061662, 48.1026835 ], [ 11.062037, 48.1028728 ], [ 11.0624587, 48.102579 ], [ 11.0630657, 48.1022831 ], [ 11.0632797, 48.1021678 ], [ 11.0635592, 48.1020433 ], [ 11.0637036, 48.101979 ], [ 11.0639324, 48.1020041 ], [ 11.0643817, 48.1018794 ], [ 11.064795, 48.10177 ], [ 11.065071, 48.1016383 ], [ 11.0651869, 48.1014291 ], [ 11.0650978, 48.1006808 ], [ 11.0656067, 48.1003644 ], [ 11.0666286, 48.0998348 ], [ 11.0666499, 48.0996525 ], [ 11.0671253, 48.0991969 ], [ 11.0671851, 48.0991136 ], [ 11.0674963, 48.0987249 ], [ 11.0676379, 48.098802 ], [ 11.0677738, 48.0987339 ], [ 11.0679895, 48.0986259 ], [ 11.0680842, 48.0985744 ], [ 11.0679416, 48.0983332 ], [ 11.0680838, 48.0981492 ], [ 11.0683445, 48.0978924 ], [ 11.0684672, 48.0977522 ], [ 11.0686367, 48.0976537 ], [ 11.0688732, 48.0976721 ], [ 11.0698108, 48.097779 ], [ 11.0701237, 48.0978542 ], [ 11.0704183, 48.0979578 ], [ 11.0707197, 48.0981016 ], [ 11.071011, 48.097907 ], [ 11.0712392, 48.0977799 ], [ 11.0715041, 48.0976047 ], [ 11.0716099, 48.097577 ], [ 11.0720411, 48.097464 ], [ 11.0727753, 48.0974963 ], [ 11.0737512, 48.0975096 ], [ 11.0742569, 48.0975068 ], [ 11.0746532, 48.0974592 ], [ 11.0749618, 48.0972661 ], [ 11.0755215, 48.0969424 ], [ 11.0755721, 48.0969131 ], [ 11.0758268, 48.0968863 ], [ 11.0760104, 48.0968933 ], [ 11.0771376, 48.0973849 ], [ 11.0774247, 48.0974648 ], [ 11.0778249, 48.0974115 ], [ 11.0788303, 48.0972509 ], [ 11.080362, 48.0973104 ], [ 11.0809954, 48.0973024 ], [ 11.0817086, 48.0973898 ], [ 11.08211, 48.0974471 ], [ 11.0820212, 48.0968122 ], [ 11.0822832, 48.0967783 ], [ 11.0825592, 48.096749 ], [ 11.0825091, 48.0963079 ], [ 11.0824214, 48.0959184 ], [ 11.0823004, 48.095513 ], [ 11.0820673, 48.0949827 ], [ 11.0817288, 48.0943494 ], [ 11.0816249, 48.0941482 ], [ 11.0836689, 48.094028 ], [ 11.0837003, 48.0940262 ], [ 11.0838245, 48.0933473 ], [ 11.0839243, 48.0928004 ], [ 11.0848457, 48.0928308 ], [ 11.0853608, 48.0927655 ], [ 11.0856547, 48.092673 ], [ 11.085741, 48.0926457 ], [ 11.0858121, 48.0925237 ], [ 11.085887, 48.0923947 ], [ 11.0858867, 48.0921803 ], [ 11.0861612, 48.0919221 ], [ 11.0863841, 48.091668 ], [ 11.0864205, 48.0915479 ], [ 11.0865432, 48.0910786 ], [ 11.0865479, 48.0910721 ], [ 11.0868496, 48.0906516 ], [ 11.0869626, 48.0901459 ], [ 11.0871513, 48.089718 ], [ 11.0873872, 48.0897701 ], [ 11.0881298, 48.0899022 ], [ 11.0886882, 48.0900166 ], [ 11.0887118, 48.0898672 ], [ 11.0890345, 48.0888079 ], [ 11.0890414, 48.0887995 ], [ 11.089136, 48.0886831 ], [ 11.0890953, 48.0882178 ], [ 11.0890293, 48.0878851 ], [ 11.0891424, 48.0878062 ], [ 11.0891982, 48.0877674 ], [ 11.0893198, 48.0877067 ], [ 11.089304, 48.0877746 ], [ 11.0893361, 48.0877906 ], [ 11.0893541, 48.0877935 ], [ 11.0894562, 48.0877384 ], [ 11.0894897, 48.0877277 ], [ 11.0895257, 48.0877224 ], [ 11.0896383, 48.0877241 ], [ 11.0896707, 48.0877291 ], [ 11.0898835, 48.0877968 ], [ 11.0899152, 48.0878147 ], [ 11.0899392, 48.0878374 ], [ 11.0899537, 48.0878633 ], [ 11.089965, 48.0879327 ], [ 11.0900806, 48.0879816 ], [ 11.0901348, 48.0879964 ], [ 11.0902232, 48.0879724 ], [ 11.0902165, 48.087936 ], [ 11.0902345, 48.0878632 ], [ 11.0902517, 48.0878375 ], [ 11.090278, 48.0878158 ], [ 11.0903117, 48.0877994 ], [ 11.0903505, 48.0877893 ], [ 11.0905251, 48.0877768 ], [ 11.0907014, 48.0878409 ], [ 11.0907329, 48.0878532 ], [ 11.0907885, 48.0878665 ], [ 11.090936, 48.0879017 ], [ 11.090982, 48.0879239 ], [ 11.0910057, 48.0879605 ], [ 11.091022, 48.0881272 ], [ 11.0910319, 48.0881526 ], [ 11.0910491, 48.0881764 ], [ 11.0911745, 48.0882894 ], [ 11.0913136, 48.0883728 ], [ 11.0913578, 48.0883873 ], [ 11.0915685, 48.0884126 ], [ 11.091613, 48.0884111 ], [ 11.0916568, 48.0884029 ], [ 11.0916803, 48.0883946 ], [ 11.0916998, 48.0884454 ], [ 11.0917237, 48.0884731 ], [ 11.0917582, 48.0884954 ], [ 11.0918761, 48.0885375 ], [ 11.0919161, 48.0885448 ], [ 11.0919579, 48.0885459 ], [ 11.0921732, 48.088536 ], [ 11.0922003, 48.0885752 ], [ 11.0922395, 48.0886076 ], [ 11.092393, 48.0886857 ], [ 11.0924331, 48.0886996 ], [ 11.0926167, 48.0887181 ], [ 11.0926534, 48.0887166 ], [ 11.0926898, 48.0887107 ], [ 11.0927416, 48.0886956 ], [ 11.0927607, 48.0887187 ], [ 11.0927953, 48.0887419 ], [ 11.0929472, 48.0887986 ], [ 11.0929818, 48.0888059 ], [ 11.0930184, 48.0888087 ], [ 11.0931761, 48.0888002 ], [ 11.0932057, 48.088825 ], [ 11.093234, 48.0888406 ], [ 11.093362, 48.0888852 ], [ 11.0933513, 48.0888972 ], [ 11.0933181, 48.0889668 ], [ 11.0933154, 48.089003 ], [ 11.0933419, 48.0890803 ], [ 11.0933589, 48.0891044 ], [ 11.0933824, 48.0891276 ], [ 11.0934614, 48.0891822 ], [ 11.0934871, 48.0891948 ], [ 11.0938988, 48.0893325 ], [ 11.0941669, 48.0894523 ], [ 11.0942125, 48.089461 ], [ 11.0942602, 48.0894625 ], [ 11.0944541, 48.0894382 ], [ 11.0944947, 48.0894271 ], [ 11.0945311, 48.0894107 ], [ 11.0945924, 48.0893684 ], [ 11.094617, 48.0893403 ], [ 11.0946313, 48.0892982 ], [ 11.0947495, 48.089371 ], [ 11.0947851, 48.0893849 ], [ 11.0948247, 48.0893934 ], [ 11.0949908, 48.089407 ], [ 11.0950833, 48.0895586 ], [ 11.0951913, 48.0896575 ], [ 11.0953256, 48.0897411 ], [ 11.0953692, 48.0897613 ], [ 11.0957634, 48.0898562 ], [ 11.0959162, 48.0899428 ], [ 11.095965, 48.0899581 ], [ 11.096018, 48.0899642 ], [ 11.0961845, 48.0899534 ], [ 11.0962323, 48.0899417 ], [ 11.0962736, 48.0899224 ], [ 11.096307, 48.0898965 ], [ 11.0963954, 48.0897761 ], [ 11.0965166, 48.0898303 ], [ 11.0965306, 48.0898439 ], [ 11.0965698, 48.0899328 ], [ 11.0965877, 48.0899559 ], [ 11.096612, 48.0899765 ], [ 11.0966457, 48.0899958 ], [ 11.0967529, 48.0900575 ], [ 11.0967085, 48.0900871 ], [ 11.0966847, 48.0901123 ], [ 11.0966722, 48.0901357 ], [ 11.0966556, 48.0902173 ], [ 11.0966606, 48.0902482 ], [ 11.0966759, 48.0902776 ], [ 11.0967979, 48.0904066 ], [ 11.0968221, 48.0904244 ], [ 11.0969596, 48.0904947 ], [ 11.0969921, 48.0905058 ], [ 11.0973688, 48.0905817 ], [ 11.0974692, 48.0906235 ], [ 11.0975009, 48.0906321 ], [ 11.097671, 48.090657 ], [ 11.0977214, 48.0906558 ], [ 11.0978534, 48.0906294 ], [ 11.0978932, 48.0906142 ], [ 11.0979272, 48.0905931 ], [ 11.0979527, 48.0905673 ], [ 11.0979689, 48.0905385 ], [ 11.0979765, 48.0904992 ], [ 11.0981152, 48.0904844 ], [ 11.0982347, 48.090559 ], [ 11.098262, 48.0905713 ], [ 11.0983651, 48.0906026 ], [ 11.0984137, 48.0906085 ], [ 11.099044, 48.0905803 ], [ 11.0990894, 48.0905707 ], [ 11.0991301, 48.0905543 ], [ 11.0991878, 48.0905159 ], [ 11.0992884, 48.0907344 ], [ 11.0993279, 48.0908359 ], [ 11.0993369, 48.0912323 ], [ 11.0993164, 48.0912706 ], [ 11.0992593, 48.0913225 ], [ 11.0991946, 48.091423 ], [ 11.0991853, 48.0914373 ], [ 11.0991407, 48.0915912 ], [ 11.099216, 48.0916836 ], [ 11.0994386, 48.0915717 ], [ 11.0996446, 48.091425 ], [ 11.0998512, 48.0912442 ], [ 11.099981, 48.0910796 ], [ 11.1001188, 48.0909609 ], [ 11.1002293, 48.0909564 ], [ 11.1004665, 48.091022 ], [ 11.100905, 48.0913072 ], [ 11.1011677, 48.0913616 ], [ 11.1014337, 48.091393 ], [ 11.1016984, 48.0915159 ], [ 11.1021215, 48.0916983 ], [ 11.1023873, 48.0917396 ], [ 11.1031057, 48.0917718 ], [ 11.1031889, 48.0917695 ], [ 11.1032917, 48.0917428 ], [ 11.1035231, 48.0915779 ], [ 11.1037075, 48.0915703 ], [ 11.1036898, 48.0915919 ], [ 11.1036779, 48.0916182 ], [ 11.1036736, 48.0916411 ], [ 11.1036816, 48.0917249 ], [ 11.103698, 48.0918974 ], [ 11.103711, 48.0919265 ], [ 11.1037336, 48.0919529 ], [ 11.1040449, 48.0921793 ], [ 11.1040732, 48.0921937 ], [ 11.1041979, 48.0922362 ], [ 11.1043806, 48.0922668 ], [ 11.1044187, 48.0923588 ], [ 11.1044388, 48.0923842 ], [ 11.10452, 48.092449 ], [ 11.1045258, 48.0925505 ], [ 11.1045404, 48.0925832 ], [ 11.1045669, 48.0926123 ], [ 11.1046033, 48.092636 ], [ 11.1049217, 48.0927575 ], [ 11.1049502, 48.0928212 ], [ 11.1049699, 48.0928454 ], [ 11.1051778, 48.0930092 ], [ 11.1052054, 48.0930244 ], [ 11.1053494, 48.0930786 ], [ 11.1053802, 48.0930863 ], [ 11.1056399, 48.0931207 ], [ 11.1059058, 48.093195 ], [ 11.1063888, 48.0932516 ], [ 11.1065128, 48.0933316 ], [ 11.1066441, 48.0934413 ], [ 11.1067809, 48.093519 ], [ 11.1069948, 48.0936968 ], [ 11.1070232, 48.0937131 ], [ 11.1071913, 48.0937788 ], [ 11.1074874, 48.0938381 ], [ 11.1075253, 48.0938408 ], [ 11.1079261, 48.0938194 ], [ 11.1083738, 48.0937564 ], [ 11.108645, 48.0937361 ], [ 11.1090237, 48.0937677 ], [ 11.1092997, 48.093808 ], [ 11.1099085, 48.0938071 ], [ 11.1103033, 48.0938379 ], [ 11.110467, 48.0938211 ], [ 11.1105066, 48.0938108 ], [ 11.1105421, 48.0937948 ], [ 11.1106223, 48.0937379 ], [ 11.1107023, 48.0937311 ], [ 11.1109118, 48.0938509 ], [ 11.1110824, 48.0939714 ], [ 11.1111958, 48.0940018 ], [ 11.1112279, 48.0940022 ], [ 11.1114186, 48.0939695 ], [ 11.1115815, 48.0939664 ], [ 11.1117934, 48.0940188 ], [ 11.1119404, 48.0941006 ], [ 11.1119778, 48.094114 ], [ 11.1121777, 48.0941526 ], [ 11.1122087, 48.0941553 ], [ 11.1122399, 48.0941545 ], [ 11.112957, 48.09406 ], [ 11.1138435, 48.0940734 ], [ 11.1144109, 48.0941944 ], [ 11.1149166, 48.0942642 ], [ 11.1151316, 48.0942745 ], [ 11.1151659, 48.094272 ], [ 11.1156014, 48.0941837 ], [ 11.1157638, 48.0942232 ], [ 11.1158027, 48.094227 ], [ 11.1158424, 48.0942259 ], [ 11.1160922, 48.0941842 ], [ 11.1161324, 48.0942429 ], [ 11.1161547, 48.0942638 ], [ 11.1161821, 48.0942813 ], [ 11.1162142, 48.094295 ], [ 11.1163324, 48.0943262 ], [ 11.1163667, 48.0943308 ], [ 11.1165872, 48.0943343 ], [ 11.1166173, 48.0943316 ], [ 11.1168323, 48.0942932 ], [ 11.116974, 48.0942678 ], [ 11.1170655, 48.0942656 ], [ 11.117317, 48.0942805 ], [ 11.1173082, 48.0945011 ], [ 11.1172575, 48.0954162 ], [ 11.1173187, 48.0954331 ], [ 11.1173997, 48.0954622 ], [ 11.1175238, 48.0954654 ], [ 11.1177734, 48.0955058 ], [ 11.117978, 48.0955964 ], [ 11.1180345, 48.0957258 ], [ 11.1180679, 48.0958021 ], [ 11.1180759, 48.0958207 ], [ 11.1181469, 48.0958818 ], [ 11.1182654, 48.0960404 ], [ 11.1183391, 48.0962022 ], [ 11.1184534, 48.0964169 ], [ 11.11888, 48.0963878 ], [ 11.1194462, 48.0964027 ], [ 11.1194845, 48.0963997 ], [ 11.1201608, 48.0963932 ], [ 11.1208446, 48.0963787 ], [ 11.1211043, 48.0957985 ], [ 11.1211095, 48.095787 ], [ 11.1213813, 48.0950266 ], [ 11.1232531, 48.0950098 ], [ 11.1232913, 48.0950009 ], [ 11.1233246, 48.094985 ], [ 11.1233503, 48.0949634 ], [ 11.1233668, 48.0949375 ], [ 11.1233698, 48.0949237 ], [ 11.124009, 48.094889 ], [ 11.1262042, 48.0948396 ], [ 11.127761, 48.0948335 ], [ 11.1279384, 48.0948328 ], [ 11.1286753, 48.0948327 ], [ 11.1304327, 48.0950084 ], [ 11.1317948, 48.0950741 ], [ 11.1318672, 48.0958277 ], [ 11.1318609, 48.0966222 ], [ 11.132532, 48.096783 ], [ 11.1327356, 48.0968053 ], [ 11.133369, 48.0968334 ], [ 11.1337678, 48.0968713 ], [ 11.1342621, 48.0969242 ], [ 11.1352693, 48.0969824 ], [ 11.1356241, 48.097061 ], [ 11.1357365, 48.0971251 ], [ 11.1358408, 48.0971787 ], [ 11.1358778, 48.097204 ], [ 11.1359886, 48.0972795 ], [ 11.136102, 48.0973622 ], [ 11.1359593, 48.0973882 ], [ 11.1353345, 48.0975446 ], [ 11.135114, 48.0976354 ], [ 11.1347442, 48.0977981 ], [ 11.134482, 48.0980478 ], [ 11.1342625, 48.0984391 ], [ 11.1340118, 48.0987528 ], [ 11.1336998, 48.0990787 ], [ 11.1336774, 48.0991041 ], [ 11.1336321, 48.0991454 ], [ 11.1334004, 48.099376 ], [ 11.1333221, 48.0994802 ], [ 11.1333114, 48.0995569 ], [ 11.133337, 48.0996336 ], [ 11.1333996, 48.0997274 ], [ 11.1335406, 48.0998752 ], [ 11.1336913, 48.0999785 ], [ 11.1340756, 48.100155 ], [ 11.1343632, 48.1002555 ], [ 11.135207, 48.1004936 ], [ 11.1353452, 48.100536 ], [ 11.1355228, 48.1005481 ], [ 11.1357908, 48.1005944 ], [ 11.1359558, 48.1006681 ], [ 11.136085, 48.1007434 ], [ 11.136208, 48.1008753 ], [ 11.1362398, 48.1009339 ], [ 11.1362536, 48.1009836 ], [ 11.1362566, 48.1010072 ], [ 11.1362303, 48.1011128 ], [ 11.1359519, 48.1015846 ], [ 11.1359203, 48.1017168 ], [ 11.1359282, 48.1018786 ], [ 11.1359983, 48.1022049 ], [ 11.1360339, 48.1022756 ], [ 11.1363443, 48.1025316 ], [ 11.1365657, 48.1027852 ], [ 11.1365735, 48.1027994 ], [ 11.1366423, 48.1030795 ], [ 11.1365668, 48.1034434 ], [ 11.1365697, 48.1035329 ], [ 11.1366392, 48.1036636 ], [ 11.136781, 48.1037585 ], [ 11.1374628, 48.1039702 ], [ 11.1378132, 48.1041256 ], [ 11.1381374, 48.1043629 ], [ 11.1386214, 48.1048306 ], [ 11.1388519, 48.1051495 ], [ 11.1390613, 48.1055347 ], [ 11.139228, 48.1058411 ], [ 11.1394045, 48.1060897 ], [ 11.1395269, 48.1062621 ], [ 11.1397803, 48.1064243 ], [ 11.1402787, 48.1066302 ], [ 11.1402973, 48.1066417 ], [ 11.1405287, 48.1068427 ], [ 11.1405974, 48.1069486 ], [ 11.1406328, 48.107106 ], [ 11.1406434, 48.1075542 ], [ 11.140679, 48.1077676 ], [ 11.1408029, 48.10795 ], [ 11.1410885, 48.1081843 ], [ 11.1415528, 48.1085019 ], [ 11.1419959, 48.1088608 ], [ 11.1425296, 48.1091783 ], [ 11.1425773, 48.109215 ], [ 11.14274, 48.1091434 ], [ 11.1429903, 48.1090332 ], [ 11.1434906, 48.1088655 ], [ 11.1447396, 48.1083937 ], [ 11.1457204, 48.1080566 ], [ 11.1459823, 48.1079666 ], [ 11.1467109, 48.1084119 ], [ 11.1467619, 48.108443 ], [ 11.1473443, 48.10877 ], [ 11.1477741, 48.1090631 ], [ 11.1479222, 48.109154 ], [ 11.1481897, 48.1092717 ], [ 11.1483317, 48.1094056 ], [ 11.1493516, 48.1105136 ], [ 11.1499907, 48.1111186 ], [ 11.1504457, 48.1109855 ], [ 11.1504691, 48.1109855 ], [ 11.1508618, 48.1109827 ], [ 11.1510707, 48.1109365 ], [ 11.1513368, 48.1107647 ], [ 11.1515943, 48.1105765 ], [ 11.1518604, 48.1101042 ], [ 11.1518777, 48.1095642 ], [ 11.1520104, 48.1092468 ], [ 11.151973, 48.1089233 ], [ 11.1516724, 48.1087082 ], [ 11.1514541, 48.1085757 ], [ 11.1512157, 48.108702 ], [ 11.1510163, 48.1087313 ], [ 11.1507374, 48.1088047 ], [ 11.1506621, 48.1087509 ], [ 11.1505831, 48.1085876 ], [ 11.1506076, 48.1084269 ], [ 11.1506091, 48.1081966 ], [ 11.1505936, 48.1079657 ], [ 11.1504708, 48.1078185 ], [ 11.1502398, 48.1075879 ], [ 11.1501317, 48.1073087 ], [ 11.1500914, 48.1070484 ], [ 11.1502034, 48.1068555 ], [ 11.150255, 48.106661 ], [ 11.1506178, 48.1066416 ], [ 11.150936, 48.10653 ], [ 11.1512131, 48.1064326 ], [ 11.1521007, 48.1061786 ], [ 11.1527956, 48.1059848 ], [ 11.1526618, 48.1055261 ], [ 11.1526176, 48.1047544 ], [ 11.1526163, 48.1046827 ], [ 11.1532279, 48.1046032 ], [ 11.1531648, 48.1047331 ], [ 11.1531733, 48.1050648 ], [ 11.1533083, 48.1053456 ], [ 11.1534542, 48.1054709 ], [ 11.1537499, 48.1056161 ], [ 11.1543393, 48.1055937 ], [ 11.1546461, 48.1054671 ], [ 11.1546976, 48.1054941 ], [ 11.1550691, 48.1056885 ], [ 11.1552513, 48.1057803 ], [ 11.1554262, 48.1058682 ], [ 11.1553439, 48.1059762 ], [ 11.1553797, 48.1061096 ], [ 11.1554562, 48.1062783 ], [ 11.1555852, 48.1064192 ], [ 11.1558804, 48.1066439 ], [ 11.1560085, 48.106802 ], [ 11.155969, 48.1069108 ], [ 11.1559561, 48.1070193 ], [ 11.1561074, 48.1069819 ], [ 11.1567027, 48.1068483 ], [ 11.1568653, 48.1068428 ], [ 11.1570125, 48.1068379 ], [ 11.1570751, 48.1068457 ], [ 11.1571264, 48.1068633 ], [ 11.157169, 48.1068891 ], [ 11.1572025, 48.1069392 ], [ 11.1572293, 48.1069886 ], [ 11.157273, 48.1070956 ], [ 11.1573556, 48.1071584 ], [ 11.1575259, 48.1072742 ], [ 11.1577881, 48.1074621 ], [ 11.1580539, 48.107691 ], [ 11.1582347, 48.1078734 ], [ 11.1583936, 48.1080994 ], [ 11.1584739, 48.1083018 ], [ 11.1585542, 48.1083773 ], [ 11.1587616, 48.1083442 ], [ 11.1590301, 48.1084539 ], [ 11.159451, 48.1085864 ], [ 11.1599144, 48.1087246 ], [ 11.1604493, 48.1087843 ], [ 11.160881, 48.1087914 ], [ 11.1612368, 48.108986 ], [ 11.1614078, 48.1091464 ], [ 11.161429, 48.1090491 ], [ 11.1617942, 48.1085327 ], [ 11.1618251, 48.1084807 ], [ 11.1618752, 48.1083851 ], [ 11.1622954, 48.1069593 ], [ 11.1625747, 48.1069619 ], [ 11.1633944, 48.1069922 ], [ 11.1638637, 48.1073166 ], [ 11.1642156, 48.1076087 ], [ 11.1648667, 48.1074155 ], [ 11.1653468, 48.1072964 ], [ 11.166062, 48.1071344 ], [ 11.1665198, 48.1071497 ], [ 11.1667962, 48.1071463 ], [ 11.1669914, 48.1070169 ], [ 11.1675743, 48.1066417 ], [ 11.1677082, 48.1062711 ], [ 11.1676417, 48.1060183 ], [ 11.1675489, 48.1058054 ], [ 11.1676519, 48.1055154 ], [ 11.1677998, 48.1051595 ], [ 11.1678077, 48.104836 ], [ 11.167877, 48.1044961 ], [ 11.1680334, 48.104146 ], [ 11.1681761, 48.1038977 ], [ 11.1668988, 48.1023921 ], [ 11.1669028, 48.1023722 ], [ 11.16747, 48.101614 ], [ 11.1676646, 48.1014843 ], [ 11.1678353, 48.1010755 ], [ 11.1687543, 48.1010378 ], [ 11.169178, 48.1010136 ], [ 11.1693227, 48.1010053 ], [ 11.1693237, 48.1010216 ], [ 11.1692463, 48.1013933 ], [ 11.1691814, 48.1015844 ], [ 11.1691643, 48.1017976 ], [ 11.1690789, 48.1021718 ], [ 11.1694358, 48.1022266 ], [ 11.1698973, 48.1022344 ], [ 11.1707304, 48.1022093 ], [ 11.1707649, 48.1021543 ], [ 11.1710616, 48.1021591 ], [ 11.1718893, 48.1021261 ], [ 11.172531, 48.1020838 ], [ 11.1729711, 48.1020583 ], [ 11.1742753, 48.1019981 ], [ 11.1752132, 48.1019598 ], [ 11.1753688, 48.1019548 ], [ 11.1763069, 48.1019886 ], [ 11.1765136, 48.1020035 ], [ 11.1749647, 48.1040392 ], [ 11.1755927, 48.1041229 ], [ 11.175721, 48.1041109 ], [ 11.1760033, 48.1040656 ], [ 11.1768452, 48.1039551 ], [ 11.1778063, 48.1038513 ], [ 11.1785705, 48.1037417 ], [ 11.1787307, 48.1037273 ], [ 11.1790892, 48.1036981 ], [ 11.1794606, 48.1036768 ], [ 11.1810888, 48.1021213 ], [ 11.1821001, 48.1011797 ], [ 11.1797364, 48.1000613 ], [ 11.1797085, 48.0999883 ], [ 11.1798014, 48.0998863 ], [ 11.1802786, 48.1000146 ], [ 11.1807879, 48.0999078 ], [ 11.1813984, 48.099837 ], [ 11.181678, 48.0998523 ], [ 11.1822285, 48.0998527 ], [ 11.1824588, 48.0996009 ], [ 11.1825909, 48.0995151 ], [ 11.1828164, 48.0993734 ], [ 11.1831122, 48.0993391 ], [ 11.1831214, 48.0993429 ], [ 11.1843464, 48.0993765 ], [ 11.1844645, 48.0994705 ], [ 11.1846171, 48.0996155 ], [ 11.1847681, 48.0996114 ], [ 11.1847645, 48.0995284 ], [ 11.1847765, 48.0993693 ], [ 11.1848626, 48.0990988 ], [ 11.1849926, 48.098821 ], [ 11.1851023, 48.0984154 ], [ 11.1852232, 48.0980166 ], [ 11.1853987, 48.0975709 ], [ 11.1856965, 48.0970451 ], [ 11.1859812, 48.0968442 ], [ 11.1866091, 48.0969757 ], [ 11.188157, 48.0974457 ], [ 11.1883583, 48.0975142 ], [ 11.1885578, 48.0975434 ], [ 11.1885875, 48.0975438 ], [ 11.1890976, 48.0976086 ], [ 11.1903628, 48.0977933 ], [ 11.1908366, 48.0985199 ], [ 11.1914228, 48.0982997 ], [ 11.1923104, 48.0988026 ], [ 11.1926364, 48.0986211 ], [ 11.1927348, 48.0985725 ], [ 11.1935944, 48.0981485 ], [ 11.1935518, 48.0983845 ], [ 11.1935275, 48.098519 ], [ 11.1940001, 48.0986479 ], [ 11.1943135, 48.0987352 ], [ 11.19456, 48.0988099 ], [ 11.1945178, 48.0989075 ], [ 11.1944067, 48.0991038 ], [ 11.1943926, 48.0991956 ], [ 11.1942594, 48.099732 ], [ 11.1940082, 48.0997136 ], [ 11.1937555, 48.0997001 ], [ 11.1936734, 48.0999708 ], [ 11.1936088, 48.1001507 ], [ 11.1935186, 48.1003511 ], [ 11.1934535, 48.1005055 ], [ 11.19315, 48.1010741 ], [ 11.1931298, 48.1011165 ], [ 11.1929845, 48.1014578 ], [ 11.1932313, 48.1014932 ], [ 11.1934443, 48.1015257 ], [ 11.1938617, 48.1016557 ], [ 11.1944756, 48.1020236 ], [ 11.1947724, 48.102296 ], [ 11.19491, 48.10243 ], [ 11.1949466, 48.1026119 ], [ 11.1948976, 48.1028368 ], [ 11.1949028, 48.1030741 ], [ 11.1949529, 48.1031437 ], [ 11.1952876, 48.1031418 ], [ 11.195302, 48.1034295 ], [ 11.1956126, 48.1035437 ], [ 11.195773, 48.1037817 ], [ 11.195696, 48.1040729 ], [ 11.1956217, 48.104176 ], [ 11.1955089, 48.1042926 ], [ 11.1956402, 48.104377 ], [ 11.1964387, 48.1048846 ], [ 11.197114, 48.1052953 ], [ 11.1982456, 48.1060134 ], [ 11.1987428, 48.1063605 ], [ 11.1990451, 48.1066067 ], [ 11.1994121, 48.1069115 ], [ 11.1997039, 48.1071518 ], [ 11.2001006, 48.1075518 ], [ 11.2001201, 48.1076269 ], [ 11.1999912, 48.1077682 ], [ 11.1998922, 48.1079608 ], [ 11.200098, 48.1079952 ], [ 11.2002253, 48.1080223 ], [ 11.2004428, 48.1081445 ], [ 11.2005378, 48.1083579 ], [ 11.2010913, 48.1085591 ], [ 11.2016204, 48.1086505 ], [ 11.2015697, 48.1087554 ], [ 11.2014024, 48.1091951 ], [ 11.2017006, 48.10939 ], [ 11.2018191, 48.109551 ], [ 11.2018647, 48.1097816 ], [ 11.2015256, 48.1099087 ], [ 11.2011968, 48.1099554 ], [ 11.2007019, 48.1100257 ], [ 11.2003233, 48.1101504 ], [ 11.1998789, 48.1103052 ], [ 11.1998772, 48.1104148 ], [ 11.1997059, 48.1105216 ], [ 11.1996485, 48.1105406 ], [ 11.1996178, 48.1105556 ], [ 11.1993809, 48.1107211 ], [ 11.1993046, 48.1107743 ], [ 11.1991494, 48.1109449 ], [ 11.198994, 48.1111685 ], [ 11.1989146, 48.1113017 ], [ 11.1988095, 48.1115176 ], [ 11.1987459, 48.1117091 ], [ 11.1986632, 48.1119419 ], [ 11.1986015, 48.1121699 ], [ 11.1988078, 48.1122343 ], [ 11.1990623, 48.1123068 ], [ 11.1993928, 48.1123932 ], [ 11.1998493, 48.1125319 ], [ 11.2005714, 48.11274 ], [ 11.2008477, 48.1129007 ], [ 11.2009026, 48.1129329 ], [ 11.2011709, 48.1131035 ], [ 11.2012292, 48.1131616 ], [ 11.2013753, 48.1132711 ], [ 11.2015555, 48.1134142 ], [ 11.2017417, 48.1135804 ], [ 11.2019469, 48.1137339 ], [ 11.2022548, 48.1139553 ], [ 11.2024076, 48.1140291 ], [ 11.2025335, 48.1140792 ], [ 11.202694, 48.114116 ], [ 11.2029059, 48.1141716 ], [ 11.2031589, 48.1142226 ], [ 11.2033891, 48.1142951 ], [ 11.2036414, 48.1143899 ], [ 11.2039854, 48.1144968 ], [ 11.2042985, 48.1146406 ], [ 11.2045824, 48.1147628 ], [ 11.2047747, 48.1148747 ], [ 11.2049177, 48.1149881 ], [ 11.2051533, 48.1152619 ], [ 11.2052785, 48.1153564 ], [ 11.2055648, 48.1151508 ], [ 11.2058236, 48.1150205 ], [ 11.2061149, 48.1150508 ], [ 11.2062913, 48.1148897 ], [ 11.206508, 48.1146918 ], [ 11.206876, 48.1143441 ], [ 11.2070588, 48.1144483 ], [ 11.2074172, 48.1144044 ], [ 11.2078398, 48.1143082 ], [ 11.2079827, 48.1142757 ], [ 11.2082216, 48.1142551 ], [ 11.2085452, 48.1142272 ], [ 11.2089275, 48.1140895 ], [ 11.2091856, 48.114097 ], [ 11.2093926, 48.1140537 ], [ 11.2098763, 48.1139659 ], [ 11.2099914, 48.1139518 ], [ 11.2101368, 48.1138872 ], [ 11.2101754, 48.113678 ], [ 11.2102994, 48.113564 ], [ 11.2106513, 48.1133991 ], [ 11.2115535, 48.1131886 ], [ 11.2115954, 48.1132146 ], [ 11.2116511, 48.1132491 ], [ 11.2118002, 48.1133662 ], [ 11.211881, 48.1134615 ], [ 11.2119693, 48.1135653 ], [ 11.2124257, 48.1140495 ], [ 11.2128674, 48.1145178 ], [ 11.2137005, 48.1142356 ], [ 11.2144532, 48.1140573 ], [ 11.2152757, 48.1139018 ], [ 11.215973, 48.1138753 ], [ 11.216045, 48.1138972 ], [ 11.2164956, 48.1140342 ], [ 11.2166531, 48.1141074 ], [ 11.2169688, 48.1142581 ], [ 11.2171733, 48.1143963 ], [ 11.2168779, 48.1146743 ], [ 11.2167734, 48.1149221 ], [ 11.2166195, 48.1149145 ], [ 11.2164661, 48.1149072 ], [ 11.216324, 48.114914 ], [ 11.2159674, 48.1152188 ], [ 11.2156788, 48.1154842 ], [ 11.2156486, 48.1155189 ], [ 11.2155262, 48.1156596 ], [ 11.2153557, 48.1159259 ], [ 11.2142174, 48.1156012 ], [ 11.2140012, 48.1157493 ], [ 11.2137096, 48.1158061 ], [ 11.2133998, 48.1164603 ], [ 11.2131862, 48.1168471 ], [ 11.212314, 48.1169122 ], [ 11.2121098, 48.1168321 ], [ 11.2119959, 48.1166075 ], [ 11.2114259, 48.1162933 ], [ 11.2110642, 48.1161572 ], [ 11.2105152, 48.1163656 ], [ 11.2103017, 48.1161402 ], [ 11.2095158, 48.1165041 ], [ 11.2096849, 48.1166764 ], [ 11.2093849, 48.1170079 ], [ 11.2096686, 48.1172561 ], [ 11.2098081, 48.1173845 ], [ 11.2102039, 48.1178255 ], [ 11.2104088, 48.1179554 ], [ 11.2106511, 48.1181194 ], [ 11.2108714, 48.1182488 ], [ 11.211014, 48.118338 ], [ 11.2116407, 48.1187353 ], [ 11.2117514, 48.118805 ], [ 11.2122317, 48.1190784 ], [ 11.2124964, 48.1192096 ], [ 11.2128151, 48.1194039 ], [ 11.2130813, 48.119553 ], [ 11.2132312, 48.119655 ], [ 11.2133731, 48.1196854 ], [ 11.2134472, 48.1197162 ], [ 11.2135369, 48.1196335 ], [ 11.2136265, 48.1195507 ], [ 11.213774, 48.1196122 ], [ 11.2138154, 48.1196241 ], [ 11.2144146, 48.1196237 ], [ 11.2147635, 48.1195888 ], [ 11.2154446, 48.1198279 ], [ 11.2155183, 48.1198607 ], [ 11.2158171, 48.1199936 ], [ 11.2159378, 48.1200535 ], [ 11.2160587, 48.1201135 ], [ 11.2161317, 48.1201586 ], [ 11.2163076, 48.1202772 ], [ 11.2165197, 48.1204386 ], [ 11.2168442, 48.1206251 ], [ 11.2176378, 48.1209098 ], [ 11.2178253, 48.1209675 ], [ 11.2178725, 48.1210933 ], [ 11.2179557, 48.121296 ], [ 11.2176384, 48.1219768 ], [ 11.2183961, 48.1223739 ], [ 11.2188862, 48.1223539 ], [ 11.2198228, 48.1223157 ], [ 11.219996, 48.1223086 ], [ 11.2202803, 48.122529 ], [ 11.2205477, 48.1227055 ], [ 11.2210792, 48.123023 ], [ 11.2215866, 48.1230191 ], [ 11.2224902, 48.1230343 ], [ 11.2229412, 48.1230687 ], [ 11.2230903, 48.12308 ], [ 11.2230361, 48.1232847 ], [ 11.2230216, 48.1234597 ], [ 11.2230484, 48.1236533 ], [ 11.2233369, 48.1236921 ], [ 11.2242307, 48.1238187 ], [ 11.2247703, 48.1238355 ], [ 11.225129, 48.1238369 ], [ 11.2254167, 48.1237826 ], [ 11.2258493, 48.1236135 ], [ 11.2258929, 48.1237147 ], [ 11.2260978, 48.1241908 ], [ 11.2260741, 48.1242607 ], [ 11.2260479, 48.1244323 ], [ 11.2260095, 48.1245821 ], [ 11.2258168, 48.125003 ], [ 11.2257292, 48.1251761 ], [ 11.2256898, 48.125227 ], [ 11.225682, 48.1252476 ], [ 11.2256678, 48.1256568 ], [ 11.2257979, 48.1260105 ], [ 11.2260123, 48.1263749 ], [ 11.2263177, 48.126775 ], [ 11.2266073, 48.1273282 ], [ 11.2266595, 48.1273997 ], [ 11.2268571, 48.1274403 ], [ 11.227651, 48.1276035 ], [ 11.2277374, 48.127612 ], [ 11.2285838, 48.1276951 ], [ 11.2292944, 48.1275097 ], [ 11.2296311, 48.1274218 ], [ 11.2303006, 48.1272801 ], [ 11.2310528, 48.127227 ], [ 11.2315274, 48.1271621 ], [ 11.2318748, 48.1270534 ], [ 11.2321704, 48.1268807 ], [ 11.2328013, 48.1265531 ], [ 11.2336019, 48.1264296 ], [ 11.2337609, 48.1264559 ], [ 11.2339732, 48.126491 ], [ 11.2342162, 48.1275873 ], [ 11.2342099, 48.1276155 ], [ 11.2341763, 48.127764 ], [ 11.2340779, 48.1278115 ], [ 11.2340835, 48.1278523 ], [ 11.2335966, 48.1283226 ], [ 11.2335295, 48.1284104 ], [ 11.2335065, 48.1285523 ], [ 11.2336428, 48.1285979 ], [ 11.2336636, 48.1286081 ], [ 11.2338775, 48.1287614 ], [ 11.2340902, 48.1289212 ], [ 11.2341838, 48.1289787 ], [ 11.2343214, 48.12905 ], [ 11.2344867, 48.1290918 ], [ 11.2350577, 48.1291595 ], [ 11.2354153, 48.1291696 ], [ 11.2356664, 48.1291406 ], [ 11.2359835, 48.1290317 ], [ 11.2362042, 48.1289636 ], [ 11.2365843, 48.1289458 ], [ 11.236847, 48.128944 ], [ 11.236992, 48.1289351 ], [ 11.2379108, 48.128444 ], [ 11.238025, 48.1284418 ], [ 11.2389254, 48.1286161 ], [ 11.2395038, 48.1287376 ], [ 11.2399716, 48.1288636 ], [ 11.240322, 48.1290099 ], [ 11.2405413, 48.1291524 ], [ 11.2406489, 48.1292221 ], [ 11.2409159, 48.1294726 ], [ 11.2411368, 48.1296808 ], [ 11.2413016, 48.1299362 ], [ 11.2414248, 48.1301733 ], [ 11.2415951, 48.1304107 ], [ 11.2420177, 48.1304606 ], [ 11.2425112, 48.1304822 ], [ 11.2425961, 48.1305668 ], [ 11.2426843, 48.1309663 ], [ 11.2426178, 48.1312203 ], [ 11.2423011, 48.1317063 ], [ 11.2422298, 48.132018 ], [ 11.2426925, 48.132004 ], [ 11.2431604, 48.1319166 ], [ 11.2436225, 48.131938 ], [ 11.2440508, 48.1318621 ], [ 11.2448209, 48.1314604 ], [ 11.244905, 48.1314346 ], [ 11.244961, 48.1313909 ], [ 11.2453596, 48.1314421 ], [ 11.2455564, 48.1314673 ], [ 11.2458708, 48.1316694 ], [ 11.2461626, 48.1319744 ], [ 11.2462906, 48.1322102 ], [ 11.2464659, 48.1324535 ], [ 11.2467635, 48.1327871 ], [ 11.2468462, 48.1328628 ], [ 11.2475134, 48.1334735 ], [ 11.2475846, 48.1335387 ], [ 11.2478032, 48.1336457 ], [ 11.2478448, 48.1336633 ], [ 11.248479, 48.1338243 ], [ 11.2490503, 48.1339391 ], [ 11.2495568, 48.1341549 ], [ 11.2496781, 48.1343253 ], [ 11.2501577, 48.1344593 ], [ 11.250466, 48.1345633 ], [ 11.2505061, 48.1345992 ], [ 11.25082, 48.1348881 ], [ 11.2515578, 48.1355673 ], [ 11.2521203, 48.1353908 ], [ 11.2521619, 48.1353774 ], [ 11.2524803, 48.1352857 ], [ 11.2525687, 48.1352575 ], [ 11.2527547, 48.1351889 ], [ 11.2529913, 48.1351284 ], [ 11.253019, 48.1351251 ], [ 11.2531241, 48.1351258 ], [ 11.2532665, 48.1350849 ], [ 11.253586, 48.1350054 ], [ 11.2539258, 48.1349451 ], [ 11.2542222, 48.1349223 ], [ 11.2547034, 48.1348697 ], [ 11.2548664, 48.1348475 ], [ 11.2567247, 48.1345485 ], [ 11.2577597, 48.1344042 ], [ 11.2577991, 48.1343988 ], [ 11.2581231, 48.1343345 ], [ 11.2583768, 48.1342841 ], [ 11.2589521, 48.1341498 ], [ 11.259235, 48.1340472 ], [ 11.2598394, 48.1338184 ], [ 11.2600423, 48.1340222 ], [ 11.2601622, 48.1340948 ], [ 11.260282, 48.1341673 ], [ 11.2602824, 48.1343133 ], [ 11.2604429, 48.1347037 ], [ 11.2604521, 48.134808 ], [ 11.2605055, 48.1350806 ], [ 11.2605785, 48.1353366 ], [ 11.260636, 48.1360153 ], [ 11.2622843, 48.1362936 ], [ 11.2626914, 48.1363296 ], [ 11.2633614, 48.1363656 ], [ 11.2640098, 48.1363841 ], [ 11.2641753, 48.1363693 ], [ 11.2643827, 48.1363314 ], [ 11.2651268, 48.1360279 ], [ 11.2656539, 48.1357971 ], [ 11.2658607, 48.1357139 ], [ 11.2661739, 48.135645 ], [ 11.2664244, 48.1356087 ], [ 11.2670994, 48.1355408 ], [ 11.2673019, 48.135533 ], [ 11.2676527, 48.1355117 ], [ 11.2676604, 48.1355141 ], [ 11.2678711, 48.135272 ], [ 11.2685757, 48.1352507 ], [ 11.269373, 48.1351813 ], [ 11.2699091, 48.1351172 ], [ 11.2703178, 48.1351004 ], [ 11.2705725, 48.1351407 ], [ 11.27078, 48.1351931 ], [ 11.2713036, 48.1353766 ], [ 11.2724809, 48.1358592 ], [ 11.2726303, 48.1359123 ], [ 11.2727391, 48.1359352 ], [ 11.2728242, 48.1359373 ], [ 11.2729326, 48.1359112 ], [ 11.2731495, 48.1358295 ], [ 11.2735571, 48.136006 ], [ 11.2737616, 48.1360929 ], [ 11.2745726, 48.1364374 ], [ 11.2747111, 48.136172 ], [ 11.2748541, 48.1362362 ], [ 11.2749295, 48.1360348 ], [ 11.2753622, 48.1348799 ], [ 11.2754304, 48.1346977 ], [ 11.2743702, 48.1342494 ], [ 11.2734216, 48.1338484 ], [ 11.2734471, 48.1326707 ], [ 11.2734501, 48.1325602 ], [ 11.2737133, 48.1314278 ], [ 11.2742009, 48.1310752 ], [ 11.2744183, 48.1308903 ], [ 11.2750397, 48.1302696 ], [ 11.2767388, 48.1307749 ], [ 11.2777444, 48.1310026 ], [ 11.2789462, 48.1312212 ], [ 11.2794292, 48.1300709 ], [ 11.2794726, 48.1299936 ], [ 11.27951, 48.1299271 ], [ 11.279591, 48.1297362 ], [ 11.2796491, 48.1295289 ], [ 11.2804496, 48.1297073 ], [ 11.2810029, 48.129792 ], [ 11.2813918, 48.1298272 ], [ 11.2821326, 48.1299271 ], [ 11.2821497, 48.1299308 ], [ 11.2823961, 48.1299845 ], [ 11.2826664, 48.1300488 ], [ 11.2829888, 48.1301482 ], [ 11.2833077, 48.13025 ], [ 11.2839713, 48.130521 ], [ 11.2842356, 48.1306131 ], [ 11.2845777, 48.1306895 ], [ 11.2849093, 48.1307428 ], [ 11.2849684, 48.1307486 ], [ 11.2852334, 48.1307751 ], [ 11.2855127, 48.1307862 ], [ 11.2858213, 48.1307511 ], [ 11.285981, 48.1307383 ], [ 11.286251, 48.1307841 ], [ 11.2866171, 48.1308606 ], [ 11.2872433, 48.1310028 ], [ 11.2879896, 48.1311871 ], [ 11.2890717, 48.1303604 ], [ 11.2909162, 48.1291371 ], [ 11.2921953, 48.1283059 ], [ 11.2923096, 48.1282316 ], [ 11.2924433, 48.1281464 ], [ 11.2925134, 48.1280991 ], [ 11.2926466, 48.1280121 ], [ 11.2926892, 48.1280494 ], [ 11.2928076, 48.1281787 ], [ 11.2931928, 48.1284613 ], [ 11.2936903, 48.1287888 ], [ 11.2940944, 48.1290574 ], [ 11.2953761, 48.1283901 ], [ 11.29562, 48.1285761 ], [ 11.2957736, 48.1286933 ], [ 11.2957873, 48.1287037 ], [ 11.2981717, 48.1279968 ], [ 11.2984542, 48.1276014 ], [ 11.298817, 48.1269929 ], [ 11.2991221, 48.1269225 ], [ 11.2995819, 48.1270171 ], [ 11.3000985, 48.1272633 ], [ 11.3007714, 48.1275631 ], [ 11.3010078, 48.1276567 ], [ 11.3011436, 48.1274044 ], [ 11.3016584, 48.1272104 ], [ 11.302076, 48.1269365 ], [ 11.3025979, 48.1264851 ], [ 11.3036892, 48.1269442 ], [ 11.30405, 48.1271126 ], [ 11.3043641, 48.1272124 ], [ 11.3044065, 48.1270676 ], [ 11.3044386, 48.1267212 ], [ 11.3044149, 48.1261314 ], [ 11.3040792, 48.1260181 ], [ 11.3038276, 48.1259697 ], [ 11.3038569, 48.1258734 ], [ 11.3044871, 48.1238594 ], [ 11.3046374, 48.123476 ], [ 11.3047309, 48.123298 ], [ 11.3048118, 48.1231597 ], [ 11.304864, 48.1230622 ], [ 11.3048799, 48.1230646 ], [ 11.3049619, 48.1229819 ], [ 11.3051847, 48.1227772 ], [ 11.3052859, 48.1226514 ], [ 11.3052989, 48.1225275 ], [ 11.3052165, 48.1223285 ], [ 11.3051988, 48.1221906 ], [ 11.3052458, 48.1220856 ], [ 11.3053976, 48.1219039 ], [ 11.3055497, 48.1217924 ], [ 11.3056407, 48.1216853 ], [ 11.3056876, 48.1215826 ], [ 11.3057311, 48.1214403 ], [ 11.3057568, 48.1211716 ], [ 11.305819, 48.1207091 ], [ 11.3058881, 48.1202911 ], [ 11.3059679, 48.1199641 ], [ 11.3061159, 48.1194637 ], [ 11.3061136, 48.1193815 ], [ 11.3085375, 48.119321 ], [ 11.3085811, 48.1191738 ], [ 11.3086285, 48.1190284 ], [ 11.3071797, 48.1190627 ], [ 11.3069288, 48.1190687 ], [ 11.3073943, 48.1177691 ], [ 11.3075658, 48.1177856 ], [ 11.3092106, 48.1179429 ], [ 11.3094428, 48.1179634 ], [ 11.3094713, 48.1178202 ], [ 11.3094906, 48.1176732 ], [ 11.3093147, 48.1176576 ], [ 11.3082637, 48.1175567 ], [ 11.3085062, 48.1168877 ], [ 11.309725, 48.1170178 ], [ 11.3107425, 48.1171027 ], [ 11.3116123, 48.1171768 ], [ 11.3116651, 48.1171814 ], [ 11.3121977, 48.1172526 ], [ 11.3123846, 48.1173147 ], [ 11.3124689, 48.1174036 ], [ 11.3125068, 48.1175228 ], [ 11.3124857, 48.1176253 ], [ 11.3124779, 48.1177238 ], [ 11.3124489, 48.1178681 ], [ 11.312442, 48.1179736 ], [ 11.3125921, 48.1179858 ], [ 11.3127393, 48.1179944 ], [ 11.3134126, 48.1178816 ], [ 11.3138864, 48.1178764 ], [ 11.3142425, 48.117884 ], [ 11.31421, 48.1176317 ], [ 11.3142329, 48.1174673 ], [ 11.3143075, 48.1170429 ], [ 11.3144124, 48.1162268 ], [ 11.3144528, 48.1158979 ], [ 11.3146079, 48.1153606 ], [ 11.3145522, 48.1152674 ], [ 11.3146816, 48.1152343 ], [ 11.3148941, 48.1152199 ], [ 11.3154154, 48.1151628 ], [ 11.3171554, 48.1149555 ], [ 11.318631, 48.1148103 ], [ 11.3189857, 48.1147546 ], [ 11.3192109, 48.114584 ], [ 11.3196328, 48.1142997 ], [ 11.3198001, 48.1142357 ], [ 11.3199452, 48.1142191 ], [ 11.3202979, 48.1142377 ], [ 11.3209293, 48.1143021 ], [ 11.3214169, 48.1143086 ], [ 11.3218258, 48.1142818 ], [ 11.3223823, 48.1142601 ], [ 11.3227801, 48.1142463 ], [ 11.3232451, 48.1142707 ], [ 11.3235312, 48.1143146 ], [ 11.3236773, 48.114337 ], [ 11.3241337, 48.1144171 ], [ 11.3241259, 48.1142858 ], [ 11.324222, 48.1141969 ], [ 11.3240976, 48.1131022 ], [ 11.3240892, 48.1128861 ], [ 11.3258666, 48.1132822 ], [ 11.3276216, 48.1136732 ], [ 11.328823, 48.1131135 ], [ 11.3290141, 48.1130523 ], [ 11.3301593, 48.1128103 ], [ 11.3306562, 48.1118857 ], [ 11.3309128, 48.1115734 ], [ 11.3310926, 48.1114346 ], [ 11.33156, 48.111101 ], [ 11.3317615, 48.1109566 ], [ 11.3319895, 48.1108203 ], [ 11.3320831, 48.1107435 ], [ 11.3326546, 48.1103562 ], [ 11.3327528, 48.1102787 ], [ 11.3328016, 48.110303 ], [ 11.332921, 48.110369 ], [ 11.3330667, 48.1104654 ], [ 11.3332176, 48.1105966 ], [ 11.3332816, 48.1106427 ], [ 11.3335129, 48.1107978 ], [ 11.3337357, 48.1109433 ], [ 11.3340869, 48.1111971 ], [ 11.3342254, 48.1112783 ], [ 11.3343211, 48.1113206 ], [ 11.3343394, 48.1113269 ], [ 11.3343345, 48.1113973 ], [ 11.3343394, 48.1114404 ], [ 11.3343491, 48.1115259 ], [ 11.3344196, 48.1117367 ], [ 11.3346478, 48.1117921 ], [ 11.334773, 48.1118225 ], [ 11.3348761, 48.1118476 ], [ 11.335202, 48.1121865 ], [ 11.3353274, 48.1119713 ], [ 11.3353394, 48.1119638 ], [ 11.3354993, 48.1118969 ], [ 11.3356127, 48.1118845 ], [ 11.3356712, 48.1118611 ], [ 11.3358021, 48.111732 ], [ 11.3357447, 48.1116754 ], [ 11.3364387, 48.1113922 ], [ 11.3386492, 48.1104071 ], [ 11.3403187, 48.1094808 ], [ 11.343334, 48.1078403 ], [ 11.3434612, 48.1076617 ], [ 11.3435172, 48.1075823 ], [ 11.3435741, 48.1075039 ], [ 11.3437062, 48.1073183 ], [ 11.3434842, 48.107144 ], [ 11.3431681, 48.1069051 ], [ 11.3432916, 48.1068871 ], [ 11.3446947, 48.1066668 ], [ 11.3455387, 48.1065621 ], [ 11.3457284, 48.1065375 ], [ 11.3466116, 48.1062941 ], [ 11.346964, 48.106222 ], [ 11.347472, 48.106121 ], [ 11.3481661, 48.1059932 ], [ 11.3485114, 48.105886 ], [ 11.348537, 48.1058743 ], [ 11.3486773, 48.1058109 ], [ 11.3486912, 48.105809 ], [ 11.349601, 48.1057253 ], [ 11.3505495, 48.1057036 ], [ 11.3509951, 48.1064511 ], [ 11.351352, 48.1070361 ], [ 11.3515743, 48.1074423 ], [ 11.3516156, 48.1075028 ], [ 11.3518327, 48.1074892 ], [ 11.3522119, 48.1074877 ], [ 11.3522513, 48.1074889 ], [ 11.3523701, 48.1074926 ], [ 11.3523724, 48.1075135 ], [ 11.3523588, 48.1076277 ], [ 11.3524937, 48.110144 ], [ 11.3525069, 48.1101769 ], [ 11.3525525, 48.1102627 ], [ 11.3525594, 48.1102934 ], [ 11.3524885, 48.1111384 ], [ 11.3531412, 48.1111502 ], [ 11.3532802, 48.1111527 ], [ 11.3534264, 48.1111554 ], [ 11.3535048, 48.1111545 ], [ 11.3537464, 48.1111529 ], [ 11.353882, 48.1111702 ], [ 11.3543539, 48.1112461 ], [ 11.3554794, 48.111427 ], [ 11.3564557, 48.1115225 ], [ 11.3570229, 48.111597 ], [ 11.3572132, 48.1115625 ], [ 11.3578181, 48.1113791 ], [ 11.3586598, 48.1112043 ], [ 11.3590411, 48.1111313 ], [ 11.3591446, 48.1111114 ], [ 11.3592921, 48.1111228 ], [ 11.3597166, 48.1111576 ], [ 11.3616738, 48.111607 ], [ 11.3620975, 48.1119566 ], [ 11.3624728, 48.1125095 ], [ 11.3625465, 48.1126515 ], [ 11.3627381, 48.1129994 ], [ 11.3628607, 48.1132181 ], [ 11.3628914, 48.1133004 ], [ 11.3630584, 48.1133837 ], [ 11.3633855, 48.1135536 ], [ 11.3639772, 48.1139125 ], [ 11.3645004, 48.1141684 ], [ 11.3649466, 48.1143965 ], [ 11.365074, 48.1144507 ], [ 11.3653615, 48.1145318 ], [ 11.3664953, 48.1146985 ], [ 11.366703, 48.1147329 ], [ 11.3667611, 48.1147408 ], [ 11.3670314, 48.1148354 ], [ 11.3671645, 48.1148933 ], [ 11.3672744, 48.1149455 ], [ 11.3674383, 48.1149807 ], [ 11.3680156, 48.1150965 ], [ 11.3686515, 48.1151272 ], [ 11.3691085, 48.115066 ], [ 11.3692749, 48.115101 ], [ 11.3693472, 48.1151162 ], [ 11.3700349, 48.1151951 ], [ 11.3708158, 48.1152611 ], [ 11.3710701, 48.1151874 ], [ 11.371221, 48.1150734 ], [ 11.3714325, 48.1149361 ], [ 11.3716695, 48.1146783 ], [ 11.3717754, 48.1145563 ], [ 11.3718633, 48.1144524 ], [ 11.3719016, 48.1144067 ], [ 11.3719326, 48.1143696 ], [ 11.3720649, 48.1142106 ], [ 11.3725256, 48.113635 ], [ 11.3730474, 48.1130775 ], [ 11.374386, 48.1122344 ], [ 11.3744523, 48.1121997 ], [ 11.3747602, 48.112064 ], [ 11.3750144, 48.1119071 ], [ 11.3769736, 48.1106718 ], [ 11.3783656, 48.1098198 ], [ 11.3784574, 48.1097573 ], [ 11.3785358, 48.109671 ], [ 11.3785358, 48.1096636 ], [ 11.3785619, 48.1096095 ], [ 11.378628, 48.1095061 ], [ 11.3788292, 48.1093129 ], [ 11.3790453, 48.1091323 ], [ 11.379194, 48.1090223 ], [ 11.3793579, 48.1089237 ], [ 11.3795836, 48.1088071 ], [ 11.3799055, 48.1086843 ], [ 11.3802472, 48.1085785 ], [ 11.3804167, 48.1085098 ], [ 11.3805834, 48.108409 ], [ 11.380781, 48.1082602 ], [ 11.380999, 48.1080892 ], [ 11.3810375, 48.108059 ], [ 11.3813569, 48.1077467 ], [ 11.381781, 48.1073076 ], [ 11.3820808, 48.1069622 ], [ 11.3821872, 48.1068717 ], [ 11.3824229, 48.1066994 ], [ 11.3824708, 48.1066772 ], [ 11.3825765, 48.1065976 ], [ 11.3826124, 48.10662 ], [ 11.3826939, 48.1066657 ], [ 11.3827866, 48.1067341 ], [ 11.3829533, 48.1068253 ], [ 11.3830738, 48.1069202 ], [ 11.3831736, 48.1069911 ], [ 11.3839994, 48.1076301 ], [ 11.3841745, 48.1077609 ], [ 11.3847983, 48.1081228 ], [ 11.3855949, 48.1087957 ], [ 11.3850347, 48.108945 ], [ 11.3840693, 48.1092356 ], [ 11.3835054, 48.1094837 ], [ 11.3832848, 48.1096776 ], [ 11.3829823, 48.1099904 ], [ 11.3828946, 48.1100797 ], [ 11.3831438, 48.1102978 ], [ 11.3835255, 48.1106324 ], [ 11.3845577, 48.1115668 ], [ 11.3851496, 48.1121308 ], [ 11.3855112, 48.1125324 ], [ 11.3859498, 48.1130943 ], [ 11.3858238, 48.1131876 ], [ 11.3854019, 48.1134445 ], [ 11.3855925, 48.1136566 ], [ 11.3856167, 48.1136831 ], [ 11.3858572, 48.1139116 ], [ 11.3859584, 48.1140223 ], [ 11.3860097, 48.1141054 ], [ 11.3861592, 48.1142521 ], [ 11.3862098, 48.1143112 ], [ 11.3862353, 48.1143374 ], [ 11.3867946, 48.1150819 ], [ 11.3871747, 48.1154841 ], [ 11.3875058, 48.1160876 ], [ 11.38778, 48.1163319 ], [ 11.3880149, 48.116541 ], [ 11.3886653, 48.1173427 ], [ 11.388919, 48.1176728 ], [ 11.3889932, 48.1177693 ], [ 11.389064, 48.1178719 ], [ 11.389138, 48.1179835 ], [ 11.3894048, 48.1183857 ], [ 11.3894866, 48.118492 ], [ 11.3897241, 48.1184399 ], [ 11.3902432, 48.1183116 ], [ 11.3904619, 48.1183039 ], [ 11.3911388, 48.1183184 ], [ 11.3911964, 48.1182636 ], [ 11.3912721, 48.1181917 ], [ 11.3913477, 48.11812 ], [ 11.3915429, 48.1179401 ], [ 11.3916389, 48.1178528 ], [ 11.3924422, 48.1177624 ], [ 11.392713, 48.1177177 ], [ 11.3932926, 48.1177082 ], [ 11.3932871, 48.1180617 ], [ 11.3936325, 48.1180659 ], [ 11.3941184, 48.1180633 ], [ 11.3943089, 48.1180218 ], [ 11.3947688, 48.1179592 ], [ 11.3951328, 48.1178777 ], [ 11.395475, 48.1177875 ], [ 11.3963426, 48.1174951 ], [ 11.396525, 48.117418 ], [ 11.3968957, 48.1172866 ], [ 11.3977836, 48.1170612 ], [ 11.3998265, 48.1167001 ], [ 11.3999608, 48.1167191 ], [ 11.4000425, 48.1167458 ], [ 11.400395, 48.116933 ], [ 11.4005894, 48.1170401 ], [ 11.4016098, 48.1177328 ], [ 11.4017392, 48.1176788 ], [ 11.4018844, 48.1176461 ], [ 11.4019871, 48.11773 ], [ 11.4020986, 48.117863 ], [ 11.4023666, 48.1181565 ], [ 11.4027326, 48.1185459 ], [ 11.4031004, 48.1189194 ], [ 11.4033572, 48.1191767 ], [ 11.4040511, 48.1197802 ], [ 11.4047971, 48.1203642 ], [ 11.4053979, 48.1208702 ], [ 11.4061145, 48.1214579 ], [ 11.406284, 48.1215864 ], [ 11.4067936, 48.1220173 ], [ 11.407658, 48.1227147 ], [ 11.407952, 48.1229492 ], [ 11.4094627, 48.1242439 ], [ 11.4095774, 48.1243495 ], [ 11.4098078, 48.1245827 ], [ 11.4103912, 48.1251727 ], [ 11.4112051, 48.1259415 ], [ 11.4120637, 48.1266764 ], [ 11.4128816, 48.127491 ], [ 11.4126814, 48.1275508 ], [ 11.4120802, 48.1273715 ], [ 11.411219, 48.1270443 ], [ 11.4100143, 48.1266337 ], [ 11.4089641, 48.1261967 ], [ 11.408172, 48.1260958 ], [ 11.4066689, 48.1259595 ], [ 11.4053336, 48.1258387 ], [ 11.4038308, 48.1256149 ], [ 11.4029318, 48.125448 ], [ 11.4022976, 48.1253264 ], [ 11.4022722, 48.1251677 ], [ 11.3945773, 48.1255071 ], [ 11.3944236, 48.1255105 ], [ 11.3942853, 48.1256635 ], [ 11.3930053, 48.1285263 ], [ 11.3907458, 48.1280443 ], [ 11.3896186, 48.1278656 ], [ 11.3887993, 48.1296105 ], [ 11.388724, 48.1297424 ], [ 11.3892142, 48.1310596 ], [ 11.3893202, 48.1310936 ], [ 11.3894039, 48.1314037 ], [ 11.3894068, 48.1315096 ], [ 11.3893863, 48.1316013 ], [ 11.3894088, 48.1316766 ], [ 11.3893203, 48.131926 ], [ 11.389187, 48.132321 ], [ 11.388975, 48.1329001 ], [ 11.3887205, 48.1328491 ], [ 11.3885113, 48.1334284 ], [ 11.3885519, 48.1334355 ], [ 11.3884807, 48.1336604 ], [ 11.3884441, 48.1337799 ], [ 11.3881907, 48.1345772 ], [ 11.3886071, 48.1347145 ], [ 11.389039, 48.1348704 ], [ 11.3892461, 48.1349181 ], [ 11.3891701, 48.1351323 ], [ 11.3901684, 48.1354416 ], [ 11.3899751, 48.1359786 ], [ 11.3921849, 48.1366638 ], [ 11.3895295, 48.1412227 ], [ 11.3909819, 48.1417798 ], [ 11.3912725, 48.1418913 ], [ 11.390388, 48.143287 ], [ 11.390152, 48.143654 ], [ 11.3904737, 48.1437576 ], [ 11.3904512, 48.1437964 ], [ 11.3906327, 48.1438677 ], [ 11.3894055, 48.1457461 ], [ 11.3902615, 48.1459832 ], [ 11.3898522, 48.1467021 ], [ 11.389144, 48.1479327 ], [ 11.3883477, 48.1477722 ], [ 11.3881189, 48.1476971 ], [ 11.3872366, 48.1473301 ], [ 11.3866319, 48.1481517 ], [ 11.3860788, 48.1488993 ], [ 11.3855294, 48.1496533 ], [ 11.3845394, 48.1492381 ], [ 11.3842808, 48.1491283 ], [ 11.3840216, 48.1490191 ], [ 11.3840156, 48.1497672 ], [ 11.383642, 48.1497248 ], [ 11.3831771, 48.1496722 ], [ 11.3831446, 48.1502745 ], [ 11.3831176, 48.1505825 ], [ 11.3830843, 48.1514987 ], [ 11.3829774, 48.1524968 ], [ 11.3828857, 48.1530762 ], [ 11.3816694, 48.1533278 ], [ 11.3810594, 48.1534286 ], [ 11.380594, 48.1534831 ], [ 11.3795025, 48.1535352 ], [ 11.3795223, 48.1538312 ], [ 11.3787063, 48.1538277 ], [ 11.3782555, 48.153831 ], [ 11.3780394, 48.1538371 ], [ 11.3780223, 48.1532215 ], [ 11.377632, 48.1532531 ], [ 11.376996, 48.1533047 ], [ 11.3756188, 48.1533677 ], [ 11.3739109, 48.1535523 ], [ 11.3735834, 48.1541884 ], [ 11.3744215, 48.1540883 ], [ 11.3740809, 48.1549591 ], [ 11.3738626, 48.1555401 ], [ 11.3751552, 48.1554886 ], [ 11.3749147, 48.155983 ], [ 11.3738101, 48.1560417 ], [ 11.3732801, 48.1560903 ], [ 11.3719407, 48.1562949 ], [ 11.3708289, 48.1566437 ], [ 11.3698222, 48.15683 ], [ 11.3701059, 48.1572727 ], [ 11.369986, 48.157309 ], [ 11.3702689, 48.1577662 ], [ 11.3703328, 48.1577475 ], [ 11.3703666, 48.1578142 ], [ 11.3703434, 48.1578524 ], [ 11.3702663, 48.1578597 ], [ 11.3702468, 48.157973 ], [ 11.3703492, 48.1580501 ], [ 11.3704558, 48.1581098 ], [ 11.3705808, 48.1580641 ], [ 11.3706953, 48.1581386 ], [ 11.370894, 48.1580854 ], [ 11.3711086, 48.1581782 ], [ 11.3711951, 48.1584195 ], [ 11.3706925, 48.1584467 ], [ 11.3702682, 48.1585098 ], [ 11.368739, 48.1586119 ], [ 11.3672258, 48.1586746 ], [ 11.3666368, 48.1586617 ], [ 11.3660671, 48.158621 ], [ 11.3655317, 48.1585659 ], [ 11.3650686, 48.1585413 ], [ 11.3643944, 48.1585382 ], [ 11.3637494, 48.1584906 ], [ 11.3636336, 48.1584867 ], [ 11.3628231, 48.1583839 ], [ 11.3624365, 48.1583045 ], [ 11.3619435, 48.15823 ], [ 11.3610401, 48.1580862 ], [ 11.3608464, 48.1580595 ], [ 11.360777, 48.1580704 ], [ 11.3611133, 48.1586657 ], [ 11.3612284, 48.1588809 ], [ 11.3612515, 48.1589213 ], [ 11.3613127, 48.1590198 ], [ 11.3613732, 48.1591246 ], [ 11.361568, 48.1594586 ], [ 11.3616993, 48.1596909 ], [ 11.3617779, 48.159837 ], [ 11.3617953, 48.1598761 ], [ 11.3621088, 48.1609087 ], [ 11.3626417, 48.1626334 ], [ 11.3627063, 48.1628616 ], [ 11.3627591, 48.163022 ], [ 11.3627796, 48.1630295 ], [ 11.36277, 48.163048 ], [ 11.3636894, 48.1633125 ], [ 11.3639436, 48.1634077 ], [ 11.3641799, 48.1635112 ], [ 11.3643432, 48.1635874 ], [ 11.3648758, 48.1638889 ], [ 11.3651119, 48.1640759 ], [ 11.3654224, 48.1643455 ], [ 11.3655284, 48.1644768 ], [ 11.365646, 48.1646212 ], [ 11.365756, 48.1647833 ], [ 11.3658325, 48.1649132 ], [ 11.3660648, 48.1653575 ], [ 11.3662365, 48.1656796 ], [ 11.3665903, 48.1663215 ], [ 11.3667847, 48.1666784 ], [ 11.3670175, 48.167104 ], [ 11.3670762, 48.1672097 ], [ 11.367181, 48.1674345 ], [ 11.367385, 48.1677368 ], [ 11.3674261, 48.1677924 ], [ 11.3674599, 48.1678483 ], [ 11.367444, 48.1678582 ], [ 11.3674657, 48.1679004 ], [ 11.3675029, 48.1679653 ], [ 11.3675148, 48.1679852 ], [ 11.3675392, 48.1680311 ], [ 11.3675688, 48.1680869 ], [ 11.3675907, 48.1681231 ], [ 11.367631, 48.1681523 ], [ 11.3676555, 48.168145 ], [ 11.3678431, 48.1684747 ], [ 11.3679034, 48.168604 ], [ 11.3679751, 48.168773 ], [ 11.3680182, 48.1688714 ], [ 11.3680698, 48.1689501 ], [ 11.3680849, 48.1690237 ], [ 11.368298, 48.169446 ], [ 11.3683799, 48.1696775 ], [ 11.3684278, 48.1700369 ], [ 11.3684756, 48.170347 ], [ 11.3685134, 48.1704512 ], [ 11.3685113, 48.1705459 ], [ 11.3684888, 48.170584 ], [ 11.3685367, 48.1706459 ], [ 11.3685498, 48.1707898 ], [ 11.3686266, 48.1711332 ], [ 11.3686224, 48.1712754 ], [ 11.368658, 48.1714418 ], [ 11.3686774, 48.1715266 ], [ 11.3686784, 48.1716821 ], [ 11.3687529, 48.1719167 ], [ 11.3687487, 48.172019 ], [ 11.3688606, 48.1726736 ], [ 11.3691519, 48.1732645 ], [ 11.3693961, 48.1737436 ], [ 11.3694089, 48.1737937 ], [ 11.3694306, 48.1738165 ], [ 11.3695329, 48.1740176 ], [ 11.3696347, 48.1742276 ], [ 11.3696669, 48.174332 ], [ 11.3695753, 48.1746115 ], [ 11.3692982, 48.1754528 ], [ 11.3690279, 48.1763006 ], [ 11.369049, 48.1764125 ], [ 11.3691266, 48.1765327 ], [ 11.369843, 48.1771676 ], [ 11.3703154, 48.1775858 ], [ 11.3706665, 48.1778938 ], [ 11.3711004, 48.1782815 ], [ 11.3711875, 48.1783358 ], [ 11.3713056, 48.1783807 ], [ 11.3714597, 48.1784184 ], [ 11.3716001, 48.1784311 ], [ 11.3722332, 48.178437 ], [ 11.3734821, 48.1784539 ], [ 11.3736819, 48.1784768 ], [ 11.3737967, 48.1785053 ], [ 11.3741559, 48.178629 ], [ 11.3746953, 48.1788136 ], [ 11.3749179, 48.1788887 ], [ 11.37498, 48.1789231 ], [ 11.3750412, 48.1789759 ], [ 11.3750744, 48.1790457 ], [ 11.3750821, 48.1790691 ], [ 11.3751988, 48.1790711 ], [ 11.3752942, 48.1790745 ], [ 11.3774025, 48.1789277 ], [ 11.3795039, 48.179147 ], [ 11.3805117, 48.1792592 ], [ 11.3810412, 48.1793165 ], [ 11.3810841, 48.1793421 ], [ 11.3821176, 48.1786708 ], [ 11.3830006, 48.1780985 ], [ 11.3831458, 48.1780236 ], [ 11.3833122, 48.1779646 ], [ 11.3835317, 48.177918 ], [ 11.3838617, 48.1778859 ], [ 11.3841088, 48.1778606 ], [ 11.3846344, 48.1778026 ], [ 11.3848322, 48.1777501 ], [ 11.3853011, 48.177571 ], [ 11.3859987, 48.1779942 ], [ 11.3867785, 48.1784571 ], [ 11.3873094, 48.1787851 ], [ 11.38744, 48.1788823 ], [ 11.3878229, 48.1794692 ], [ 11.3880811, 48.1798673 ], [ 11.3883609, 48.1801284 ], [ 11.3884908, 48.1802112 ], [ 11.3888656, 48.1803864 ], [ 11.3888963, 48.1804075 ], [ 11.3895588, 48.1807015 ], [ 11.3904597, 48.1811056 ], [ 11.3905801, 48.1811797 ], [ 11.3907071, 48.1812695 ], [ 11.3908722, 48.181389 ], [ 11.3909586, 48.1814875 ], [ 11.391023, 48.1815706 ], [ 11.3911788, 48.1817723 ], [ 11.3916643, 48.1824082 ], [ 11.392597, 48.1836087 ], [ 11.3932585, 48.1844601 ], [ 11.3926899, 48.1847721 ], [ 11.3912683, 48.1855524 ], [ 11.3915679, 48.1858807 ], [ 11.3916281, 48.1859605 ], [ 11.3917642, 48.1861471 ], [ 11.3917813, 48.1861705 ], [ 11.3919095, 48.1864788 ], [ 11.3920119, 48.1867844 ], [ 11.3920408, 48.186967 ], [ 11.392207, 48.1879294 ], [ 11.3922158, 48.1882899 ], [ 11.3922159, 48.1886702 ], [ 11.3922375, 48.1892604 ], [ 11.3922842, 48.1895554 ], [ 11.3915474, 48.1898131 ], [ 11.3905496, 48.1902715 ], [ 11.3907007, 48.1905799 ], [ 11.3896894, 48.1907037 ], [ 11.3885404, 48.1908446 ], [ 11.3885987, 48.1910891 ], [ 11.3886234, 48.1912652 ], [ 11.3886665, 48.1916758 ], [ 11.3887022, 48.1920127 ], [ 11.3887407, 48.192323 ], [ 11.388779, 48.1924919 ], [ 11.3888655, 48.1928345 ], [ 11.38918, 48.1937723 ], [ 11.3893395, 48.1942236 ], [ 11.3895138, 48.1948123 ], [ 11.3896586, 48.1953251 ], [ 11.3899779, 48.1969465 ], [ 11.389993, 48.1969489 ], [ 11.3900167, 48.1969846 ], [ 11.3899793, 48.1970059 ], [ 11.390079, 48.1974858 ], [ 11.3900981, 48.1974865 ], [ 11.3902047, 48.1979805 ], [ 11.390188, 48.1979923 ], [ 11.390326, 48.1985894 ], [ 11.3903533, 48.1985925 ], [ 11.3904517, 48.1990121 ], [ 11.3905976, 48.199676 ], [ 11.390593, 48.1996991 ], [ 11.3906722, 48.2001512 ], [ 11.3907621, 48.2003333 ], [ 11.3908298, 48.2004624 ], [ 11.3921054, 48.2005218 ], [ 11.3935928, 48.2005894 ], [ 11.3942653, 48.2006189 ], [ 11.397317, 48.2007468 ], [ 11.4003018, 48.2008907 ], [ 11.4012985, 48.2009309 ], [ 11.4015412, 48.2009487 ], [ 11.4016772, 48.2009856 ], [ 11.4020176, 48.2012151 ], [ 11.4021081, 48.2011598 ], [ 11.4022575, 48.2012588 ], [ 11.4023272, 48.2013015 ], [ 11.4023451, 48.2013124 ], [ 11.4024401, 48.2013933 ], [ 11.4024036, 48.2015326 ], [ 11.4022953, 48.2016448 ], [ 11.4023907, 48.2017028 ], [ 11.4024921, 48.2017935 ], [ 11.4026321, 48.2021051 ], [ 11.4026474, 48.2022013 ], [ 11.4028508, 48.2022176 ], [ 11.402927, 48.2027035 ], [ 11.402965, 48.2028515 ], [ 11.4030452, 48.2031633 ], [ 11.4031204, 48.2034562 ], [ 11.4031495, 48.2035789 ], [ 11.4032284, 48.2039118 ], [ 11.4033227, 48.2043111 ], [ 11.4033365, 48.2043691 ], [ 11.4034054, 48.2047088 ], [ 11.4034274, 48.2048211 ], [ 11.4034308, 48.2048389 ], [ 11.4034323, 48.204857 ], [ 11.4034593, 48.2051694 ], [ 11.4034668, 48.2052292 ], [ 11.4034765, 48.2053755 ], [ 11.4035028, 48.2057204 ], [ 11.4035325, 48.2058769 ], [ 11.4035416, 48.2059415 ], [ 11.4035506, 48.2059997 ], [ 11.4035632, 48.2060577 ], [ 11.4036308, 48.2064238 ], [ 11.4036378, 48.2064812 ], [ 11.4036658, 48.2065299 ], [ 11.4037645, 48.2067382 ], [ 11.4038523, 48.2068475 ], [ 11.4038667, 48.2068654 ], [ 11.403851, 48.2070036 ], [ 11.4038056, 48.207506 ], [ 11.4038643, 48.2078052 ], [ 11.4039231, 48.2081044 ], [ 11.4039321, 48.2081217 ], [ 11.4040522, 48.2083522 ], [ 11.4040704, 48.2083874 ], [ 11.404148, 48.2084847 ], [ 11.4042677, 48.208635 ], [ 11.4043667, 48.2087173 ], [ 11.4045398, 48.2088056 ], [ 11.4046352, 48.2088544 ], [ 11.4045793, 48.2089921 ], [ 11.4045718, 48.2090007 ], [ 11.4044682, 48.2091202 ], [ 11.4034807, 48.2090029 ], [ 11.4030202, 48.2089482 ], [ 11.4025546, 48.208899 ], [ 11.4019971, 48.2095953 ], [ 11.4016713, 48.2098149 ], [ 11.4013879, 48.2100058 ], [ 11.4012821, 48.2101815 ], [ 11.4012494, 48.2104159 ], [ 11.4012751, 48.2105568 ], [ 11.4013132, 48.2107642 ], [ 11.4013593, 48.2108576 ], [ 11.4014255, 48.2110126 ], [ 11.4016451, 48.2114048 ], [ 11.4018169, 48.2118132 ], [ 11.4018258, 48.2118349 ], [ 11.4023049, 48.2126195 ], [ 11.4027601, 48.2134086 ], [ 11.4031905, 48.2142394 ], [ 11.4031754, 48.2142957 ], [ 11.4031624, 48.2143156 ], [ 11.4030665, 48.2144296 ], [ 11.4029626, 48.2146227 ], [ 11.4032379, 48.2149493 ], [ 11.403679, 48.2156015 ], [ 11.4037255, 48.2157618 ], [ 11.40387, 48.2162055 ], [ 11.4044084, 48.2172949 ], [ 11.4043522, 48.2175318 ], [ 11.4044914, 48.217869 ], [ 11.4047482, 48.2184907 ], [ 11.40485, 48.218737 ], [ 11.4047678, 48.2189452 ], [ 11.404673, 48.2191408 ], [ 11.4044252, 48.2193003 ], [ 11.4042951, 48.2193234 ], [ 11.4041788, 48.2193441 ], [ 11.4039882, 48.219378 ], [ 11.4035961, 48.2194167 ], [ 11.4034437, 48.2194573 ], [ 11.4033551, 48.2194811 ], [ 11.4031969, 48.2195619 ], [ 11.4031382, 48.2196254 ], [ 11.4030391, 48.2198052 ], [ 11.402927, 48.2200089 ], [ 11.4027602, 48.2203233 ], [ 11.4025932, 48.2205402 ], [ 11.4014846, 48.2218858 ], [ 11.4010135, 48.2224585 ], [ 11.4008698, 48.2226711 ], [ 11.4007817, 48.2228577 ], [ 11.4005799, 48.2230059 ], [ 11.4003899, 48.2232528 ], [ 11.4002754, 48.2234026 ], [ 11.3997169, 48.2240592 ], [ 11.3994487, 48.2244102 ], [ 11.3991732, 48.2247707 ], [ 11.3989497, 48.2250165 ], [ 11.3986486, 48.2253479 ], [ 11.3985459, 48.2255072 ], [ 11.3983436, 48.2258215 ], [ 11.3977466, 48.2267486 ], [ 11.3976152, 48.2269221 ], [ 11.39743, 48.2271665 ], [ 11.3973756, 48.2273303 ], [ 11.3973646, 48.2273437 ], [ 11.3972893, 48.2273255 ], [ 11.3971774, 48.2272625 ], [ 11.3970588, 48.2271957 ], [ 11.3968763, 48.2271468 ], [ 11.3967292, 48.2271074 ], [ 11.3958717, 48.227025 ], [ 11.3955613, 48.2269988 ], [ 11.3954291, 48.2269935 ], [ 11.3950216, 48.2269772 ], [ 11.3946716, 48.2269903 ], [ 11.3936135, 48.22703 ], [ 11.3934621, 48.2270426 ], [ 11.3926941, 48.227107 ], [ 11.3912166, 48.2271385 ], [ 11.3903019, 48.2271096 ], [ 11.3901003, 48.2271154 ], [ 11.3898951, 48.2271247 ], [ 11.389255, 48.2271174 ], [ 11.3865822, 48.2270446 ], [ 11.3858996, 48.2270449 ], [ 11.3850943, 48.2269999 ], [ 11.3847018, 48.2269908 ], [ 11.3843685, 48.2269831 ], [ 11.3840992, 48.2269755 ], [ 11.3833613, 48.2286078 ], [ 11.3828322, 48.229624 ], [ 11.3822646, 48.2304847 ], [ 11.3819558, 48.2310612 ], [ 11.3815166, 48.2318598 ], [ 11.3813843, 48.2321007 ], [ 11.3813356, 48.2321758 ], [ 11.3796189, 48.2345322 ], [ 11.3794041, 48.2348987 ], [ 11.3793394, 48.2349898 ], [ 11.3792191, 48.2351008 ], [ 11.3791918, 48.2351464 ], [ 11.3789023, 48.2354688 ], [ 11.3783857, 48.2353175 ], [ 11.3772806, 48.235025 ], [ 11.3760189, 48.2346815 ], [ 11.3756903, 48.2345792 ], [ 11.375115, 48.2343655 ], [ 11.3746977, 48.2342067 ], [ 11.3744814, 48.2341497 ], [ 11.3741692, 48.2340841 ], [ 11.3740493, 48.2340661 ], [ 11.3737221, 48.2340049 ], [ 11.373383, 48.2339468 ], [ 11.373224, 48.233908 ], [ 11.3726474, 48.2337511 ], [ 11.3723797, 48.2336691 ], [ 11.3719978, 48.233533 ], [ 11.3719599, 48.2335171 ], [ 11.3711632, 48.2332433 ], [ 11.3693144, 48.2356843 ], [ 11.3691702, 48.2358644 ], [ 11.3688622, 48.2362751 ], [ 11.3683021, 48.2370218 ], [ 11.3681399, 48.2370932 ], [ 11.3680026, 48.2371537 ], [ 11.3678329, 48.2370835 ], [ 11.3674127, 48.2368934 ], [ 11.3671872, 48.2368095 ], [ 11.3664625, 48.2365171 ], [ 11.3661976, 48.2364172 ], [ 11.3653492, 48.2361711 ], [ 11.3647674, 48.2360024 ], [ 11.3644857, 48.2358981 ], [ 11.3643756, 48.2358356 ], [ 11.3643406, 48.2358157 ], [ 11.3640746, 48.2355611 ], [ 11.3638859, 48.2354211 ], [ 11.3636817, 48.2352448 ], [ 11.3635276, 48.2351213 ], [ 11.3631352, 48.2347927 ], [ 11.363116, 48.2347766 ], [ 11.3629461, 48.2347137 ], [ 11.362676, 48.2346832 ], [ 11.3624657, 48.2346377 ], [ 11.362065, 48.2345817 ], [ 11.3620124, 48.2345744 ], [ 11.3617674, 48.2345308 ], [ 11.3616926, 48.2345316 ], [ 11.3615465, 48.2345376 ], [ 11.361495, 48.2345367 ], [ 11.3613349, 48.2345932 ], [ 11.3611372, 48.2346382 ], [ 11.3609972, 48.2347239 ], [ 11.3607203, 48.2348889 ], [ 11.3603242, 48.2351136 ], [ 11.35906, 48.2358302 ], [ 11.3588908, 48.2359257 ], [ 11.357909, 48.2355713 ], [ 11.3578689, 48.2354616 ], [ 11.3578103, 48.2350908 ], [ 11.3578103, 48.2350619 ], [ 11.3578104, 48.234976 ], [ 11.3578552, 48.2347686 ], [ 11.3578534, 48.2346672 ], [ 11.3578517, 48.2344844 ], [ 11.3578108, 48.2343378 ], [ 11.3577863, 48.2342499 ], [ 11.3577423, 48.234176 ], [ 11.3576387, 48.2340034 ], [ 11.3575082, 48.2337851 ], [ 11.3574524, 48.2336919 ], [ 11.3573431, 48.2334957 ], [ 11.3576768, 48.2329846 ], [ 11.3576778, 48.2327309 ], [ 11.3576888, 48.2326263 ], [ 11.35699, 48.2326171 ], [ 11.3569513, 48.2326394 ], [ 11.3567978, 48.2327281 ], [ 11.3563421, 48.2324613 ], [ 11.3561498, 48.2322981 ], [ 11.3559604, 48.2322963 ], [ 11.3557173, 48.2322939 ], [ 11.3550608, 48.2322875 ], [ 11.3550516, 48.232149 ], [ 11.3550465, 48.2320717 ], [ 11.3549801, 48.2317921 ], [ 11.3545704, 48.2317776 ], [ 11.3543879, 48.23177 ], [ 11.3543672, 48.2317691 ], [ 11.3541199, 48.2317585 ], [ 11.3537548, 48.2317324 ], [ 11.3535369, 48.2317169 ], [ 11.3520119, 48.2316545 ], [ 11.3512937, 48.2320782 ], [ 11.3504022, 48.232604 ], [ 11.3491503, 48.2333424 ], [ 11.3489608, 48.2331775 ], [ 11.3489019, 48.2331282 ], [ 11.3488463, 48.233077 ], [ 11.3486665, 48.232907 ], [ 11.3489226, 48.2327565 ], [ 11.3483372, 48.2320589 ], [ 11.3469565, 48.230597 ], [ 11.3467047, 48.2307244 ], [ 11.34663, 48.2307781 ], [ 11.3465382, 48.2308402 ], [ 11.346387, 48.2309404 ], [ 11.346186, 48.2308307 ], [ 11.3455175, 48.2304477 ], [ 11.3443034, 48.229878 ], [ 11.344243, 48.2297582 ], [ 11.3432955, 48.2293147 ], [ 11.3417332, 48.2285732 ], [ 11.3415776, 48.2287534 ], [ 11.3415258, 48.2288061 ], [ 11.3414782, 48.2288608 ], [ 11.340126, 48.2303039 ], [ 11.3400442, 48.2303913 ], [ 11.3393154, 48.2311699 ], [ 11.337219, 48.2338142 ], [ 11.3367629, 48.2343968 ], [ 11.3365276, 48.2342337 ], [ 11.3365149, 48.2342248 ], [ 11.3359525, 48.2339275 ], [ 11.3354356, 48.2336358 ], [ 11.334916, 48.2333158 ], [ 11.3342716, 48.2328125 ], [ 11.3343672, 48.232698 ], [ 11.3332921, 48.23211 ], [ 11.3334, 48.2314945 ], [ 11.3334231, 48.2313627 ], [ 11.3326217, 48.2311005 ], [ 11.3319871, 48.2308928 ], [ 11.3317405, 48.2308151 ], [ 11.3311448, 48.2308363 ], [ 11.330567, 48.2305981 ], [ 11.3302253, 48.2304517 ], [ 11.3297734, 48.2302611 ], [ 11.3295348, 48.2301523 ], [ 11.3292852, 48.2300267 ], [ 11.3289655, 48.2298417 ], [ 11.3285375, 48.2296049 ], [ 11.3282155, 48.2294458 ], [ 11.3282107, 48.2294423 ], [ 11.3281745, 48.2294256 ], [ 11.3279121, 48.2293132 ], [ 11.3277424, 48.2292271 ], [ 11.3275772, 48.2291331 ], [ 11.3274675, 48.2290517 ], [ 11.3272662, 48.2289166 ], [ 11.3271311, 48.228839 ], [ 11.327013, 48.2287823 ], [ 11.3269994, 48.2287743 ], [ 11.3269805, 48.2287667 ], [ 11.326964, 48.2287625 ], [ 11.3269038, 48.2287426 ], [ 11.3260676, 48.2285544 ], [ 11.3247755, 48.2282316 ], [ 11.3247366, 48.2282772 ], [ 11.3244879, 48.2286636 ], [ 11.3243769, 48.228836 ], [ 11.3241854, 48.2291333 ], [ 11.3237792, 48.2297646 ], [ 11.3235402, 48.2296108 ], [ 11.322818, 48.2291461 ], [ 11.3225887, 48.2290741 ], [ 11.322456, 48.2290363 ], [ 11.3224641, 48.2291756 ], [ 11.3223402, 48.2296505 ], [ 11.3220958, 48.2301606 ], [ 11.3217465, 48.2309547 ], [ 11.3212529, 48.2317066 ], [ 11.3212447, 48.2321482 ], [ 11.3207113, 48.2332919 ], [ 11.3201645, 48.2344648 ], [ 11.3191439, 48.2340801 ], [ 11.3193328, 48.2336069 ], [ 11.3190436, 48.2335719 ], [ 11.3190674, 48.2334007 ], [ 11.3183813, 48.2332863 ], [ 11.3175967, 48.233243 ], [ 11.31671, 48.2332909 ], [ 11.3163195, 48.2332629 ], [ 11.3149669, 48.232948 ], [ 11.3149458, 48.2329442 ], [ 11.3138905, 48.2327562 ], [ 11.3107256, 48.2321925 ], [ 11.3106926, 48.2321803 ], [ 11.3104817, 48.2327138 ], [ 11.3103602, 48.2330205 ], [ 11.3099856, 48.2338455 ], [ 11.3097696, 48.2343198 ], [ 11.3096706, 48.234398 ], [ 11.3096048, 48.2344572 ], [ 11.3095648, 48.2344933 ], [ 11.3094535, 48.234739 ], [ 11.3093626, 48.2349393 ], [ 11.3092872, 48.2350911 ], [ 11.3092649, 48.2351361 ], [ 11.3091429, 48.235328 ], [ 11.3089462, 48.2356756 ], [ 11.3082866, 48.2369422 ], [ 11.3081654, 48.2371217 ], [ 11.3075502, 48.2380318 ], [ 11.3070765, 48.2386783 ], [ 11.3069801, 48.2388063 ], [ 11.3068342, 48.2390005 ], [ 11.3062681, 48.239754 ], [ 11.3049803, 48.2416546 ], [ 11.3049602, 48.2417113 ], [ 11.3047978, 48.2419994 ], [ 11.304473, 48.2424662 ], [ 11.3041164, 48.2428573 ], [ 11.3039016, 48.2431762 ], [ 11.3037642, 48.2433802 ], [ 11.3032549, 48.244275 ], [ 11.3027365, 48.2452753 ], [ 11.3024763, 48.245793 ], [ 11.3021663, 48.2463765 ], [ 11.3017819, 48.2471561 ], [ 11.3017327, 48.2472621 ], [ 11.3018049, 48.2472949 ], [ 11.3016141, 48.24769 ], [ 11.3014126, 48.2481717 ], [ 11.3012278, 48.248614 ], [ 11.3011, 48.2488044 ], [ 11.3009546, 48.2489408 ], [ 11.3008835, 48.2491193 ], [ 11.3008679, 48.2491586 ], [ 11.3008608, 48.2491765 ], [ 11.3008523, 48.249198 ], [ 11.3008163, 48.2492882 ], [ 11.3013141, 48.2493407 ], [ 11.3023505, 48.2495307 ], [ 11.3022674, 48.2496537 ], [ 11.3016066, 48.2505972 ], [ 11.3012584, 48.2505758 ], [ 11.3011685, 48.2504796 ], [ 11.3010163, 48.2504606 ], [ 11.300848, 48.2506909 ], [ 11.30067, 48.2511127 ], [ 11.3006291, 48.2512249 ], [ 11.30008, 48.2520302 ], [ 11.2995641, 48.2528493 ], [ 11.298878, 48.2538201 ], [ 11.2980504, 48.254741 ], [ 11.297881, 48.2546678 ], [ 11.2973094, 48.2554498 ], [ 11.2971854, 48.2553374 ], [ 11.2971254, 48.2554135 ], [ 11.296919, 48.2556756 ], [ 11.2968101, 48.2557497 ], [ 11.2962022, 48.2564158 ], [ 11.2960193, 48.2566657 ], [ 11.2959352, 48.2567802 ], [ 11.2952341, 48.2578119 ], [ 11.2945096, 48.2589007 ], [ 11.294374, 48.2591023 ], [ 11.2942392, 48.2593676 ], [ 11.2941518, 48.2596219 ], [ 11.2940943, 48.2598269 ], [ 11.2939972, 48.2601015 ], [ 11.2939559, 48.2601821 ], [ 11.2938818, 48.2603264 ], [ 11.2937627, 48.2604697 ], [ 11.2935857, 48.2605809 ], [ 11.2934395, 48.2606336 ], [ 11.2933722, 48.2606487 ], [ 11.29314, 48.2606453 ], [ 11.2923096, 48.2606687 ], [ 11.290996, 48.2608135 ], [ 11.290704, 48.2608663 ], [ 11.2904473, 48.2609533 ], [ 11.290417, 48.2609714 ], [ 11.290395, 48.2609939 ], [ 11.2902832, 48.2610764 ], [ 11.2902601, 48.2610934 ], [ 11.2900299, 48.2611961 ], [ 11.2899991, 48.2612169 ], [ 11.2891294, 48.2609662 ], [ 11.2889383, 48.2609005 ], [ 11.2888756, 48.260879 ], [ 11.2888586, 48.2610823 ], [ 11.2888095, 48.2611547 ], [ 11.2887453, 48.2611883 ], [ 11.2886938, 48.2612043 ], [ 11.2884847, 48.2612606 ], [ 11.2883619, 48.2613065 ], [ 11.2882678, 48.2613415 ], [ 11.2880847, 48.2614384 ], [ 11.2880676, 48.2614511 ], [ 11.2879709, 48.2615533 ], [ 11.2879608, 48.26157 ], [ 11.2879217, 48.2616947 ], [ 11.2879265, 48.2618061 ], [ 11.2879579, 48.2620414 ], [ 11.2879606, 48.2620605 ], [ 11.2880669, 48.262365 ], [ 11.2881083, 48.2626305 ], [ 11.2879855, 48.2626346 ], [ 11.286571, 48.2625996 ], [ 11.2856327, 48.2623243 ], [ 11.2855482, 48.2622995 ], [ 11.285294, 48.2621892 ], [ 11.2852883, 48.2621682 ], [ 11.2852686, 48.2620945 ], [ 11.2850343, 48.2620899 ], [ 11.2846169, 48.2621033 ], [ 11.2841144, 48.2620555 ], [ 11.2835238, 48.2619711 ], [ 11.2832618, 48.2619687 ], [ 11.282876, 48.2620001 ], [ 11.2824986, 48.2620792 ], [ 11.2821867, 48.2621188 ], [ 11.2816642, 48.2621298 ], [ 11.2809193, 48.2622634 ], [ 11.2809108, 48.262264 ], [ 11.2809089, 48.2623123 ], [ 11.2809022, 48.262478 ], [ 11.2808793, 48.2626761 ], [ 11.2803214, 48.2628089 ], [ 11.2782231, 48.2633082 ], [ 11.2769577, 48.2637229 ], [ 11.2764731, 48.2638864 ], [ 11.2751328, 48.264231 ], [ 11.2746765, 48.2642015 ], [ 11.2740639, 48.264088 ], [ 11.2737798, 48.2639927 ], [ 11.2735226, 48.2639064 ], [ 11.2728604, 48.2636727 ], [ 11.2731758, 48.2627204 ], [ 11.2725377, 48.2626586 ], [ 11.27278, 48.2616117 ], [ 11.2725535, 48.2615452 ], [ 11.2725643, 48.2614913 ], [ 11.2726001, 48.2613141 ], [ 11.2726369, 48.2610106 ], [ 11.2726099, 48.2608057 ], [ 11.2725979, 48.260714 ], [ 11.2725936, 48.2607131 ], [ 11.2721011, 48.2606167 ], [ 11.2705994, 48.260376 ], [ 11.2699864, 48.260326 ], [ 11.2698422, 48.2605503 ], [ 11.2691885, 48.261697 ], [ 11.2689144, 48.2616414 ], [ 11.2686871, 48.2615972 ], [ 11.2681901, 48.2615003 ], [ 11.2680552, 48.26148 ], [ 11.2679169, 48.2614533 ], [ 11.2678772, 48.2614422 ], [ 11.2677847, 48.261395 ], [ 11.2671268, 48.2610589 ], [ 11.2668683, 48.2609767 ], [ 11.2665834, 48.2609335 ], [ 11.2663251, 48.2609371 ], [ 11.2659914, 48.2609655 ], [ 11.2659733, 48.2609671 ], [ 11.2654218, 48.2610601 ], [ 11.2647578, 48.2611488 ], [ 11.2646982, 48.2611613 ], [ 11.2645526, 48.2612355 ], [ 11.2644485, 48.2613165 ], [ 11.264356, 48.2614155 ], [ 11.2643054, 48.2615234 ], [ 11.2641367, 48.2618494 ], [ 11.2639513, 48.2621372 ], [ 11.2636777, 48.2623915 ], [ 11.2634421, 48.2625063 ], [ 11.2632494, 48.2625853 ], [ 11.2632384, 48.2625898 ], [ 11.2630819, 48.2626103 ], [ 11.2629594, 48.262603 ], [ 11.2629336, 48.2626015 ], [ 11.2627048, 48.262575 ], [ 11.2622181, 48.2625063 ], [ 11.2618882, 48.2624664 ], [ 11.26156, 48.2623907 ], [ 11.2614322, 48.262353 ], [ 11.2603198, 48.2621168 ], [ 11.2581368, 48.2618348 ], [ 11.2573482, 48.2618121 ], [ 11.25727, 48.2618548 ], [ 11.2571886, 48.2619162 ], [ 11.2571132, 48.26201 ], [ 11.257068, 48.2621453 ], [ 11.2570803, 48.2622838 ], [ 11.257167, 48.2623763 ], [ 11.2572597, 48.2624355 ], [ 11.2572938, 48.2624506 ], [ 11.2573376, 48.2624629 ], [ 11.2572332, 48.2625419 ], [ 11.2571802, 48.2625819 ], [ 11.2569793, 48.2626859 ], [ 11.2566523, 48.2627385 ], [ 11.2563066, 48.2627175 ], [ 11.2557705, 48.2626639 ], [ 11.2557085, 48.2626542 ], [ 11.2551278, 48.2625643 ], [ 11.2539561, 48.2623028 ], [ 11.2535836, 48.2622401 ], [ 11.253068, 48.2622491 ], [ 11.252756, 48.2622934 ], [ 11.2524055, 48.2623431 ], [ 11.2524979, 48.2617662 ], [ 11.2524844, 48.2612928 ], [ 11.2522377, 48.2615019 ], [ 11.2519677, 48.2617022 ], [ 11.2517416, 48.2618323 ], [ 11.2512298, 48.2620061 ], [ 11.2509718, 48.2621152 ], [ 11.2506351, 48.2622909 ], [ 11.2503175, 48.262523 ], [ 11.250021, 48.2627396 ], [ 11.2497384, 48.2629707 ], [ 11.2496848, 48.2630145 ], [ 11.2483673, 48.2641938 ], [ 11.2476004, 48.2647376 ], [ 11.2474075, 48.2648745 ], [ 11.2471007, 48.2650922 ], [ 11.247045, 48.2651516 ], [ 11.2469825, 48.2652985 ], [ 11.246813, 48.2660066 ], [ 11.2468055, 48.2660379 ], [ 11.2468759, 48.2660906 ], [ 11.2471101, 48.2662881 ], [ 11.2472034, 48.2663321 ], [ 11.2472375, 48.2663401 ], [ 11.2472636, 48.266342 ], [ 11.2473101, 48.266337 ], [ 11.2478714, 48.2661859 ], [ 11.2483602, 48.266061 ], [ 11.2485139, 48.266554 ], [ 11.2482935, 48.266568 ], [ 11.2479087, 48.2665773 ], [ 11.2476728, 48.2665896 ], [ 11.2476648, 48.2666904 ], [ 11.2475905, 48.2689251 ], [ 11.2482289, 48.2689505 ], [ 11.2482444, 48.2693283 ], [ 11.2482913, 48.2698616 ], [ 11.2481528, 48.2699125 ], [ 11.2480445, 48.2699404 ], [ 11.2479463, 48.269961 ], [ 11.2478637, 48.2699727 ], [ 11.2477621, 48.2699772 ], [ 11.2475935, 48.2699778 ], [ 11.2474325, 48.2699906 ], [ 11.2472141, 48.2700267 ], [ 11.2470793, 48.2700519 ], [ 11.2468601, 48.2701038 ], [ 11.2466935, 48.2701562 ], [ 11.245949, 48.2703082 ], [ 11.245061, 48.2705101 ], [ 11.2444555, 48.2706524 ], [ 11.2440051, 48.2707975 ], [ 11.2431244, 48.2711356 ], [ 11.2427661, 48.2712911 ], [ 11.2423766, 48.2714912 ], [ 11.2419078, 48.2717102 ], [ 11.2415187, 48.2718566 ], [ 11.2409884, 48.2720153 ], [ 11.2405063, 48.272134 ], [ 11.2399247, 48.2722253 ], [ 11.2392914, 48.2723356 ], [ 11.2389677, 48.2723999 ], [ 11.2387991, 48.2724566 ], [ 11.2387589, 48.2724759 ], [ 11.2386165, 48.2725438 ], [ 11.2381233, 48.2728211 ], [ 11.2374099, 48.2732093 ], [ 11.2368553, 48.2734359 ], [ 11.2366144, 48.2734541 ], [ 11.2360288, 48.2734995 ], [ 11.2353521, 48.2735625 ], [ 11.2348612, 48.2736247 ], [ 11.2342819, 48.2736797 ], [ 11.2341658, 48.2737038 ], [ 11.2336647, 48.2738121 ], [ 11.2332566, 48.2739967 ], [ 11.2329088, 48.2742199 ], [ 11.2325637, 48.274398 ], [ 11.2323395, 48.2744894 ], [ 11.2323228, 48.2746146 ], [ 11.2323041, 48.2747442 ], [ 11.2322978, 48.2748091 ], [ 11.2322428, 48.2753635 ], [ 11.2322905, 48.2760142 ], [ 11.2323854, 48.2763295 ], [ 11.2325087, 48.2766657 ], [ 11.2325465, 48.276953 ], [ 11.2325448, 48.2769745 ], [ 11.2323912, 48.276971 ], [ 11.2310522, 48.276937 ], [ 11.2304776, 48.2769159 ], [ 11.2301467, 48.2769348 ], [ 11.2297762, 48.2769811 ], [ 11.229376, 48.2770407 ], [ 11.2293466, 48.2770424 ], [ 11.2284243, 48.2769524 ], [ 11.2284244, 48.2775769 ], [ 11.2283227, 48.2780591 ], [ 11.2282434, 48.2782029 ], [ 11.2281762, 48.2783247 ], [ 11.2278905, 48.2788973 ], [ 11.2278056, 48.2790024 ], [ 11.2277034, 48.279027 ], [ 11.227639, 48.279035 ], [ 11.2275174, 48.2790742 ], [ 11.2274165, 48.2791334 ], [ 11.2273262, 48.2792155 ], [ 11.2273131, 48.2792335 ], [ 11.2271544, 48.2796141 ], [ 11.2268062, 48.2805134 ], [ 11.2266837, 48.2808476 ], [ 11.2266702, 48.280966 ], [ 11.2266579, 48.2810832 ], [ 11.226797, 48.2811247 ], [ 11.2266964, 48.2817044 ], [ 11.2261524, 48.2817269 ], [ 11.225647, 48.2816468 ], [ 11.2252576, 48.2815695 ], [ 11.2249706, 48.2815504 ], [ 11.2241817, 48.2816148 ], [ 11.2234106, 48.2817131 ], [ 11.2228412, 48.2818706 ], [ 11.2213227, 48.2819769 ], [ 11.2212254, 48.2818314 ], [ 11.2211684, 48.281746 ], [ 11.2199826, 48.281853 ], [ 11.2192342, 48.2819347 ], [ 11.2186487, 48.282001 ], [ 11.217968, 48.2820783 ], [ 11.217897, 48.2819434 ], [ 11.2176644, 48.2819408 ], [ 11.2159326, 48.2818742 ], [ 11.215736, 48.2818602 ], [ 11.2145735, 48.2817664 ], [ 11.213973, 48.2817103 ], [ 11.2140067, 48.2815024 ], [ 11.2139779, 48.2813274 ], [ 11.2139065, 48.2811135 ], [ 11.213784, 48.2809212 ], [ 11.2136793, 48.2807813 ], [ 11.213659, 48.2807596 ], [ 11.2135953, 48.2806911 ], [ 11.2133884, 48.280296 ], [ 11.2133168, 48.2801639 ], [ 11.2132786, 48.2801172 ], [ 11.2131593, 48.2799936 ], [ 11.2128824, 48.279872 ], [ 11.2125414, 48.2797948 ], [ 11.2124636, 48.2797664 ], [ 11.2123785, 48.2797279 ], [ 11.2121713, 48.2796344 ], [ 11.2112654, 48.2796763 ], [ 11.2112534, 48.2795885 ], [ 11.2112469, 48.2795284 ], [ 11.2097287, 48.2795147 ], [ 11.2086686, 48.2795231 ], [ 11.2081765, 48.2795052 ], [ 11.2077556, 48.2794522 ], [ 11.2074104, 48.2793528 ], [ 11.2068034, 48.2792469 ], [ 11.206004, 48.2791665 ], [ 11.2049907, 48.2790479 ], [ 11.2039233, 48.2789502 ], [ 11.2037734, 48.2789365 ], [ 11.203241, 48.2788999 ], [ 11.2028125, 48.2787715 ], [ 11.2025856, 48.2787392 ], [ 11.2025736, 48.2788756 ], [ 11.20128, 48.2788426 ], [ 11.2014191, 48.2794327 ], [ 11.2014311, 48.2794832 ], [ 11.2014556, 48.2795843 ], [ 11.2013067, 48.2796135 ], [ 11.201147, 48.2796587 ], [ 11.201373, 48.2805994 ], [ 11.2013716, 48.280864 ], [ 11.201385, 48.2812658 ], [ 11.2015241, 48.2817212 ], [ 11.2015819, 48.2821147 ], [ 11.2015936, 48.282357 ], [ 11.2011516, 48.2825015 ], [ 11.2008294, 48.2826645 ], [ 11.2005903, 48.2828738 ], [ 11.2003698, 48.2830046 ], [ 11.1999069, 48.2833092 ], [ 11.1982557, 48.2828987 ], [ 11.1981884, 48.2830327 ], [ 11.1981401, 48.2831293 ], [ 11.1981296, 48.2832316 ], [ 11.1980935, 48.2835887 ], [ 11.1980818, 48.2837036 ], [ 11.1976851, 48.2837139 ], [ 11.1973803, 48.2837219 ], [ 11.1973276, 48.2846053 ], [ 11.1973668, 48.2852523 ], [ 11.1973759, 48.285402 ], [ 11.1970864, 48.2853716 ], [ 11.1970103, 48.2865774 ], [ 11.1969983, 48.286768 ], [ 11.1969951, 48.2868175 ], [ 11.1969551, 48.2869254 ], [ 11.1967905, 48.2869409 ], [ 11.1964519, 48.2869724 ], [ 11.195773, 48.2870358 ], [ 11.1954978, 48.2870615 ], [ 11.1954913, 48.2871068 ], [ 11.1954814, 48.2871762 ], [ 11.1954428, 48.2873699 ], [ 11.1954046, 48.2874952 ], [ 11.1954011, 48.2875539 ], [ 11.1953879, 48.2877683 ], [ 11.1953702, 48.2880624 ], [ 11.1953543, 48.2880973 ], [ 11.1952571, 48.2883093 ], [ 11.1948854, 48.2885431 ], [ 11.1931564, 48.2896324 ], [ 11.1930616, 48.2897046 ], [ 11.192582, 48.2896106 ], [ 11.1920144, 48.2895305 ], [ 11.1912141, 48.2894743 ], [ 11.1900912, 48.2894277 ], [ 11.1888427, 48.2893974 ], [ 11.1885932, 48.2898638 ], [ 11.1884066, 48.2902733 ], [ 11.1883318, 48.2905507 ], [ 11.1883267, 48.2907624 ], [ 11.1883905, 48.2910354 ], [ 11.1884928, 48.2913107 ], [ 11.1886228, 48.2915087 ], [ 11.1888463, 48.2917612 ], [ 11.1887681, 48.2917718 ], [ 11.1885696, 48.2917324 ], [ 11.1883949, 48.2916887 ], [ 11.1882573, 48.2916376 ], [ 11.188124, 48.2915783 ], [ 11.1880654, 48.2916873 ], [ 11.1880209, 48.2917841 ], [ 11.1876931, 48.2925563 ], [ 11.1876905, 48.2925778 ], [ 11.1876938, 48.2925993 ], [ 11.1877627, 48.2927476 ], [ 11.1877787, 48.2927672 ], [ 11.1877962, 48.2927812 ], [ 11.1878001, 48.2927894 ], [ 11.187911, 48.293126 ], [ 11.1877871, 48.2931704 ], [ 11.1873303, 48.2932713 ], [ 11.1870381, 48.293343 ], [ 11.1865568, 48.2935266 ], [ 11.1860539, 48.2937677 ], [ 11.1855082, 48.2940224 ], [ 11.1851386, 48.294206 ], [ 11.184896, 48.2943607 ], [ 11.1847371, 48.2945204 ], [ 11.1846249, 48.2946361 ], [ 11.1845387, 48.2947111 ], [ 11.1842729, 48.2948486 ], [ 11.1838148, 48.2950439 ], [ 11.183232, 48.2952274 ], [ 11.1829052, 48.2953143 ], [ 11.1822191, 48.2954649 ], [ 11.1819579, 48.2955271 ], [ 11.1816286, 48.2956055 ], [ 11.1812151, 48.2956725 ], [ 11.1804833, 48.2957689 ], [ 11.1799959, 48.2958537 ], [ 11.179474, 48.2959251 ], [ 11.1787949, 48.2959868 ], [ 11.1782788, 48.2960476 ], [ 11.1782461, 48.2960515 ], [ 11.1782313, 48.2961143 ], [ 11.1782182, 48.2961362 ], [ 11.1780672, 48.2962809 ], [ 11.1775837, 48.2965532 ], [ 11.1774048, 48.2966589 ], [ 11.177296, 48.2967233 ], [ 11.1772586, 48.2966832 ], [ 11.1769395, 48.2962991 ], [ 11.1764428, 48.295825 ], [ 11.1764142, 48.2957977 ], [ 11.175947, 48.29531 ], [ 11.1756173, 48.2949939 ], [ 11.1754216, 48.2948542 ], [ 11.1751711, 48.294742 ], [ 11.1743545, 48.2943917 ], [ 11.1735446, 48.2940412 ], [ 11.173181, 48.2939015 ], [ 11.17279, 48.2938145 ], [ 11.172535, 48.2937848 ], [ 11.1723995, 48.293763 ], [ 11.1723015, 48.2937471 ], [ 11.1722033, 48.2937312 ], [ 11.1721659, 48.2937252 ], [ 11.1717988, 48.2936772 ], [ 11.1712603, 48.2935948 ], [ 11.1707287, 48.2935352 ], [ 11.1704268, 48.2934848 ], [ 11.1699056, 48.2934092 ], [ 11.1692092, 48.2932946 ], [ 11.1687462, 48.29321 ], [ 11.1684581, 48.2931732 ], [ 11.1682591, 48.2931413 ], [ 11.1680121, 48.2930885 ], [ 11.1676864, 48.2929923 ], [ 11.1669998, 48.292766 ], [ 11.1662574, 48.2924194 ], [ 11.1653439, 48.2919708 ], [ 11.16436, 48.2915138 ], [ 11.1642427, 48.2914596 ], [ 11.1631818, 48.2909383 ], [ 11.1625927, 48.2907281 ], [ 11.1618002, 48.2906051 ], [ 11.1605371, 48.2904292 ], [ 11.1588976, 48.2901572 ], [ 11.1588519, 48.290091 ], [ 11.158809, 48.2900287 ], [ 11.1585674, 48.2898395 ], [ 11.1578891, 48.2896879 ], [ 11.1566606, 48.2894134 ], [ 11.1562811, 48.2893572 ], [ 11.156107, 48.289322 ], [ 11.1559224, 48.2893393 ], [ 11.1555089, 48.2893945 ], [ 11.1535042, 48.2896509 ], [ 11.1533375, 48.2896932 ], [ 11.1530092, 48.2894593 ], [ 11.1529504, 48.2893814 ], [ 11.152855, 48.2892552 ], [ 11.1527807, 48.2888094 ], [ 11.1527323, 48.2886742 ], [ 11.1526003, 48.288588 ], [ 11.1523544, 48.2885947 ], [ 11.1520261, 48.2885407 ], [ 11.1518263, 48.2884345 ], [ 11.1514724, 48.2881521 ], [ 11.1513553, 48.2879993 ], [ 11.1511197, 48.2877669 ], [ 11.1504622, 48.2871181 ], [ 11.1500512, 48.2867126 ], [ 11.1498845, 48.2865942 ], [ 11.1496887, 48.2865237 ], [ 11.1494621, 48.2863958 ], [ 11.1487452, 48.2859888 ], [ 11.1485977, 48.2859237 ], [ 11.1485642, 48.2858937 ], [ 11.1485076, 48.2858426 ], [ 11.1484643, 48.2857431 ], [ 11.1484953, 48.2854826 ], [ 11.1485387, 48.2853232 ], [ 11.1486137, 48.2851076 ], [ 11.14869, 48.2848975 ], [ 11.1487429, 48.2847516 ], [ 11.1487731, 48.2846877 ], [ 11.1489183, 48.2841033 ], [ 11.1490455, 48.2839208 ], [ 11.1491589, 48.2838474 ], [ 11.1493959, 48.2836726 ], [ 11.1517168, 48.2813295 ], [ 11.1530112, 48.2808854 ], [ 11.1531532, 48.2808972 ], [ 11.1549711, 48.2810483 ], [ 11.1551579, 48.280968 ], [ 11.1551687, 48.2809634 ], [ 11.1553294, 48.2808382 ], [ 11.1554719, 48.280537 ], [ 11.1559256, 48.2804119 ], [ 11.1561602, 48.2797344 ], [ 11.1569148, 48.2798104 ], [ 11.1571432, 48.2798334 ], [ 11.1572699, 48.2796765 ], [ 11.1588674, 48.2791298 ], [ 11.1588803, 48.2791254 ], [ 11.1580839, 48.276913 ], [ 11.1560407, 48.277078 ], [ 11.1546559, 48.277189 ], [ 11.1535032, 48.2773015 ], [ 11.1530467, 48.2773438 ], [ 11.1530561, 48.2772414 ], [ 11.1530653, 48.2771389 ], [ 11.151538, 48.2769685 ], [ 11.151511, 48.2769688 ], [ 11.150786, 48.277065 ], [ 11.1492573, 48.277052 ], [ 11.1498429, 48.2757396 ], [ 11.1507278, 48.2739792 ], [ 11.1510873, 48.273267 ], [ 11.1508549, 48.2731655 ], [ 11.150559, 48.2730364 ], [ 11.1504448, 48.2726594 ], [ 11.1504293, 48.2725237 ], [ 11.1504766, 48.2722441 ], [ 11.1505357, 48.2719781 ], [ 11.1506233, 48.2715842 ], [ 11.1506239, 48.2714817 ], [ 11.1506247, 48.2713595 ], [ 11.1506333, 48.2713327 ], [ 11.1506823, 48.2711779 ], [ 11.1506083, 48.270888 ], [ 11.1505807, 48.2707802 ], [ 11.1502032, 48.2705233 ], [ 11.1498541, 48.2704083 ], [ 11.1497136, 48.2703399 ], [ 11.1496799, 48.2703294 ], [ 11.1494212, 48.2701995 ], [ 11.1491311, 48.2699727 ], [ 11.1489306, 48.2698521 ], [ 11.1489062, 48.2698488 ], [ 11.1488502, 48.2699074 ], [ 11.1488215, 48.2699252 ], [ 11.1485955, 48.270006 ], [ 11.1485708, 48.2700115 ], [ 11.1482618, 48.2700445 ], [ 11.1479261, 48.2701012 ], [ 11.1475869, 48.2702248 ], [ 11.1472322, 48.2703836 ], [ 11.1472319, 48.2706909 ], [ 11.1471808, 48.2706923 ], [ 11.1470521, 48.2706558 ], [ 11.1468481, 48.2705629 ], [ 11.146667, 48.2705826 ], [ 11.1465917, 48.270591 ], [ 11.1463016, 48.2706236 ], [ 11.146335, 48.2713802 ], [ 11.145591, 48.2715003 ], [ 11.1449976, 48.2715397 ], [ 11.1449521, 48.2715472 ], [ 11.1446847, 48.2715917 ], [ 11.1440817, 48.2716207 ], [ 11.143861, 48.2716001 ], [ 11.1435179, 48.2715326 ], [ 11.1429833, 48.2714828 ], [ 11.1429387, 48.2716001 ], [ 11.1428341, 48.2715902 ], [ 11.1421202, 48.2714503 ], [ 11.1407647, 48.2714051 ], [ 11.140901, 48.2710321 ], [ 11.1409595, 48.2708699 ], [ 11.1408933, 48.270725 ], [ 11.1407407, 48.2705785 ], [ 11.1405585, 48.2704852 ], [ 11.1400863, 48.2702195 ], [ 11.1396628, 48.2699894 ], [ 11.139645, 48.2699826 ], [ 11.1395844, 48.2700697 ], [ 11.139514, 48.2701398 ], [ 11.1394294, 48.270221 ], [ 11.138041, 48.2696963 ], [ 11.1374701, 48.2694971 ], [ 11.1371184, 48.2693694 ], [ 11.1370104, 48.2709056 ], [ 11.1369958, 48.271113 ], [ 11.1358603, 48.2710089 ], [ 11.1354143, 48.2710164 ], [ 11.1347242, 48.2708833 ], [ 11.1343136, 48.2707284 ], [ 11.1338037, 48.270512 ], [ 11.1332689, 48.2702587 ], [ 11.1328732, 48.2701051 ], [ 11.1326328, 48.27004 ], [ 11.1323499, 48.2699845 ], [ 11.1319288, 48.269924 ], [ 11.131592, 48.2698663 ], [ 11.1312228, 48.2697946 ], [ 11.1305725, 48.2696393 ], [ 11.1298121, 48.2694835 ], [ 11.1291963, 48.2694003 ], [ 11.1289203, 48.2693912 ], [ 11.1285947, 48.2693633 ], [ 11.1283833, 48.2693726 ], [ 11.128253, 48.2693713 ], [ 11.1276063, 48.2694612 ], [ 11.1272664, 48.2695567 ], [ 11.1269446, 48.2697657 ], [ 11.1267595, 48.2698342 ], [ 11.1265253, 48.2698697 ], [ 11.1253834, 48.2697369 ], [ 11.1247941, 48.2696822 ], [ 11.1244811, 48.2697302 ], [ 11.1244233, 48.2697532 ], [ 11.1241396, 48.2698298 ], [ 11.1236102, 48.269973 ], [ 11.1215428, 48.2697832 ], [ 11.1210394, 48.269715 ], [ 11.1204372, 48.2695806 ], [ 11.1196482, 48.2693727 ], [ 11.1194419, 48.2694456 ], [ 11.1192553, 48.2695618 ], [ 11.1180549, 48.269255 ], [ 11.1176256, 48.2691123 ], [ 11.1170985, 48.2688967 ], [ 11.116884, 48.2687644 ], [ 11.1167641, 48.2687131 ], [ 11.1165649, 48.2685577 ], [ 11.1165323, 48.2684797 ], [ 11.1164981, 48.2683586 ], [ 11.1163838, 48.268115 ], [ 11.1162208, 48.2678316 ], [ 11.1161456, 48.2677853 ], [ 11.1156326, 48.2675603 ], [ 11.1150282, 48.2673969 ], [ 11.1137809, 48.2670358 ], [ 11.1126096, 48.2666966 ], [ 11.1124433, 48.2666509 ], [ 11.1119133, 48.2665311 ], [ 11.1115154, 48.2664079 ], [ 11.1113872, 48.2662922 ], [ 11.1107376, 48.2654676 ], [ 11.1106308, 48.2652884 ], [ 11.1105664, 48.2651866 ], [ 11.1102351, 48.2644562 ], [ 11.1100564, 48.2642206 ], [ 11.1098927, 48.2639986 ], [ 11.1094629, 48.2635657 ], [ 11.1091753, 48.2633214 ], [ 11.1088073, 48.2630833 ], [ 11.1085666, 48.262944 ], [ 11.1065858, 48.26198 ], [ 11.1064995, 48.2619394 ], [ 11.1063857, 48.2618263 ], [ 11.1062712, 48.2617125 ], [ 11.1061647, 48.2616427 ], [ 11.1015553, 48.2604346 ], [ 11.1008571, 48.2602487 ], [ 11.1007271, 48.2599781 ], [ 11.0984162, 48.2604197 ], [ 11.0970838, 48.2601612 ], [ 11.096763, 48.2600996 ], [ 11.0965536, 48.2601991 ], [ 11.0964824, 48.2602389 ], [ 11.0963772, 48.2603168 ], [ 11.0963076, 48.2603148 ], [ 11.0959823, 48.2603058 ], [ 11.0958763, 48.260343 ], [ 11.0958436, 48.2604254 ], [ 11.0958578, 48.2605504 ], [ 11.0957867, 48.2608377 ], [ 11.0956493, 48.2611143 ], [ 11.0955954, 48.2611834 ], [ 11.0954823, 48.2613283 ], [ 11.0954259, 48.2614911 ], [ 11.0951682, 48.2616707 ], [ 11.0948211, 48.2618855 ], [ 11.0945033, 48.2620155 ], [ 11.0942483, 48.2621387 ], [ 11.0942212, 48.2623137 ], [ 11.0941438, 48.2625146 ], [ 11.0938593, 48.2628902 ], [ 11.0929302, 48.2639958 ], [ 11.092879, 48.2641243 ], [ 11.0928844, 48.2641496 ], [ 11.0930702, 48.2641439 ], [ 11.0934288, 48.264151 ], [ 11.0937478, 48.2642104 ], [ 11.0940173, 48.2642828 ], [ 11.0942106, 48.2643859 ], [ 11.0944006, 48.2645051 ], [ 11.094667, 48.2646894 ], [ 11.0947741, 48.2647445 ], [ 11.0948981, 48.2647291 ], [ 11.095558, 48.2646187 ], [ 11.0962369, 48.2645376 ], [ 11.0963563, 48.2645633 ], [ 11.0962669, 48.2648286 ], [ 11.0962384, 48.2650649 ], [ 11.0962698, 48.2653618 ], [ 11.0963906, 48.2658244 ], [ 11.0965226, 48.26606 ], [ 11.0967224, 48.2668008 ], [ 11.0967747, 48.2672409 ], [ 11.0967311, 48.2672621 ], [ 11.0960348, 48.2670748 ], [ 11.0955015, 48.2668595 ], [ 11.0954233, 48.2663234 ], [ 11.0953744, 48.2663017 ], [ 11.0951474, 48.2662573 ], [ 11.094108, 48.2660544 ], [ 11.0923675, 48.2658149 ], [ 11.0921986, 48.2663125 ], [ 11.0921813, 48.2663356 ], [ 11.0921567, 48.2663552 ], [ 11.0921245, 48.2663709 ], [ 11.0920941, 48.2663795 ], [ 11.0914114, 48.2665703 ], [ 11.0910213, 48.2667143 ], [ 11.0906573, 48.2668863 ], [ 11.0904486, 48.2671167 ], [ 11.0902364, 48.2675626 ], [ 11.0902256, 48.2675775 ], [ 11.0900977, 48.2677006 ], [ 11.0898526, 48.2679014 ], [ 11.0897021, 48.2679856 ], [ 11.0896187, 48.2681155 ], [ 11.0894064, 48.2684762 ], [ 11.0891903, 48.2687497 ], [ 11.0889858, 48.2689398 ], [ 11.0885669, 48.2693058 ], [ 11.0879894, 48.2696785 ], [ 11.0874755, 48.2699438 ], [ 11.0869908, 48.2701218 ], [ 11.0876394, 48.2713222 ], [ 11.0877562, 48.2715544 ], [ 11.0878117, 48.2716648 ], [ 11.0871027, 48.2719143 ], [ 11.0838022, 48.272469 ], [ 11.0836367, 48.2728809 ], [ 11.0832224, 48.273921 ], [ 11.0832043, 48.2739422 ], [ 11.0831246, 48.2740543 ], [ 11.083062, 48.2740588 ], [ 11.0830018, 48.2740537 ], [ 11.0829447, 48.2740399 ], [ 11.0826351, 48.2739063 ], [ 11.0822533, 48.2737654 ], [ 11.0820843, 48.2737091 ], [ 11.0822037, 48.2740405 ], [ 11.0824353, 48.2746729 ], [ 11.081427, 48.2745483 ], [ 11.0798495, 48.2743927 ], [ 11.0796724, 48.2743793 ], [ 11.0781913, 48.2742677 ], [ 11.0779025, 48.2742438 ], [ 11.0769958, 48.2741686 ], [ 11.0770404, 48.2742866 ], [ 11.0776959, 48.2760615 ], [ 11.0768009, 48.2761139 ], [ 11.0762526, 48.2768873 ], [ 11.0763874, 48.2769082 ], [ 11.0772779, 48.2770464 ], [ 11.0776431, 48.2770915 ], [ 11.0777561, 48.2770949 ], [ 11.0779062, 48.2782904 ], [ 11.077916, 48.2783689 ], [ 11.0779449, 48.2785985 ], [ 11.0777642, 48.2787 ], [ 11.0773032, 48.278959 ], [ 11.0771849, 48.2790699 ], [ 11.0771387, 48.2791761 ], [ 11.077144, 48.2792709 ], [ 11.0770944, 48.2795473 ], [ 11.0765106, 48.2796311 ], [ 11.0763794, 48.2796118 ], [ 11.0762415, 48.2795917 ], [ 11.076123, 48.2795699 ], [ 11.0759133, 48.2795314 ], [ 11.0755478, 48.2795012 ], [ 11.0753343, 48.2794989 ], [ 11.0749772, 48.2795379 ], [ 11.0746896, 48.2796209 ], [ 11.0745017, 48.2796833 ], [ 11.0736328, 48.2798131 ], [ 11.0725204, 48.2798942 ], [ 11.0724178, 48.2812923 ], [ 11.0721118, 48.2813678 ], [ 11.0714471, 48.2814973 ], [ 11.0699278, 48.2814489 ], [ 11.0699066, 48.2811294 ], [ 11.069931, 48.2808188 ], [ 11.0699536, 48.280658 ], [ 11.070035, 48.2804309 ], [ 11.0701094, 48.2802842 ], [ 11.0702062, 48.2800742 ], [ 11.0702513, 48.2799272 ], [ 11.0702716, 48.2798174 ], [ 11.0702754, 48.2798088 ], [ 11.0702782, 48.2797819 ], [ 11.0702768, 48.2797704 ], [ 11.0702855, 48.2795245 ], [ 11.0702622, 48.2793671 ], [ 11.0701936, 48.2789996 ], [ 11.0700992, 48.2786004 ], [ 11.0699925, 48.2782802 ], [ 11.0697932, 48.2778733 ], [ 11.0697681, 48.2778342 ], [ 11.0696925, 48.2778458 ], [ 11.0695833, 48.2778691 ], [ 11.0694989, 48.2778716 ], [ 11.0694282, 48.2778745 ], [ 11.0693844, 48.2778707 ], [ 11.0691548, 48.2778072 ], [ 11.0690472, 48.2778258 ], [ 11.0688094, 48.2778804 ], [ 11.0675706, 48.2781746 ], [ 11.0672786, 48.2781897 ], [ 11.0671518, 48.2782013 ], [ 11.0670725, 48.2782055 ], [ 11.0670421, 48.2782034 ], [ 11.0667156, 48.2781406 ], [ 11.0661635, 48.2780309 ], [ 11.0661382, 48.2780178 ], [ 11.0659328, 48.2778621 ], [ 11.0643073, 48.2766304 ], [ 11.0639235, 48.2763397 ], [ 11.0639042, 48.2763134 ], [ 11.0638386, 48.2760894 ], [ 11.0636511, 48.2754438 ], [ 11.0635145, 48.275178 ], [ 11.0634956, 48.2751412 ], [ 11.0634907, 48.2751091 ], [ 11.0634761, 48.275082 ], [ 11.0634518, 48.275058 ], [ 11.0634194, 48.2750388 ], [ 11.0632634, 48.2749844 ], [ 11.0632445, 48.2749636 ], [ 11.0632231, 48.274732 ], [ 11.0632521, 48.2746027 ], [ 11.063284, 48.2744609 ], [ 11.0634325, 48.2743575 ], [ 11.0634854, 48.2743083 ], [ 11.0637377, 48.2740479 ], [ 11.0636074, 48.2739136 ], [ 11.0633455, 48.2740416 ], [ 11.0630746, 48.2741489 ], [ 11.0628808, 48.2742129 ], [ 11.0628109, 48.274236 ], [ 11.0625423, 48.2743133 ], [ 11.0621446, 48.2743759 ], [ 11.0621145, 48.2743752 ], [ 11.0621, 48.274375 ], [ 11.0620573, 48.2743665 ], [ 11.0620193, 48.2743509 ], [ 11.0619884, 48.2743296 ], [ 11.061967, 48.2743035 ], [ 11.0619521, 48.2742634 ], [ 11.0618754, 48.2740566 ], [ 11.0618041, 48.2738832 ], [ 11.0617232, 48.2737454 ], [ 11.0616554, 48.2736458 ], [ 11.061547, 48.2735188 ], [ 11.0612045, 48.2731931 ], [ 11.0611013, 48.2730682 ], [ 11.061093, 48.2730515 ], [ 11.0609173, 48.2725562 ], [ 11.0606914, 48.2726229 ], [ 11.0604798, 48.2726753 ], [ 11.0601041, 48.2727263 ], [ 11.0598015, 48.2727456 ], [ 11.0597606, 48.2727415 ], [ 11.0597221, 48.2727309 ], [ 11.0596884, 48.2727144 ], [ 11.0596612, 48.2726929 ], [ 11.0596426, 48.2726677 ], [ 11.0596222, 48.2726063 ], [ 11.0596036, 48.272551 ], [ 11.0596124, 48.27234 ], [ 11.0596057, 48.2721459 ], [ 11.0596038, 48.2718135 ], [ 11.059613, 48.2716877 ], [ 11.0596514, 48.2715634 ], [ 11.059661, 48.2714966 ], [ 11.059679, 48.2714592 ], [ 11.0598511, 48.2714683 ], [ 11.060024, 48.2714778 ], [ 11.0600339, 48.2714573 ], [ 11.0605865, 48.2706792 ], [ 11.0607236, 48.2704864 ], [ 11.0607831, 48.2703739 ], [ 11.06081, 48.2702653 ], [ 11.060848, 48.270031 ], [ 11.0608531, 48.2698558 ], [ 11.0609314, 48.2697339 ], [ 11.0610847, 48.2695015 ], [ 11.0612739, 48.2690295 ], [ 11.0613701, 48.2686607 ], [ 11.0614178, 48.268413 ], [ 11.0614279, 48.2683313 ], [ 11.0614538, 48.268168 ], [ 11.0623426, 48.2680825 ], [ 11.0627265, 48.268071 ], [ 11.0632882, 48.268071 ], [ 11.063494, 48.2667348 ], [ 11.0638986, 48.2668124 ], [ 11.063638, 48.266144 ], [ 11.064112, 48.2662339 ], [ 11.0644584, 48.2662996 ], [ 11.0648647, 48.2664094 ], [ 11.0652289, 48.2664868 ], [ 11.0653315, 48.2664953 ], [ 11.0649595, 48.2648559 ], [ 11.0648763, 48.2644893 ], [ 11.0648037, 48.2641693 ], [ 11.0647948, 48.2641302 ], [ 11.0647774, 48.2640693 ], [ 11.0647117, 48.263731 ], [ 11.0645086, 48.2615937 ], [ 11.06468, 48.2615944 ], [ 11.0658173, 48.2615783 ], [ 11.0663733, 48.2615644 ], [ 11.0665501, 48.2615416 ], [ 11.0664873, 48.2611475 ], [ 11.0664532, 48.2606522 ], [ 11.0664052, 48.2602002 ], [ 11.0663592, 48.2600646 ], [ 11.066308, 48.259747 ], [ 11.0662768, 48.2596154 ], [ 11.0662601, 48.2594247 ], [ 11.0662289, 48.2591661 ], [ 11.0662139, 48.259138 ], [ 11.0665322, 48.259047 ], [ 11.0665598, 48.2587256 ], [ 11.06659, 48.258584 ], [ 11.0666159, 48.2584622 ], [ 11.0664973, 48.2582677 ], [ 11.0663619, 48.2581476 ], [ 11.0664297, 48.2581073 ], [ 11.0665528, 48.2579774 ], [ 11.0665668, 48.257666 ], [ 11.0666681, 48.2572774 ], [ 11.0667714, 48.2568817 ], [ 11.0667856, 48.256882 ], [ 11.0667072, 48.2562675 ], [ 11.0667036, 48.2560892 ], [ 11.0666812, 48.2559134 ], [ 11.0666532, 48.2555428 ], [ 11.0666507, 48.255505 ], [ 11.0666325, 48.2554719 ], [ 11.066616, 48.2554546 ], [ 11.0665816, 48.2554324 ], [ 11.0660623, 48.2552277 ], [ 11.0655264, 48.2549926 ], [ 11.0649855, 48.2547945 ], [ 11.0648107, 48.2547561 ], [ 11.0641205, 48.2548946 ], [ 11.0636724, 48.2549302 ], [ 11.0636032, 48.254864 ], [ 11.0635355, 48.2547993 ], [ 11.0622665, 48.2551482 ], [ 11.0621241, 48.255234 ], [ 11.0620841, 48.2552462 ], [ 11.0619513, 48.255518 ], [ 11.0618492, 48.2557266 ], [ 11.0617325, 48.2557428 ], [ 11.0616264, 48.2557639 ], [ 11.0615372, 48.2558074 ], [ 11.0614487, 48.2558606 ], [ 11.0613719, 48.2559145 ], [ 11.0613264, 48.2559465 ], [ 11.0611997, 48.2559977 ], [ 11.0605239, 48.2565287 ], [ 11.06042, 48.2565409 ], [ 11.0600408, 48.2565508 ], [ 11.0598175, 48.2565325 ], [ 11.0595976, 48.2565074 ], [ 11.0592927, 48.2564179 ], [ 11.0590433, 48.2563234 ], [ 11.0588819, 48.2563189 ], [ 11.0588451, 48.256318 ], [ 11.0587275, 48.2563422 ], [ 11.0585104, 48.256395 ], [ 11.0582757, 48.2564671 ], [ 11.0573756, 48.2567951 ], [ 11.0568944, 48.2569884 ], [ 11.0567624, 48.257059 ], [ 11.0566817, 48.2571108 ], [ 11.056425, 48.2572085 ], [ 11.0546484, 48.2573121 ], [ 11.0545692, 48.2569999 ], [ 11.0543738, 48.2568933 ], [ 11.0542, 48.2568227 ], [ 11.0539436, 48.2567586 ], [ 11.0529201, 48.2567473 ], [ 11.0519917, 48.2566162 ], [ 11.0509202, 48.256559 ], [ 11.0508397, 48.2565581 ], [ 11.0505711, 48.2565552 ], [ 11.0503117, 48.2566048 ], [ 11.0497242, 48.2566915 ], [ 11.0491062, 48.2567587 ], [ 11.0484119, 48.2567627 ], [ 11.0468811, 48.2566462 ], [ 11.0464914, 48.2565235 ], [ 11.0462945, 48.2564615 ], [ 11.0462894, 48.2564645 ], [ 11.0455766, 48.256179 ], [ 11.0447143, 48.2557679 ], [ 11.0445967, 48.2557175 ], [ 11.0443449, 48.2556341 ], [ 11.0443375, 48.2556061 ], [ 11.0443066, 48.2555426 ], [ 11.0441239, 48.2553395 ], [ 11.0440481, 48.2552257 ], [ 11.0439781, 48.2551057 ], [ 11.0439643, 48.2550489 ], [ 11.0439049, 48.2549092 ], [ 11.0438692, 48.2547601 ], [ 11.043847, 48.2545722 ], [ 11.0438699, 48.2543814 ], [ 11.0439214, 48.254199 ], [ 11.043926, 48.254131 ], [ 11.0439409, 48.2540247 ], [ 11.0439589, 48.2539925 ], [ 11.0439527, 48.2539457 ], [ 11.0439861, 48.2538353 ], [ 11.0440469, 48.2535948 ], [ 11.0440647, 48.2534835 ], [ 11.044069, 48.2534054 ], [ 11.0440569, 48.2531174 ], [ 11.0440209, 48.2527694 ], [ 11.0442542, 48.2527152 ], [ 11.0444841, 48.2526617 ], [ 11.0444357, 48.2524136 ], [ 11.0444119, 48.252252 ], [ 11.0443947, 48.2516505 ], [ 11.0444092, 48.251374 ], [ 11.044421, 48.2513183 ], [ 11.0444438, 48.2512115 ], [ 11.0445059, 48.2509851 ], [ 11.044574, 48.2505749 ], [ 11.0446469, 48.2502344 ], [ 11.0446744, 48.2500759 ], [ 11.045857, 48.2501922 ], [ 11.045884, 48.250192 ], [ 11.0460091, 48.2501774 ], [ 11.0460437, 48.2501677 ], [ 11.0460742, 48.2501532 ], [ 11.0460994, 48.2501345 ], [ 11.0461176, 48.2501125 ], [ 11.0462403, 48.2498335 ], [ 11.047465, 48.2500406 ], [ 11.0490993, 48.2502053 ], [ 11.0505595, 48.2503031 ], [ 11.0507859, 48.2504358 ], [ 11.0512222, 48.2503265 ], [ 11.051655, 48.2502515 ], [ 11.0524484, 48.2501608 ], [ 11.0528982, 48.2501434 ], [ 11.0535607, 48.2502036 ], [ 11.0562486, 48.2504055 ], [ 11.0565778, 48.2505484 ], [ 11.0567694, 48.2505252 ], [ 11.0570029, 48.2504954 ], [ 11.0569159, 48.250325 ], [ 11.0568626, 48.2501453 ], [ 11.0567813, 48.2499416 ], [ 11.056714, 48.2497485 ], [ 11.0566607, 48.2495348 ], [ 11.0566207, 48.249409 ], [ 11.0565939, 48.2492195 ], [ 11.0565994, 48.2491866 ], [ 11.0565742, 48.2489879 ], [ 11.0565543, 48.2488271 ], [ 11.0568356, 48.2488645 ], [ 11.0579926, 48.2490435 ], [ 11.0580685, 48.2488968 ], [ 11.0586451, 48.2472934 ], [ 11.058844, 48.2464307 ], [ 11.0588371, 48.2459021 ], [ 11.0587695, 48.2455517 ], [ 11.0585016, 48.2455083 ], [ 11.0581808, 48.2455033 ], [ 11.0581675, 48.2454246 ], [ 11.0581616, 48.2453899 ], [ 11.0581724, 48.2453656 ], [ 11.0581419, 48.2453326 ], [ 11.0581349, 48.2451646 ], [ 11.0581185, 48.2451129 ], [ 11.0580534, 48.2449078 ], [ 11.0579518, 48.2445877 ], [ 11.0578179, 48.2443548 ], [ 11.0577495, 48.2442359 ], [ 11.0577279, 48.244067 ], [ 11.0576962, 48.2438201 ], [ 11.0577026, 48.2437507 ], [ 11.0575843, 48.2437577 ], [ 11.057536, 48.2437592 ], [ 11.0574524, 48.2437616 ], [ 11.0572362, 48.2437678 ], [ 11.0571618, 48.2427192 ], [ 11.0571535, 48.2417415 ], [ 11.0571923, 48.2415481 ], [ 11.0571817, 48.2414132 ], [ 11.0570952, 48.2412853 ], [ 11.0569436, 48.2411625 ], [ 11.0567169, 48.2411702 ], [ 11.0565564, 48.2412126 ], [ 11.0563475, 48.2413599 ], [ 11.0542816, 48.2414151 ], [ 11.0542958, 48.2411948 ], [ 11.0534488, 48.2412335 ], [ 11.053258, 48.2411446 ], [ 11.0531531, 48.2411612 ], [ 11.0526526, 48.2412163 ], [ 11.0523417, 48.2412587 ], [ 11.0517984, 48.2413158 ], [ 11.0515002, 48.2413885 ], [ 11.0512083, 48.2414972 ], [ 11.0508953, 48.2415656 ], [ 11.0497234, 48.2416607 ], [ 11.0495207, 48.2416467 ], [ 11.0494695, 48.2416346 ], [ 11.0493985, 48.2416042 ], [ 11.0492772, 48.2415522 ], [ 11.049246, 48.2415317 ], [ 11.0492218, 48.2415073 ], [ 11.0491294, 48.2413525 ], [ 11.0491146, 48.2413278 ], [ 11.0490223, 48.2413179 ], [ 11.0455202, 48.2421961 ], [ 11.0455111, 48.2420523 ], [ 11.0454822, 48.2408246 ], [ 11.0454591, 48.2398406 ], [ 11.0454534, 48.2392954 ], [ 11.0454524, 48.2391811 ], [ 11.0456125, 48.2391593 ], [ 11.0458318, 48.2391536 ], [ 11.0459336, 48.2377719 ], [ 11.0457393, 48.2377329 ], [ 11.0457544, 48.2372333 ], [ 11.0443245, 48.237192 ], [ 11.0440555, 48.2371253 ], [ 11.0418104, 48.2371962 ], [ 11.0417778, 48.2370408 ], [ 11.0416945, 48.2365436 ], [ 11.0416604, 48.2361694 ], [ 11.0415754, 48.2361147 ], [ 11.0414989, 48.2360656 ], [ 11.0402352, 48.2359581 ], [ 11.040235, 48.2358997 ], [ 11.040164, 48.2338736 ], [ 11.0401467, 48.2335408 ], [ 11.0401437, 48.2334818 ], [ 11.0394506, 48.2334018 ], [ 11.0391991, 48.2333608 ], [ 11.0392408, 48.2332052 ], [ 11.0392819, 48.2330499 ], [ 11.039039, 48.2330107 ], [ 11.0384066, 48.2328962 ], [ 11.038407, 48.2328323 ], [ 11.0384084, 48.2325668 ], [ 11.0384357, 48.2312149 ], [ 11.0384377, 48.2311142 ], [ 11.03844, 48.2309927 ], [ 11.0387679, 48.2310591 ], [ 11.0388709, 48.2310749 ], [ 11.0392612, 48.2311076 ], [ 11.0395683, 48.2311252 ], [ 11.0397797, 48.2311275 ], [ 11.0400744, 48.2311087 ], [ 11.0406557, 48.2310638 ], [ 11.0411335, 48.2304993 ], [ 11.0412697, 48.2302482 ], [ 11.0414031, 48.229891 ], [ 11.0414396, 48.2297929 ], [ 11.0372223, 48.2292066 ], [ 11.037418, 48.2289366 ], [ 11.0376324, 48.2286626 ], [ 11.0376458, 48.2286556 ], [ 11.0390195, 48.228866 ], [ 11.0391969, 48.2288287 ], [ 11.0393744, 48.2287915 ], [ 11.0392983, 48.228731 ], [ 11.0391684, 48.2285767 ], [ 11.0390696, 48.2284216 ], [ 11.0402908, 48.2277641 ], [ 11.0420389, 48.2269237 ], [ 11.0423628, 48.2267344 ], [ 11.0425819, 48.2263074 ], [ 11.0429938, 48.2261905 ], [ 11.0430213, 48.2261745 ], [ 11.0439579, 48.2257801 ], [ 11.0445021, 48.2255606 ], [ 11.0452539, 48.2253329 ], [ 11.0454851, 48.2252692 ], [ 11.0461842, 48.2251468 ], [ 11.0467657, 48.2250362 ], [ 11.0469015, 48.2250049 ], [ 11.0471747, 48.2249326 ], [ 11.0479303, 48.2247665 ], [ 11.0482693, 48.2245019 ], [ 11.0485246, 48.2243714 ], [ 11.0490018, 48.2242178 ], [ 11.0488116, 48.2240923 ], [ 11.0480437, 48.2238874 ], [ 11.0476853, 48.2238237 ], [ 11.0471017, 48.2237362 ], [ 11.0467326, 48.2236636 ], [ 11.0464045, 48.2235866 ], [ 11.0461531, 48.2234914 ], [ 11.0459593, 48.2233939 ], [ 11.0457152, 48.2232591 ], [ 11.0450413, 48.2229336 ], [ 11.0444974, 48.2227274 ], [ 11.0440596, 48.2225852 ], [ 11.0436309, 48.2224516 ], [ 11.0432068, 48.2223379 ], [ 11.0429042, 48.2223147 ], [ 11.0424287, 48.2223278 ], [ 11.041303, 48.2223813 ], [ 11.0388693, 48.2222845 ], [ 11.0387143, 48.2222782 ], [ 11.0384453, 48.2222309 ], [ 11.0384857, 48.2215401 ], [ 11.038528, 48.2214153 ], [ 11.0387067, 48.2212053 ], [ 11.0388091, 48.221194 ], [ 11.0391509, 48.2211339 ], [ 11.0393823, 48.2210993 ], [ 11.039564, 48.2210575 ], [ 11.0399159, 48.220951 ], [ 11.0402154, 48.2208538 ], [ 11.040567, 48.2207542 ], [ 11.0409438, 48.2206615 ], [ 11.0415159, 48.220544 ], [ 11.0421631, 48.2204499 ], [ 11.0425273, 48.220372 ], [ 11.0429296, 48.2203346 ], [ 11.0432803, 48.2203155 ], [ 11.0435769, 48.2203037 ], [ 11.0439632, 48.2203104 ], [ 11.0441487, 48.2203249 ], [ 11.0443478, 48.2203254 ], [ 11.0447408, 48.2202982 ], [ 11.0451097, 48.2202583 ], [ 11.0457668, 48.2201525 ], [ 11.046486, 48.2199987 ], [ 11.0466916, 48.2199477 ], [ 11.0468997, 48.2200101 ], [ 11.0469498, 48.2200252 ], [ 11.0471672, 48.2199856 ], [ 11.047419, 48.2199455 ], [ 11.0477554, 48.2199111 ], [ 11.0477967, 48.2199012 ], [ 11.0480221, 48.2194746 ], [ 11.0480423, 48.2194045 ], [ 11.0480686, 48.219314 ], [ 11.0479011, 48.2190385 ], [ 11.0464352, 48.2189884 ], [ 11.0460534, 48.2183798 ], [ 11.0473806, 48.2178034 ], [ 11.0475245, 48.2177808 ], [ 11.0476643, 48.2178039 ], [ 11.0478588, 48.2178293 ], [ 11.0480405, 48.2177998 ], [ 11.0481686, 48.2177317 ], [ 11.0482269, 48.2176009 ], [ 11.0482846, 48.2174715 ], [ 11.0484207, 48.2172095 ], [ 11.049013, 48.2174014 ], [ 11.0493678, 48.2174629 ], [ 11.0496004, 48.2170914 ], [ 11.049633, 48.2170246 ], [ 11.0497428, 48.2168001 ], [ 11.0498138, 48.2164694 ], [ 11.049909, 48.216202 ], [ 11.0499917, 48.2160263 ], [ 11.0501618, 48.2158324 ], [ 11.0503152, 48.2156388 ], [ 11.0504183, 48.2154718 ], [ 11.0504697, 48.215217 ], [ 11.0504936, 48.2149012 ], [ 11.0505593, 48.2147123 ], [ 11.0506757, 48.2145403 ], [ 11.0508794, 48.2143248 ], [ 11.0508972, 48.2143134 ], [ 11.0509901, 48.2142535 ], [ 11.0511012, 48.2142346 ], [ 11.0513585, 48.2143142 ], [ 11.0514062, 48.2136763 ], [ 11.0514111, 48.2134912 ], [ 11.0514637, 48.2133506 ], [ 11.0515249, 48.2132799 ], [ 11.0517248, 48.2132291 ], [ 11.051869, 48.2131872 ], [ 11.05209, 48.2131172 ], [ 11.0522915, 48.2130412 ], [ 11.0526948, 48.2129191 ], [ 11.0528256, 48.2128836 ], [ 11.0531031, 48.2128183 ], [ 11.0533175, 48.2127792 ], [ 11.0536029, 48.2127159 ], [ 11.0538421, 48.2126576 ], [ 11.0541449, 48.212573 ], [ 11.0543365, 48.2125136 ], [ 11.0545685, 48.2125439 ], [ 11.0548524, 48.2125501 ], [ 11.0551246, 48.2125837 ], [ 11.0553984, 48.2126335 ], [ 11.0557248, 48.2126354 ], [ 11.0560345, 48.2126234 ], [ 11.057588, 48.2126568 ], [ 11.0575627, 48.2128956 ], [ 11.0577086, 48.2131011 ], [ 11.0591211, 48.2135014 ], [ 11.059294, 48.2135432 ], [ 11.0595832, 48.2136924 ], [ 11.059613, 48.2136561 ], [ 11.0597404, 48.2136522 ], [ 11.0602644, 48.2135448 ], [ 11.0598188, 48.2127123 ], [ 11.0598255, 48.2125833 ], [ 11.0598423, 48.2124482 ], [ 11.0596942, 48.2121876 ], [ 11.0596896, 48.2121564 ], [ 11.0597306, 48.2119961 ], [ 11.05968, 48.2116577 ], [ 11.0597172, 48.2114287 ], [ 11.0596703, 48.2111721 ], [ 11.0596714, 48.2111539 ], [ 11.0597053, 48.2110336 ], [ 11.0597866, 48.2109232 ], [ 11.0597875, 48.2108111 ], [ 11.0597928, 48.2107911 ], [ 11.0598837, 48.2106222 ], [ 11.0598914, 48.2102407 ], [ 11.0599533, 48.2100852 ], [ 11.0586092, 48.2101256 ], [ 11.058442, 48.2098868 ], [ 11.0581154, 48.2094203 ], [ 11.0585475, 48.2091482 ], [ 11.0586952, 48.2090095 ], [ 11.0589851, 48.208638 ], [ 11.0590401, 48.2085675 ], [ 11.0594323, 48.2078585 ], [ 11.0594989, 48.2076326 ], [ 11.0594986, 48.2075633 ], [ 11.059468, 48.2075009 ], [ 11.0594274, 48.2074546 ], [ 11.0593159, 48.2073573 ], [ 11.0592685, 48.2073017 ], [ 11.0592582, 48.2072233 ], [ 11.0592915, 48.2071379 ], [ 11.0594727, 48.2069193 ], [ 11.0597174, 48.2065647 ], [ 11.0598274, 48.2063036 ], [ 11.0598054, 48.206187 ], [ 11.0597476, 48.2060885 ], [ 11.0595013, 48.2057323 ], [ 11.0594873, 48.2056248 ], [ 11.0595027, 48.2055529 ], [ 11.0595252, 48.2054489 ], [ 11.0597337, 48.2049929 ], [ 11.0601451, 48.2047875 ], [ 11.0603405, 48.2046509 ], [ 11.0605874, 48.2045883 ], [ 11.0606875, 48.2045319 ], [ 11.0607744, 48.2043046 ], [ 11.0608201, 48.2042458 ], [ 11.0609298, 48.2042122 ], [ 11.0613685, 48.2041094 ], [ 11.0606415, 48.2038351 ], [ 11.0605896, 48.2035616 ], [ 11.0595235, 48.2029033 ], [ 11.0583519, 48.2023924 ], [ 11.0582482, 48.2023053 ], [ 11.0582923, 48.2021599 ], [ 11.058795, 48.2016296 ], [ 11.0570755, 48.2011532 ], [ 11.0562049, 48.2009301 ], [ 11.0557496, 48.2007982 ], [ 11.0553559, 48.2006528 ], [ 11.055693, 48.2005417 ], [ 11.0564094, 48.2002857 ], [ 11.0567479, 48.2001111 ], [ 11.0570395, 48.2000124 ], [ 11.0572376, 48.1999826 ], [ 11.0575211, 48.1999288 ], [ 11.0578306, 48.1998576 ], [ 11.0579098, 48.1999576 ], [ 11.0580345, 48.2000485 ], [ 11.0582574, 48.2001804 ], [ 11.0584612, 48.2002464 ], [ 11.0589666, 48.2004373 ], [ 11.0595733, 48.200659 ], [ 11.0599353, 48.2007883 ], [ 11.0600579, 48.2007888 ], [ 11.0602627, 48.2007829 ], [ 11.0604645, 48.2007525 ], [ 11.0606911, 48.2006803 ], [ 11.0608598, 48.2006014 ], [ 11.0609006, 48.2004582 ], [ 11.0609006, 48.2004135 ], [ 11.0609008, 48.2002921 ], [ 11.0608653, 48.2001065 ], [ 11.0608612, 48.2000846 ], [ 11.0606989, 48.1998609 ], [ 11.0606911, 48.1998186 ], [ 11.0607114, 48.1996739 ], [ 11.0607179, 48.199636 ], [ 11.0606926, 48.1993664 ], [ 11.0606842, 48.199345 ], [ 11.0605078, 48.1991008 ], [ 11.0604562, 48.199034 ], [ 11.0604322, 48.1990031 ], [ 11.0604024, 48.1989813 ], [ 11.0599971, 48.1987947 ], [ 11.0597572, 48.1987005 ], [ 11.0594177, 48.19862 ], [ 11.0590436, 48.1984984 ], [ 11.0586609, 48.1983651 ], [ 11.0584961, 48.1982181 ], [ 11.0585404, 48.1980974 ], [ 11.0586542, 48.197972 ], [ 11.0586995, 48.1979 ], [ 11.0588385, 48.1976976 ], [ 11.0589797, 48.1972896 ], [ 11.0589907, 48.1972413 ], [ 11.0590776, 48.1968579 ], [ 11.0591195, 48.1964635 ], [ 11.0590843, 48.1962442 ], [ 11.0589555, 48.1961545 ], [ 11.0586452, 48.1961864 ], [ 11.0579507, 48.1961991 ], [ 11.0579199, 48.1961316 ], [ 11.0578874, 48.1960601 ], [ 11.0576903, 48.1959024 ], [ 11.0576714, 48.1958842 ], [ 11.0571312, 48.1955388 ], [ 11.0568836, 48.1955138 ], [ 11.0564847, 48.1955285 ], [ 11.0560824, 48.1954893 ], [ 11.0558496, 48.1954874 ], [ 11.0556028, 48.1955242 ], [ 11.0551289, 48.1955144 ], [ 11.054978, 48.1968692 ], [ 11.0537755, 48.1967606 ], [ 11.0536568, 48.1971249 ], [ 11.0534786, 48.1971114 ], [ 11.0532735, 48.1970411 ], [ 11.0527439, 48.1969419 ], [ 11.0523026, 48.1969422 ], [ 11.0519493, 48.1969944 ], [ 11.0516176, 48.1970504 ], [ 11.0514, 48.1970559 ], [ 11.051172, 48.197016 ], [ 11.0507162, 48.1969411 ], [ 11.0503143, 48.1968971 ], [ 11.0500656, 48.1969163 ], [ 11.0500319, 48.196923 ], [ 11.0499202, 48.1969597 ], [ 11.049907, 48.1969625 ], [ 11.049877, 48.1969738 ], [ 11.049855, 48.1969849 ], [ 11.0498303, 48.1970011 ], [ 11.0498133, 48.1970157 ], [ 11.0497958, 48.1970355 ], [ 11.049785, 48.1970525 ], [ 11.0497758, 48.1970748 ], [ 11.0497747, 48.1970845 ], [ 11.0496818, 48.1973728 ], [ 11.0458059, 48.197231 ], [ 11.045641, 48.1972255 ], [ 11.0457473, 48.1966343 ], [ 11.0458769, 48.1957908 ], [ 11.0458867, 48.1956567 ], [ 11.0459273, 48.1953568 ], [ 11.0459354, 48.1952661 ], [ 11.0453898, 48.1951236 ], [ 11.0447079, 48.1949405 ], [ 11.0446376, 48.1949169 ], [ 11.0445735, 48.1948865 ], [ 11.0443418, 48.1947727 ], [ 11.0439745, 48.1949339 ], [ 11.0435832, 48.1951618 ], [ 11.0432701, 48.195389 ], [ 11.0428207, 48.1957387 ], [ 11.0423412, 48.1960248 ], [ 11.0416953, 48.1965306 ], [ 11.0408633, 48.1971376 ], [ 11.0405804, 48.1969596 ], [ 11.0404867, 48.1968642 ], [ 11.0404581, 48.196798 ], [ 11.0404384, 48.1967348 ], [ 11.0404241, 48.1966673 ], [ 11.0404205, 48.1966569 ], [ 11.0404095, 48.1966386 ], [ 11.0404026, 48.1966298 ], [ 11.040217, 48.1964428 ], [ 11.0399719, 48.1962702 ], [ 11.0397358, 48.1961193 ], [ 11.0395441, 48.1959717 ], [ 11.0392989, 48.1959196 ], [ 11.0390575, 48.195871 ], [ 11.0387232, 48.1958134 ], [ 11.038638, 48.1957886 ], [ 11.0385203, 48.1956447 ], [ 11.038362, 48.1954846 ], [ 11.0383225, 48.1954446 ], [ 11.0382216, 48.195366 ], [ 11.0380564, 48.1945112 ], [ 11.0380263, 48.1941429 ], [ 11.038067, 48.1937798 ], [ 11.0370871, 48.1919536 ], [ 11.0369447, 48.1917592 ], [ 11.0367497, 48.1917911 ], [ 11.0365347, 48.1918262 ], [ 11.0361833, 48.1918106 ], [ 11.0364081, 48.1925684 ], [ 11.0364487, 48.1928728 ], [ 11.0363601, 48.1930494 ], [ 11.0361611, 48.1931435 ], [ 11.0358752, 48.1931418 ], [ 11.0353025, 48.1930257 ], [ 11.0346521, 48.1929642 ], [ 11.034541, 48.1928601 ], [ 11.0343816, 48.1928516 ], [ 11.0342228, 48.192845 ], [ 11.0340936, 48.1927892 ], [ 11.0336956, 48.1926741 ], [ 11.0332022, 48.1925231 ], [ 11.0325003, 48.1922139 ], [ 11.0317381, 48.1918694 ], [ 11.0309932, 48.1915651 ], [ 11.0305773, 48.1913693 ], [ 11.0302739, 48.1911866 ], [ 11.0302043, 48.1910995 ], [ 11.0302139, 48.1910643 ], [ 11.0304883, 48.1910608 ], [ 11.0308443, 48.1911436 ], [ 11.0310261, 48.1912094 ], [ 11.0312773, 48.1913109 ], [ 11.0314147, 48.1911349 ], [ 11.031474, 48.1910719 ], [ 11.0315696, 48.1909994 ], [ 11.0318181, 48.1908656 ], [ 11.0322185, 48.1906825 ], [ 11.0327805, 48.1905363 ], [ 11.0335783, 48.1903535 ], [ 11.034042, 48.1902227 ], [ 11.034194, 48.1901795 ], [ 11.0344184, 48.190091 ], [ 11.034628, 48.1900083 ], [ 11.034693, 48.1899327 ], [ 11.034765, 48.1898488 ], [ 11.0344962, 48.1896689 ], [ 11.0339473, 48.1892806 ], [ 11.0337581, 48.1890641 ], [ 11.0336428, 48.1889007 ], [ 11.03357, 48.1886952 ], [ 11.0335084, 48.1884937 ], [ 11.0334435, 48.1883361 ], [ 11.0333149, 48.1882404 ], [ 11.0330374, 48.1880939 ], [ 11.0329116, 48.1879929 ], [ 11.0328702, 48.1878924 ], [ 11.0328655, 48.1878808 ], [ 11.0327878, 48.1874979 ], [ 11.0327239, 48.1874075 ], [ 11.0324879, 48.1871052 ], [ 11.0322508, 48.186682 ], [ 11.031608, 48.1860474 ], [ 11.031448, 48.1858242 ], [ 11.0312369, 48.1859385 ], [ 11.0311819, 48.1858538 ], [ 11.0311174, 48.1857545 ], [ 11.0309819, 48.1856615 ], [ 11.0306388, 48.1855597 ], [ 11.030199, 48.185421 ], [ 11.0297417, 48.1851807 ], [ 11.0294376, 48.1849396 ], [ 11.0292901, 48.1846858 ], [ 11.0295259, 48.1846332 ], [ 11.0296392, 48.1846153 ], [ 11.0297535, 48.1845641 ], [ 11.0299907, 48.1844671 ], [ 11.030238, 48.1843256 ], [ 11.0302191, 48.1841147 ], [ 11.0300492, 48.184011 ], [ 11.0296603, 48.183982 ], [ 11.0290792, 48.1839994 ], [ 11.0289244, 48.1837894 ], [ 11.0287937, 48.183514 ], [ 11.0284701, 48.183002 ], [ 11.0283127, 48.1827434 ], [ 11.0285542, 48.1824897 ], [ 11.0284057, 48.182231 ], [ 11.0282181, 48.1819183 ], [ 11.0281361, 48.1816368 ], [ 11.0282371, 48.1814892 ], [ 11.0283637, 48.1813779 ], [ 11.0284832, 48.1811948 ], [ 11.0284454, 48.180926 ], [ 11.0283351, 48.1807217 ], [ 11.0282003, 48.1804215 ], [ 11.0282182, 48.179921 ], [ 11.0281636, 48.1797603 ], [ 11.0275937, 48.1795083 ], [ 11.0270072, 48.1792869 ], [ 11.0268147, 48.1792069 ], [ 11.0264869, 48.1793122 ], [ 11.0262625, 48.1791436 ], [ 11.0258776, 48.1788308 ], [ 11.0256339, 48.178693 ], [ 11.0255574, 48.1786497 ], [ 11.0253186, 48.1785094 ], [ 11.0250685, 48.178298 ], [ 11.0249777, 48.1782112 ], [ 11.0248681, 48.1781041 ], [ 11.0244997, 48.1781823 ], [ 11.0239365, 48.1782935 ], [ 11.023379, 48.1783542 ], [ 11.0224977, 48.1784925 ], [ 11.0223996, 48.1785079 ], [ 11.0218284, 48.1786135 ], [ 11.020552, 48.1789888 ], [ 11.0203379, 48.1790561 ], [ 11.0197892, 48.1791838 ], [ 11.0193994, 48.1791923 ], [ 11.0193961, 48.1792956 ], [ 11.019351, 48.1803957 ], [ 11.0193403, 48.180421 ], [ 11.0193206, 48.1804436 ], [ 11.0192932, 48.180462 ], [ 11.0192598, 48.1804749 ], [ 11.019223, 48.1804816 ], [ 11.0179515, 48.1804707 ], [ 11.01755, 48.1804536 ], [ 11.0174137, 48.1804934 ], [ 11.0172902, 48.18055 ], [ 11.0171172, 48.1804853 ], [ 11.0169989, 48.1803745 ], [ 11.0146152, 48.1803225 ], [ 11.0147447, 48.1783087 ], [ 11.0142866, 48.1782919 ], [ 11.0138544, 48.1782843 ], [ 11.013554, 48.1782709 ], [ 11.0135045, 48.1782629 ], [ 11.0134496, 48.1782713 ], [ 11.0132741, 48.1783157 ], [ 11.0129672, 48.1784035 ], [ 11.0124803, 48.1785671 ], [ 11.0122695, 48.1786005 ], [ 11.0122434, 48.1786018 ], [ 11.0119573, 48.1785787 ], [ 11.0118639, 48.1785469 ], [ 11.0116467, 48.1784651 ], [ 11.0117561, 48.1784184 ], [ 11.0118786, 48.178307 ], [ 11.0119293, 48.1782332 ], [ 11.0099631, 48.1781083 ], [ 11.007774, 48.177905 ], [ 11.0078565, 48.1775369 ], [ 11.0078592, 48.1775103 ], [ 11.0078515, 48.1774841 ], [ 11.0078402, 48.1774672 ], [ 11.0078166, 48.1774459 ], [ 11.0077853, 48.1774293 ], [ 11.0077745, 48.1774254 ], [ 11.007749, 48.1774188 ], [ 11.0077268, 48.1774164 ], [ 11.0046707, 48.1772801 ], [ 11.0006548, 48.1771482 ], [ 11.0002086, 48.177142 ], [ 11.0001342, 48.1771393 ], [ 10.9998317, 48.1772379 ], [ 10.9994271, 48.1773833 ], [ 10.9987647, 48.1775572 ], [ 10.9987034, 48.177575 ], [ 10.9984526, 48.1775021 ], [ 10.9981683, 48.1774243 ], [ 10.9957496, 48.1767238 ], [ 10.9955896, 48.1766836 ], [ 10.9930275, 48.1760555 ] ] ] } },
{ "type": "Feature", "properties": { "bbox_west": 11.128994, "bbox_south": 47.8199587, "bbox_east": 11.4334957, "bbox_north": 48.1364374, "place_id": 63537819, "osm_type": "relation", "osm_id": 62458, "lat": 47.9782306, "lon": 11.2909919, "class": "boundary", "type": "administrative", "place_rank": 12, "importance": 0.55501283534593704, "addresstype": "county", "name": "Landkreis Starnberg", "display_name": "Landkreis Starnberg, Bavaria, Germany", "place_name": "Starnberg, Bavaria, Germany" }, "geometry": { "type": "Polygon", "coordinates": [ [ [ 11.128994, 48.0784607 ], [ 11.1290406, 48.0783149 ], [ 11.129115, 48.0780994 ], [ 11.1291305, 48.0780645 ], [ 11.1292336, 48.0779417 ], [ 11.1293107, 48.0778933 ], [ 11.1294313, 48.0778473 ], [ 11.1295139, 48.0778394 ], [ 11.1295679, 48.077823 ], [ 11.1298218, 48.0777462 ], [ 11.1300986, 48.0776297 ], [ 11.1302796, 48.0775103 ], [ 11.130304, 48.0774889 ], [ 11.1304667, 48.0773458 ], [ 11.1304793, 48.0773293 ], [ 11.130579, 48.0771207 ], [ 11.1305828, 48.0771018 ], [ 11.1305769, 48.0769936 ], [ 11.1306787, 48.0765536 ], [ 11.1307706, 48.0765631 ], [ 11.1308466, 48.0765727 ], [ 11.1311764, 48.0772044 ], [ 11.1312123, 48.0772899 ], [ 11.131252, 48.0772943 ], [ 11.1312994, 48.0772895 ], [ 11.1314029, 48.0772611 ], [ 11.1314871, 48.0774427 ], [ 11.1316436, 48.0773772 ], [ 11.1317041, 48.077352 ], [ 11.1322281, 48.0771444 ], [ 11.1327437, 48.0769919 ], [ 11.1330398, 48.0768919 ], [ 11.1333248, 48.0767303 ], [ 11.1334939, 48.0766905 ], [ 11.1341398, 48.0764302 ], [ 11.1349022, 48.0761101 ], [ 11.1349952, 48.0759881 ], [ 11.135245, 48.0757281 ], [ 11.1352965, 48.0755877 ], [ 11.1354011, 48.0753915 ], [ 11.135562, 48.0752481 ], [ 11.135661, 48.0751802 ], [ 11.1362884, 48.0745779 ], [ 11.1363928, 48.0744782 ], [ 11.13644, 48.0742519 ], [ 11.1364344, 48.0738235 ], [ 11.136483, 48.0733575 ], [ 11.136442, 48.0724581 ], [ 11.1365213, 48.0721232 ], [ 11.1365303, 48.071685 ], [ 11.1366028, 48.0714094 ], [ 11.1366651, 48.0711731 ], [ 11.1366568, 48.0710516 ], [ 11.136677, 48.0706931 ], [ 11.1366791, 48.0704554 ], [ 11.1367071, 48.0701673 ], [ 11.1367475, 48.0700485 ], [ 11.1367772, 48.0699614 ], [ 11.1368862, 48.0697761 ], [ 11.1368881, 48.0697184 ], [ 11.1368901, 48.0696591 ], [ 11.1368943, 48.0696474 ], [ 11.136902, 48.0696364 ], [ 11.1369609, 48.0695861 ], [ 11.1369707, 48.0695667 ], [ 11.1370669, 48.0692541 ], [ 11.1372275, 48.0686082 ], [ 11.1373035, 48.0684096 ], [ 11.1373473, 48.0681169 ], [ 11.1374437, 48.0678721 ], [ 11.1380033, 48.0668222 ], [ 11.1381979, 48.0663893 ], [ 11.1385171, 48.0655175 ], [ 11.1386344, 48.0651971 ], [ 11.1386942, 48.0648776 ], [ 11.1386894, 48.0646934 ], [ 11.1386872, 48.0646859 ], [ 11.1385153, 48.064377 ], [ 11.1382251, 48.064067 ], [ 11.1380824, 48.0639536 ], [ 11.1376491, 48.0636695 ], [ 11.1375079, 48.0635771 ], [ 11.1373721, 48.0634741 ], [ 11.1365754, 48.0629214 ], [ 11.1364467, 48.0628231 ], [ 11.1363098, 48.0626677 ], [ 11.1360261, 48.0622413 ], [ 11.1359518, 48.0620665 ], [ 11.1357883, 48.0610079 ], [ 11.1355427, 48.0603741 ], [ 11.1352663, 48.0599471 ], [ 11.1345681, 48.0584553 ], [ 11.1345003, 48.0583146 ], [ 11.1342128, 48.0579772 ], [ 11.1339043, 48.0576151 ], [ 11.1337404, 48.0573659 ], [ 11.1336791, 48.0571771 ], [ 11.1334894, 48.0566108 ], [ 11.1333786, 48.0563151 ], [ 11.1328981, 48.0550881 ], [ 11.132796, 48.0547003 ], [ 11.1327922, 48.0546932 ], [ 11.1327646, 48.0546611 ], [ 11.1326762, 48.0545937 ], [ 11.1326153, 48.0545256 ], [ 11.1326105, 48.0545179 ], [ 11.1325809, 48.0544375 ], [ 11.1325801, 48.0544276 ], [ 11.1326698, 48.0538804 ], [ 11.1326778, 48.0538666 ], [ 11.1326832, 48.0538616 ], [ 11.1326909, 48.0538547 ], [ 11.1327082, 48.0538453 ], [ 11.1327284, 48.0538395 ], [ 11.1327501, 48.0538372 ], [ 11.1327707, 48.0538387 ], [ 11.1329569, 48.0538679 ], [ 11.1329682, 48.0534535 ], [ 11.1329557, 48.053397 ], [ 11.1328787, 48.053068 ], [ 11.1326693, 48.0527277 ], [ 11.1322036, 48.0521422 ], [ 11.1317727, 48.0517655 ], [ 11.1317584, 48.0517514 ], [ 11.1317052, 48.0516992 ], [ 11.1316381, 48.0516326 ], [ 11.1315356, 48.0515041 ], [ 11.1313338, 48.051147 ], [ 11.1310165, 48.0503655 ], [ 11.1309225, 48.0501343 ], [ 11.1306649, 48.0494291 ], [ 11.1305194, 48.0491235 ], [ 11.1303585, 48.0487507 ], [ 11.1301919, 48.048421 ], [ 11.1301829, 48.048393 ], [ 11.1301738, 48.0483398 ], [ 11.1301227, 48.0480607 ], [ 11.1298148, 48.0472652 ], [ 11.1296983, 48.0467348 ], [ 11.1294521, 48.0453381 ], [ 11.1294389, 48.0451469 ], [ 11.1294683, 48.0448965 ], [ 11.1294714, 48.0448486 ], [ 11.12957, 48.0443947 ], [ 11.1296449, 48.0440994 ], [ 11.1298014, 48.0437833 ], [ 11.129988, 48.0430697 ], [ 11.1300408, 48.0429008 ], [ 11.1300697, 48.0425963 ], [ 11.1301849, 48.0419291 ], [ 11.1303106, 48.0413091 ], [ 11.1304079, 48.0409916 ], [ 11.1305026, 48.0406794 ], [ 11.1305501, 48.0405156 ], [ 11.1307104, 48.0398948 ], [ 11.1307774, 48.039638 ], [ 11.1308217, 48.0394963 ], [ 11.1309866, 48.038969 ], [ 11.1310657, 48.0387187 ], [ 11.1311674, 48.0384114 ], [ 11.1311922, 48.0383204 ], [ 11.1314101, 48.0376415 ], [ 11.1316413, 48.0367941 ], [ 11.1316699, 48.0366414 ], [ 11.1318103, 48.0361435 ], [ 11.1318583, 48.0359736 ], [ 11.1319649, 48.0355986 ], [ 11.1320642, 48.0352169 ], [ 11.132234, 48.0345636 ], [ 11.132268, 48.0344337 ], [ 11.1323382, 48.0341989 ], [ 11.132416, 48.0339996 ], [ 11.1325767, 48.0336879 ], [ 11.1328749, 48.0329232 ], [ 11.1329024, 48.0328525 ], [ 11.1329831, 48.0324209 ], [ 11.133008, 48.0323481 ], [ 11.1330339, 48.0322227 ], [ 11.1332199, 48.0313726 ], [ 11.1336459, 48.0296306 ], [ 11.1338081, 48.0289031 ], [ 11.133828, 48.028521 ], [ 11.1337848, 48.0282059 ], [ 11.1337855, 48.028145 ], [ 11.1337403, 48.0276898 ], [ 11.1338468, 48.0265653 ], [ 11.1339339, 48.0264678 ], [ 11.1345078, 48.0251803 ], [ 11.1346751, 48.0249562 ], [ 11.1347897, 48.0239378 ], [ 11.1348973, 48.0229053 ], [ 11.1352355, 48.0216866 ], [ 11.1352787, 48.0210462 ], [ 11.1352637, 48.0205902 ], [ 11.1352268, 48.0202494 ], [ 11.1352418, 48.0198858 ], [ 11.1352404, 48.0195106 ], [ 11.1353337, 48.0189833 ], [ 11.1353968, 48.0183921 ], [ 11.1355436, 48.0177121 ], [ 11.1356912, 48.0168069 ], [ 11.1359032, 48.016191 ], [ 11.1361116, 48.0156672 ], [ 11.1363266, 48.0151841 ], [ 11.1365807, 48.0147818 ], [ 11.1367467, 48.0144763 ], [ 11.1368455, 48.0143137 ], [ 11.1371815, 48.0138752 ], [ 11.1374269, 48.0134843 ], [ 11.1378491, 48.0129595 ], [ 11.1382084, 48.0124597 ], [ 11.1383434, 48.011877 ], [ 11.1384977, 48.0115744 ], [ 11.1386237, 48.011382 ], [ 11.1389384, 48.0112305 ], [ 11.1390468, 48.0109622 ], [ 11.1394221, 48.0105895 ], [ 11.139784, 48.0102422 ], [ 11.1400899, 48.0100254 ], [ 11.140269, 48.0098336 ], [ 11.1404674, 48.0094946 ], [ 11.1405033, 48.0094124 ], [ 11.1405768, 48.0092431 ], [ 11.1406116, 48.0091632 ], [ 11.140665, 48.0090239 ], [ 11.1407326, 48.0089269 ], [ 11.1408208, 48.0088822 ], [ 11.1408976, 48.0088737 ], [ 11.1409596, 48.0088584 ], [ 11.1410518, 48.0087649 ], [ 11.1411664, 48.0085459 ], [ 11.1414069, 48.0083272 ], [ 11.1415425, 48.0080019 ], [ 11.1418984, 48.0072996 ], [ 11.1425077, 48.0067787 ], [ 11.1430323, 48.0062444 ], [ 11.1435477, 48.005753 ], [ 11.1442435, 48.0053078 ], [ 11.1444192, 48.0053031 ], [ 11.1444476, 48.0052979 ], [ 11.1449051, 48.0051334 ], [ 11.1449377, 48.0051287 ], [ 11.1450348, 48.0050926 ], [ 11.1450735, 48.0050636 ], [ 11.1450996, 48.0050236 ], [ 11.1454086, 48.0049693 ], [ 11.1454329, 48.0049611 ], [ 11.1457144, 48.0048163 ], [ 11.1460893, 48.0047067 ], [ 11.146451, 48.0044607 ], [ 11.146701, 48.0042528 ], [ 11.1470005, 48.0040038 ], [ 11.1473795, 48.003398 ], [ 11.1474853, 48.0031423 ], [ 11.1475653, 48.0031593 ], [ 11.1476433, 48.0031809 ], [ 11.1478686, 48.002637 ], [ 11.1479296, 48.0023939 ], [ 11.1481789, 48.0020804 ], [ 11.148435, 48.0018218 ], [ 11.1484531, 48.0017644 ], [ 11.148418, 48.0016934 ], [ 11.1487905, 48.0012537 ], [ 11.149099, 48.0008943 ], [ 11.1491255, 48.0008965 ], [ 11.1491544, 48.0008925 ], [ 11.1491838, 48.0008812 ], [ 11.1492163, 48.0008617 ], [ 11.1492435, 48.0008377 ], [ 11.1492934, 48.0007689 ], [ 11.1494792, 48.0007461 ], [ 11.1497187, 48.0007586 ], [ 11.1499324, 48.0008155 ], [ 11.1500593, 48.0008679 ], [ 11.1501782, 48.0009239 ], [ 11.1504572, 48.0010867 ], [ 11.1506476, 48.0011814 ], [ 11.1508585, 48.0012691 ], [ 11.1509973, 48.0013142 ], [ 11.1511424, 48.0013488 ], [ 11.1512882, 48.0013619 ], [ 11.1514314, 48.0013661 ], [ 11.1516652, 48.0013391 ], [ 11.1518869, 48.001275 ], [ 11.1520273, 48.0012168 ], [ 11.1521904, 48.0011393 ], [ 11.1523297, 48.0010548 ], [ 11.1524593, 48.0009674 ], [ 11.1525656, 48.000882 ], [ 11.1526069, 48.0008371 ], [ 11.1527265, 48.0007056 ], [ 11.152821, 48.0005574 ], [ 11.1528653, 48.0004488 ], [ 11.1529272, 48.0003356 ], [ 11.1529724, 48.0002767 ], [ 11.153029, 48.0002225 ], [ 11.1530453, 48.0002131 ], [ 11.1531489, 48.0001793 ], [ 11.1532828, 48.0001566 ], [ 11.1535287, 48.0001308 ], [ 11.1535674, 48.0001299 ], [ 11.1536807, 48.0001269 ], [ 11.1538063, 48.0001331 ], [ 11.1539954, 48.0001626 ], [ 11.1542665, 48.0002254 ], [ 11.1543867, 48.0002804 ], [ 11.1543988, 48.0002889 ], [ 11.1544599, 48.0003556 ], [ 11.1544891, 48.0004163 ], [ 11.154537, 48.0005449 ], [ 11.1545886, 48.0006043 ], [ 11.154701, 48.0006761 ], [ 11.1548255, 48.0007388 ], [ 11.1550635, 48.0008527 ], [ 11.1556548, 48.0011 ], [ 11.1559546, 48.0011938 ], [ 11.1562557, 48.0012773 ], [ 11.1564237, 48.001349 ], [ 11.156559, 48.0014226 ], [ 11.1567258, 48.0015198 ], [ 11.1568824, 48.0016293 ], [ 11.1569748, 48.0017045 ], [ 11.156981, 48.0017113 ], [ 11.1572362, 48.0021184 ], [ 11.1573155, 48.0022276 ], [ 11.1573645, 48.0022742 ], [ 11.1575882, 48.0024307 ], [ 11.1577378, 48.0025033 ], [ 11.1580952, 48.0026683 ], [ 11.1581826, 48.002722 ], [ 11.1581907, 48.0027288 ], [ 11.158252, 48.0028006 ], [ 11.1582907, 48.0028872 ], [ 11.1583615, 48.0029609 ], [ 11.1584738, 48.0030722 ], [ 11.1586107, 48.0031838 ], [ 11.1587719, 48.003289 ], [ 11.1590059, 48.0034456 ], [ 11.1594798, 48.0038116 ], [ 11.1596149, 48.0039095 ], [ 11.1597327, 48.0039748 ], [ 11.1598979, 48.0040422 ], [ 11.1601443, 48.0041264 ], [ 11.1604271, 48.0042095 ], [ 11.1614568, 48.004473 ], [ 11.1616509, 48.0045097 ], [ 11.1618092, 48.0045315 ], [ 11.1619225, 48.0045339 ], [ 11.1620327, 48.0045279 ], [ 11.1621973, 48.0045165 ], [ 11.1624335, 48.0044934 ], [ 11.1626846, 48.0044487 ], [ 11.1630291, 48.0043836 ], [ 11.1633091, 48.0043429 ], [ 11.1636199, 48.0043076 ], [ 11.1637786, 48.0043068 ], [ 11.1641937, 48.0042676 ], [ 11.16478, 48.0039976 ], [ 11.1648005, 48.0039841 ], [ 11.1648882, 48.0039103 ], [ 11.1649013, 48.0038938 ], [ 11.1649096, 48.0038758 ], [ 11.164913, 48.003857 ], [ 11.164907, 48.0037959 ], [ 11.1649161, 48.0037845 ], [ 11.1650547, 48.0037462 ], [ 11.1650787, 48.0037355 ], [ 11.1653483, 48.0035587 ], [ 11.1654377, 48.0034998 ], [ 11.1656245, 48.003381 ], [ 11.1656826, 48.0033928 ], [ 11.1658129, 48.0034248 ], [ 11.1658541, 48.003427 ], [ 11.1658947, 48.0034216 ], [ 11.1660014, 48.0033856 ], [ 11.1660279, 48.0033708 ], [ 11.1661484, 48.0032649 ], [ 11.1661638, 48.0032389 ], [ 11.1661681, 48.0032113 ], [ 11.1661612, 48.0031839 ], [ 11.1661434, 48.0031587 ], [ 11.1660576, 48.0030925 ], [ 11.1660596, 48.0030774 ], [ 11.1661612, 48.003046 ], [ 11.1663794, 48.0029405 ], [ 11.1667724, 48.0026799 ], [ 11.1668417, 48.0026373 ], [ 11.1672215, 48.0022956 ], [ 11.1674135, 48.0021227 ], [ 11.1678198, 48.001696 ], [ 11.1680057, 48.0013585 ], [ 11.1681325, 48.001008 ], [ 11.1681259, 48.0006558 ], [ 11.1680502, 48.0003029 ], [ 11.1678091, 47.9996606 ], [ 11.167582, 47.9992717 ], [ 11.1674919, 47.9990988 ], [ 11.1674697, 47.9990636 ], [ 11.167368, 47.9987849 ], [ 11.1671767, 47.9979313 ], [ 11.1671712, 47.9979242 ], [ 11.1670988, 47.9978282 ], [ 11.1670594, 47.997802 ], [ 11.1670013, 47.9977811 ], [ 11.1669863, 47.9977851 ], [ 11.166811, 47.9978313 ], [ 11.1666585, 47.9979743 ], [ 11.1666445, 47.9979862 ], [ 11.1666082, 47.998005 ], [ 11.1665664, 47.9980174 ], [ 11.1664559, 47.9980297 ], [ 11.1664135, 47.9980275 ], [ 11.1663736, 47.9980187 ], [ 11.1663395, 47.998004 ], [ 11.1663112, 47.9979834 ], [ 11.1662924, 47.9979589 ], [ 11.1662837, 47.9979319 ], [ 11.1662873, 47.9978707 ], [ 11.1663226, 47.9978371 ], [ 11.1664457, 47.9976278 ], [ 11.1665321, 47.9974807 ], [ 11.1664291, 47.9973306 ], [ 11.1661742, 47.9970531 ], [ 11.1661671, 47.996974 ], [ 11.1661707, 47.9969693 ], [ 11.1664116, 47.9966656 ], [ 11.1663357, 47.9965457 ], [ 11.1662511, 47.9964125 ], [ 11.1662917, 47.9962895 ], [ 11.1662921, 47.996151 ], [ 11.1663002, 47.9961268 ], [ 11.1663713, 47.9960244 ], [ 11.1664148, 47.9959907 ], [ 11.166526, 47.9959411 ], [ 11.1665573, 47.995932 ], [ 11.1674055, 47.9958027 ], [ 11.1676452, 47.9957274 ], [ 11.1676653, 47.9957149 ], [ 11.1681538, 47.9953028 ], [ 11.168508, 47.9950253 ], [ 11.1686698, 47.994879 ], [ 11.1688888, 47.9946819 ], [ 11.1691091, 47.9946517 ], [ 11.169197, 47.9946396 ], [ 11.1696955, 47.9940601 ], [ 11.1699549, 47.9936554 ], [ 11.1700545, 47.9935001 ], [ 11.1701933, 47.9931965 ], [ 11.1703072, 47.9928434 ], [ 11.1705249, 47.9919767 ], [ 11.1706087, 47.9915374 ], [ 11.1707136, 47.9910894 ], [ 11.1707164, 47.9908939 ], [ 11.170718, 47.9907788 ], [ 11.170642, 47.9904571 ], [ 11.1705976, 47.9903703 ], [ 11.1705028, 47.9901845 ], [ 11.1702521, 47.989877 ], [ 11.1699782, 47.989677 ], [ 11.169699, 47.9895492 ], [ 11.1689903, 47.9893397 ], [ 11.1686484, 47.9892834 ], [ 11.168534, 47.9892859 ], [ 11.1685227, 47.9892873 ], [ 11.1683465, 47.9893303 ], [ 11.168326, 47.9893263 ], [ 11.1682306, 47.989204 ], [ 11.1680903, 47.9890974 ], [ 11.1675866, 47.9888363 ], [ 11.1673915, 47.9887351 ], [ 11.1669543, 47.9885385 ], [ 11.1656808, 47.9880183 ], [ 11.1654832, 47.9879376 ], [ 11.1653883, 47.987906 ], [ 11.1653698, 47.9878185 ], [ 11.1653485, 47.9878027 ], [ 11.1653087, 47.9877835 ], [ 11.1651762, 47.9877367 ], [ 11.1651521, 47.9877282 ], [ 11.1649596, 47.9876156 ], [ 11.1644124, 47.9873523 ], [ 11.1638924, 47.9869937 ], [ 11.1634319, 47.9866346 ], [ 11.162811, 47.9862527 ], [ 11.1624312, 47.9860032 ], [ 11.1621867, 47.9858008 ], [ 11.1621062, 47.9857341 ], [ 11.1620015, 47.9856109 ], [ 11.1617617, 47.9852708 ], [ 11.1616565, 47.9851761 ], [ 11.1613299, 47.9849349 ], [ 11.1610886, 47.9847022 ], [ 11.1608678, 47.9844985 ], [ 11.1607638, 47.9843394 ], [ 11.1605654, 47.9840787 ], [ 11.1598933, 47.9835646 ], [ 11.1592542, 47.983226 ], [ 11.1584425, 47.9829341 ], [ 11.1568513, 47.982292 ], [ 11.1563224, 47.9820128 ], [ 11.1555548, 47.9814305 ], [ 11.1544311, 47.9802856 ], [ 11.1540056, 47.9797771 ], [ 11.1537963, 47.9794852 ], [ 11.1536102, 47.9792901 ], [ 11.1535419, 47.979171 ], [ 11.1533623, 47.9789941 ], [ 11.1532777, 47.9787003 ], [ 11.1530632, 47.978388 ], [ 11.1530517, 47.9781977 ], [ 11.1530067, 47.9780845 ], [ 11.1529435, 47.9779581 ], [ 11.1529248, 47.9778681 ], [ 11.1527989, 47.9776626 ], [ 11.1527836, 47.9774849 ], [ 11.1526488, 47.9770686 ], [ 11.1526426, 47.9769999 ], [ 11.1525987, 47.9767906 ], [ 11.1524988, 47.9763874 ], [ 11.1524366, 47.976184 ], [ 11.1523859, 47.9759682 ], [ 11.1523095, 47.9757839 ], [ 11.1522036, 47.9756364 ], [ 11.1520812, 47.975485 ], [ 11.1518875, 47.9753937 ], [ 11.1517414, 47.9753054 ], [ 11.1512811, 47.9751242 ], [ 11.1510375, 47.9750062 ], [ 11.1505921, 47.974732 ], [ 11.1503519, 47.9745486 ], [ 11.1503388, 47.9745351 ], [ 11.1501767, 47.9742907 ], [ 11.1500314, 47.9740042 ], [ 11.1498684, 47.9737031 ], [ 11.1497687, 47.9734309 ], [ 11.1497004, 47.9731353 ], [ 11.1496404, 47.9727841 ], [ 11.1495112, 47.9722579 ], [ 11.1494665, 47.9721296 ], [ 11.1495494, 47.9719061 ], [ 11.1495732, 47.9716377 ], [ 11.1493786, 47.9707807 ], [ 11.1493275, 47.9703283 ], [ 11.1492166, 47.9700184 ], [ 11.1492319, 47.9699392 ], [ 11.149341, 47.9697785 ], [ 11.1493682, 47.9696426 ], [ 11.1493288, 47.9695299 ], [ 11.1493214, 47.9695196 ], [ 11.1492747, 47.9693541 ], [ 11.1492795, 47.969249 ], [ 11.1492962, 47.9691552 ], [ 11.149264, 47.9689074 ], [ 11.1493147, 47.9684039 ], [ 11.1494133, 47.9681273 ], [ 11.1495216, 47.967969 ], [ 11.1495668, 47.9678531 ], [ 11.149522, 47.9675636 ], [ 11.1495872, 47.967392 ], [ 11.1496254, 47.9671313 ], [ 11.1498728, 47.9662549 ], [ 11.1502206, 47.9651297 ], [ 11.1502711, 47.9647673 ], [ 11.1502841, 47.9640642 ], [ 11.1503028, 47.9616725 ], [ 11.1504108, 47.9603275 ], [ 11.1505063, 47.9596595 ], [ 11.1505202, 47.9595618 ], [ 11.1504881, 47.9592815 ], [ 11.1505356, 47.9588873 ], [ 11.1505937, 47.9587118 ], [ 11.1506593, 47.9577583 ], [ 11.1506766, 47.9576721 ], [ 11.1506875, 47.9575731 ], [ 11.1506835, 47.9575505 ], [ 11.1508553, 47.9567654 ], [ 11.1508676, 47.9564515 ], [ 11.1508085, 47.9557653 ], [ 11.1506519, 47.9543635 ], [ 11.1505963, 47.9542094 ], [ 11.1506223, 47.953722 ], [ 11.1505942, 47.9534794 ], [ 11.1507082, 47.9534816 ], [ 11.1509308, 47.953486 ], [ 11.1510098, 47.9534615 ], [ 11.1511389, 47.9534281 ], [ 11.1511975, 47.9534235 ], [ 11.1514449, 47.9534572 ], [ 11.1514733, 47.9534652 ], [ 11.1516203, 47.9535312 ], [ 11.1518299, 47.9535139 ], [ 11.1519797, 47.9535216 ], [ 11.152011, 47.9535276 ], [ 11.1521279, 47.9535686 ], [ 11.1522574, 47.9535905 ], [ 11.1526375, 47.9535417 ], [ 11.1528381, 47.9534805 ], [ 11.1528685, 47.9534754 ], [ 11.1528997, 47.9534743 ], [ 11.1531425, 47.9534954 ], [ 11.1534553, 47.9534466 ], [ 11.1534907, 47.9534466 ], [ 11.1536524, 47.9534735 ], [ 11.1538364, 47.9534689 ], [ 11.1538703, 47.9534752 ], [ 11.1539014, 47.9534865 ], [ 11.1539639, 47.9535223 ], [ 11.1541109, 47.9535113 ], [ 11.1541503, 47.9535153 ], [ 11.1543436, 47.9535695 ], [ 11.1546675, 47.9536033 ], [ 11.1550904, 47.9535342 ], [ 11.1551175, 47.9535332 ], [ 11.1553444, 47.9535512 ], [ 11.1555048, 47.9535091 ], [ 11.1555696, 47.9535039 ], [ 11.155774, 47.9535297 ], [ 11.1557635, 47.9536379 ], [ 11.1562154, 47.9536948 ], [ 11.1567522, 47.953901 ], [ 11.1572783, 47.95407 ], [ 11.1575515, 47.9540794 ], [ 11.1582372, 47.9539057 ], [ 11.1589232, 47.9538395 ], [ 11.1593523, 47.9537693 ], [ 11.1597175, 47.9537654 ], [ 11.1598538, 47.9537167 ], [ 11.1601942, 47.9536532 ], [ 11.1606728, 47.9534443 ], [ 11.1608577, 47.9533863 ], [ 11.1611675, 47.9533365 ], [ 11.1614584, 47.9532539 ], [ 11.1619435, 47.9531782 ], [ 11.1622827, 47.953067 ], [ 11.1632073, 47.9529209 ], [ 11.163436, 47.9529541 ], [ 11.1636006, 47.9530347 ], [ 11.1637073, 47.9530633 ], [ 11.1640297, 47.9530974 ], [ 11.1641888, 47.9530896 ], [ 11.1645239, 47.953012 ], [ 11.1647733, 47.9529871 ], [ 11.1650577, 47.9528019 ], [ 11.1651091, 47.9527971 ], [ 11.1653495, 47.9527785 ], [ 11.1655466, 47.9527663 ], [ 11.165721, 47.9528546 ], [ 11.1658079, 47.9528713 ], [ 11.1659594, 47.9528571 ], [ 11.1661185, 47.9528422 ], [ 11.1664561, 47.9528599 ], [ 11.1674821, 47.9526545 ], [ 11.1675781, 47.9526356 ], [ 11.1679591, 47.9532037 ], [ 11.1685544, 47.9534705 ], [ 11.1687894, 47.954518 ], [ 11.1692248, 47.9546222 ], [ 11.1702539, 47.9548683 ], [ 11.1703054, 47.9548811 ], [ 11.1706802, 47.9548519 ], [ 11.1709047, 47.954409 ], [ 11.1710139, 47.9540027 ], [ 11.1711362, 47.9537425 ], [ 11.1712941, 47.9535856 ], [ 11.1719716, 47.9532738 ], [ 11.1722105, 47.9531062 ], [ 11.1723264, 47.9530657 ], [ 11.1723114, 47.9530417 ], [ 11.1721456, 47.952903 ], [ 11.171872, 47.9528007 ], [ 11.1716467, 47.9526495 ], [ 11.1716076, 47.9525166 ], [ 11.1714939, 47.9524275 ], [ 11.1713766, 47.9522741 ], [ 11.1712387, 47.9522093 ], [ 11.1711438, 47.9520539 ], [ 11.1710751, 47.9518425 ], [ 11.1709002, 47.9515397 ], [ 11.170602, 47.9512444 ], [ 11.1703356, 47.9510629 ], [ 11.1702664, 47.9509033 ], [ 11.1702659, 47.9508206 ], [ 11.1702619, 47.9507171 ], [ 11.1702471, 47.9506924 ], [ 11.1700285, 47.9504962 ], [ 11.1698004, 47.9502497 ], [ 11.1697095, 47.9500467 ], [ 11.1694904, 47.9496975 ], [ 11.1691837, 47.9493539 ], [ 11.1687716, 47.9490787 ], [ 11.1684993, 47.9485291 ], [ 11.1684593, 47.9482833 ], [ 11.168442, 47.9480045 ], [ 11.1683264, 47.9469341 ], [ 11.168375, 47.9463345 ], [ 11.1696096, 47.9463727 ], [ 11.1701765, 47.9463791 ], [ 11.1705064, 47.9463864 ], [ 11.1719085, 47.9463599 ], [ 11.1719534, 47.9462554 ], [ 11.1721159, 47.946259 ], [ 11.1723978, 47.9462653 ], [ 11.1727504, 47.9462867 ], [ 11.173161, 47.9462287 ], [ 11.1732943, 47.9462328 ], [ 11.1734309, 47.946237 ], [ 11.1738998, 47.9464194 ], [ 11.1744804, 47.9467422 ], [ 11.1740933, 47.9474785 ], [ 11.1736914, 47.9481689 ], [ 11.1734896, 47.9486384 ], [ 11.1732423, 47.9490651 ], [ 11.1728394, 47.950081 ], [ 11.172781, 47.9502211 ], [ 11.1727221, 47.9504828 ], [ 11.1727255, 47.950522 ], [ 11.1727509, 47.95081 ], [ 11.1730091, 47.9507041 ], [ 11.1731469, 47.9505743 ], [ 11.1738095, 47.9504397 ], [ 11.1739093, 47.9503274 ], [ 11.1739734, 47.9502985 ], [ 11.1742068, 47.9501926 ], [ 11.1744374, 47.9501031 ], [ 11.174491, 47.9500572 ], [ 11.1745725, 47.9499878 ], [ 11.1746391, 47.9499501 ], [ 11.1750351, 47.9498194 ], [ 11.1750797, 47.9498239 ], [ 11.1755588, 47.9498598 ], [ 11.1755971, 47.9498624 ], [ 11.1768114, 47.9498692 ], [ 11.1778746, 47.949862 ], [ 11.178102, 47.9498646 ], [ 11.1792937, 47.9499235 ], [ 11.1801397, 47.9497831 ], [ 11.1802127, 47.9498208 ], [ 11.1804807, 47.9499294 ], [ 11.1808217, 47.9500595 ], [ 11.1810931, 47.9501084 ], [ 11.1813848, 47.9501608 ], [ 11.1817862, 47.949751 ], [ 11.1821553, 47.9494585 ], [ 11.1823995, 47.9491701 ], [ 11.1825321, 47.9490037 ], [ 11.1825691, 47.9489574 ], [ 11.1831404, 47.9487522 ], [ 11.1836088, 47.9484585 ], [ 11.1839001, 47.948085 ], [ 11.1841386, 47.9476298 ], [ 11.1842311, 47.9474011 ], [ 11.184267, 47.9472683 ], [ 11.1843272, 47.9470467 ], [ 11.1843405, 47.9469977 ], [ 11.1848037, 47.9469647 ], [ 11.1849432, 47.9469392 ], [ 11.1851223, 47.9469065 ], [ 11.1852185, 47.9467377 ], [ 11.1854011, 47.9464344 ], [ 11.1853845, 47.9462953 ], [ 11.1853621, 47.9461417 ], [ 11.1852534, 47.9459604 ], [ 11.1852129, 47.9457833 ], [ 11.1852769, 47.945387 ], [ 11.1853576, 47.9449566 ], [ 11.1854196, 47.9447805 ], [ 11.1853895, 47.944602 ], [ 11.1853073, 47.9444077 ], [ 11.1855385, 47.9440638 ], [ 11.1855933, 47.9439493 ], [ 11.1856915, 47.9438094 ], [ 11.1857112, 47.9436427 ], [ 11.1857051, 47.9435203 ], [ 11.1858659, 47.9436047 ], [ 11.1860836, 47.943652 ], [ 11.1864568, 47.9436848 ], [ 11.186583, 47.9435949 ], [ 11.186836, 47.9435578 ], [ 11.1869121, 47.9435572 ], [ 11.187247, 47.9435543 ], [ 11.1875822, 47.9435384 ], [ 11.1876337, 47.943473 ], [ 11.1877635, 47.943308 ], [ 11.1887592, 47.9426553 ], [ 11.1890469, 47.9424889 ], [ 11.1894463, 47.9423579 ], [ 11.1904033, 47.9420441 ], [ 11.1906913, 47.9419875 ], [ 11.1910407, 47.9419447 ], [ 11.1914438, 47.9419282 ], [ 11.1908608, 47.941543 ], [ 11.1903362, 47.9411335 ], [ 11.1902494, 47.9410645 ], [ 11.1896429, 47.9405311 ], [ 11.1894691, 47.9406595 ], [ 11.1893206, 47.9407692 ], [ 11.1891135, 47.9410354 ], [ 11.1888716, 47.9413366 ], [ 11.1883216, 47.9414319 ], [ 11.1879943, 47.9414743 ], [ 11.1880201, 47.9417704 ], [ 11.1878777, 47.9417852 ], [ 11.1877657, 47.9417905 ], [ 11.1876861, 47.9417829 ], [ 11.1875776, 47.941743 ], [ 11.1875517, 47.9417275 ], [ 11.1874775, 47.9416566 ], [ 11.1873791, 47.9416039 ], [ 11.1870925, 47.9414126 ], [ 11.187009, 47.9413535 ], [ 11.1869269, 47.9412811 ], [ 11.1869967, 47.9411279 ], [ 11.18711, 47.9409713 ], [ 11.1871976, 47.9407383 ], [ 11.1872528, 47.9404765 ], [ 11.1872621, 47.9402615 ], [ 11.187219, 47.9400121 ], [ 11.1872045, 47.9398169 ], [ 11.1872406, 47.939588 ], [ 11.1873571, 47.9393583 ], [ 11.1875021, 47.9391175 ], [ 11.1875707, 47.9389727 ], [ 11.1875753, 47.9387764 ], [ 11.1875822, 47.9387568 ], [ 11.18772, 47.9385815 ], [ 11.1877381, 47.9385678 ], [ 11.1879314, 47.9384763 ], [ 11.1880934, 47.9383648 ], [ 11.1881482, 47.9382825 ], [ 11.1881468, 47.9382384 ], [ 11.1881245, 47.9382134 ], [ 11.1880189, 47.9381396 ], [ 11.1879398, 47.9381082 ], [ 11.1878208, 47.9381045 ], [ 11.187659, 47.938132 ], [ 11.1875058, 47.938172 ], [ 11.1874095, 47.9381809 ], [ 11.1873426, 47.9381721 ], [ 11.1873261, 47.9381426 ], [ 11.1873389, 47.9380518 ], [ 11.1874308, 47.9379903 ], [ 11.1874891, 47.9377953 ], [ 11.1875531, 47.9377526 ], [ 11.1877271, 47.9377138 ], [ 11.1880947, 47.9375113 ], [ 11.1881811, 47.9373743 ], [ 11.1882529, 47.9372793 ], [ 11.1883955, 47.9372018 ], [ 11.1885527, 47.9370824 ], [ 11.1885704, 47.9370585 ], [ 11.1885808, 47.937024 ], [ 11.1886121, 47.9369212 ], [ 11.1886201, 47.9368433 ], [ 11.1886056, 47.9366775 ], [ 11.1886135, 47.9365064 ], [ 11.1886563, 47.9363902 ], [ 11.1887462, 47.9362981 ], [ 11.1889471, 47.9361806 ], [ 11.1889644, 47.9361659 ], [ 11.1889774, 47.9361493 ], [ 11.1890525, 47.9359874 ], [ 11.1892381, 47.935814 ], [ 11.1893218, 47.9357294 ], [ 11.1897878, 47.9359808 ], [ 11.1899193, 47.9360372 ], [ 11.1904093, 47.9362707 ], [ 11.1906233, 47.9361602 ], [ 11.1908829, 47.9359709 ], [ 11.1910902, 47.9357724 ], [ 11.1911991, 47.9356498 ], [ 11.1912101, 47.9355277 ], [ 11.1912054, 47.9352661 ], [ 11.1912386, 47.9351493 ], [ 11.191303, 47.9349616 ], [ 11.1913942, 47.9347667 ], [ 11.1914363, 47.9346221 ], [ 11.1914288, 47.9345094 ], [ 11.1913709, 47.934354 ], [ 11.1913021, 47.9341169 ], [ 11.191289, 47.9340831 ], [ 11.1911701, 47.9339429 ], [ 11.1911133, 47.9338538 ], [ 11.1910708, 47.9337939 ], [ 11.191004, 47.9337044 ], [ 11.1909513, 47.933648 ], [ 11.1909393, 47.9336271 ], [ 11.190854, 47.9335424 ], [ 11.1911101, 47.9335482 ], [ 11.1918043, 47.9335242 ], [ 11.192028, 47.9335331 ], [ 11.1922248, 47.93356 ], [ 11.1933174, 47.9336988 ], [ 11.1933651, 47.9337046 ], [ 11.1933792, 47.9336931 ], [ 11.1934146, 47.9336475 ], [ 11.1935043, 47.9334367 ], [ 11.1936394, 47.9331978 ], [ 11.1937539, 47.9331119 ], [ 11.1938549, 47.93307 ], [ 11.1941644, 47.9330647 ], [ 11.1943869, 47.9330763 ], [ 11.1944445, 47.9330999 ], [ 11.1946424, 47.9330907 ], [ 11.1949562, 47.9331164 ], [ 11.1953116, 47.9332128 ], [ 11.1956374, 47.9334659 ], [ 11.1958229, 47.9336716 ], [ 11.1960144, 47.933925 ], [ 11.1962913, 47.933915 ], [ 11.1979594, 47.9338302 ], [ 11.1979372, 47.9336883 ], [ 11.1978926, 47.9334023 ], [ 11.1978407, 47.9331724 ], [ 11.197801, 47.9326831 ], [ 11.1978152, 47.9325477 ], [ 11.1979145, 47.9322496 ], [ 11.1979924, 47.9320687 ], [ 11.1982623, 47.9318359 ], [ 11.1987578, 47.9315309 ], [ 11.1990413, 47.9313029 ], [ 11.1996311, 47.9309778 ], [ 11.1996227, 47.9309593 ], [ 11.1994722, 47.9306277 ], [ 11.1995557, 47.9305731 ], [ 11.1998711, 47.9303668 ], [ 11.2000726, 47.9302351 ], [ 11.2000821, 47.9303448 ], [ 11.200166, 47.9304206 ], [ 11.2002619, 47.9306111 ], [ 11.2002959, 47.930928 ], [ 11.2003103, 47.9310639 ], [ 11.2004327, 47.9310762 ], [ 11.20064, 47.9311117 ], [ 11.2008104, 47.9311654 ], [ 11.2009814, 47.9312536 ], [ 11.2010611, 47.9313208 ], [ 11.2011294, 47.9313785 ], [ 11.2012614, 47.9315537 ], [ 11.2013511, 47.9318022 ], [ 11.2014047, 47.9321906 ], [ 11.2014258, 47.9323445 ], [ 11.2012288, 47.9332559 ], [ 11.2011908, 47.9334475 ], [ 11.2011521, 47.9335322 ], [ 11.2013262, 47.9337646 ], [ 11.2014012, 47.9337877 ], [ 11.2016937, 47.9338551 ], [ 11.2020264, 47.9338927 ], [ 11.2021511, 47.9340216 ], [ 11.2023023, 47.9340722 ], [ 11.2024541, 47.9340873 ], [ 11.2029448, 47.9338723 ], [ 11.2032701, 47.9337813 ], [ 11.2037527, 47.9336828 ], [ 11.2042278, 47.9334651 ], [ 11.2043248, 47.9333296 ], [ 11.2044331, 47.9332828 ], [ 11.2045712, 47.9332455 ], [ 11.20479, 47.9332392 ], [ 11.2050291, 47.9333331 ], [ 11.2060214, 47.9344383 ], [ 11.2060696, 47.9344919 ], [ 11.206536, 47.9342283 ], [ 11.2064896, 47.933861 ], [ 11.2064823, 47.9338035 ], [ 11.2064069, 47.933416 ], [ 11.2064534, 47.9332222 ], [ 11.2066112, 47.9330668 ], [ 11.2066518, 47.9330269 ], [ 11.2068676, 47.9329377 ], [ 11.2070598, 47.932853 ], [ 11.2071945, 47.9327408 ], [ 11.2073152, 47.9326083 ], [ 11.2073381, 47.9324505 ], [ 11.2073408, 47.9322609 ], [ 11.2072388, 47.9321341 ], [ 11.2068559, 47.931904 ], [ 11.206781, 47.931851 ], [ 11.2065577, 47.9316926 ], [ 11.206449, 47.93157 ], [ 11.206428, 47.9314584 ], [ 11.2064249, 47.9314413 ], [ 11.2062723, 47.9313366 ], [ 11.2059732, 47.9312217 ], [ 11.2058787, 47.9310211 ], [ 11.2058159, 47.9308165 ], [ 11.2058743, 47.9307108 ], [ 11.2060386, 47.9306188 ], [ 11.20688, 47.9301493 ], [ 11.2069232, 47.9301253 ], [ 11.2069805, 47.9300624 ], [ 11.2070691, 47.929993 ], [ 11.207259, 47.9299247 ], [ 11.2073803, 47.9298948 ], [ 11.2074897, 47.9298686 ], [ 11.2077796, 47.9298178 ], [ 11.2079341, 47.9298033 ], [ 11.2080849, 47.9297893 ], [ 11.2093726, 47.9295275 ], [ 11.2094197, 47.9296159 ], [ 11.2094709, 47.9297045 ], [ 11.2095707, 47.9298485 ], [ 11.2097292, 47.9299836 ], [ 11.2098684, 47.9300715 ], [ 11.2100321, 47.9301213 ], [ 11.2103629, 47.9300995 ], [ 11.2105196, 47.9301605 ], [ 11.2106278, 47.930246 ], [ 11.2106951, 47.9303069 ], [ 11.2106181, 47.9303695 ], [ 11.2105371, 47.9304502 ], [ 11.2106007, 47.9305245 ], [ 11.2107641, 47.9306034 ], [ 11.2108737, 47.9307676 ], [ 11.2108791, 47.9311971 ], [ 11.2109046, 47.9318195 ], [ 11.2109189, 47.9318798 ], [ 11.2115225, 47.9323772 ], [ 11.2117289, 47.9322493 ], [ 11.2127214, 47.9316363 ], [ 11.2129418, 47.9316233 ], [ 11.2138625, 47.9316725 ], [ 11.214146, 47.9316922 ], [ 11.2142031, 47.9316961 ], [ 11.2147839, 47.9318726 ], [ 11.214823, 47.9318846 ], [ 11.2150947, 47.9322232 ], [ 11.2149597, 47.9325638 ], [ 11.2149447, 47.9326014 ], [ 11.2147143, 47.932954 ], [ 11.2142974, 47.9333242 ], [ 11.213837, 47.9336925 ], [ 11.2134759, 47.9338887 ], [ 11.2137505, 47.9340323 ], [ 11.2134048, 47.9342892 ], [ 11.2133644, 47.9344848 ], [ 11.2136216, 47.9347068 ], [ 11.2141715, 47.9350856 ], [ 11.2145239, 47.9352567 ], [ 11.2146501, 47.9353181 ], [ 11.2152139, 47.935235 ], [ 11.2154077, 47.9352191 ], [ 11.2155238, 47.9352096 ], [ 11.2152791, 47.9338248 ], [ 11.2154131, 47.9335596 ], [ 11.2155186, 47.9333842 ], [ 11.2155418, 47.9333458 ], [ 11.2155955, 47.933189 ], [ 11.2156641, 47.9330882 ], [ 11.2160511, 47.9325189 ], [ 11.2166473, 47.9322432 ], [ 11.2171962, 47.9320579 ], [ 11.2172015, 47.9320559 ], [ 11.2172866, 47.9315794 ], [ 11.2172768, 47.9313679 ], [ 11.2172578, 47.9309559 ], [ 11.2172564, 47.9309221 ], [ 11.2173377, 47.9302989 ], [ 11.2174215, 47.9296668 ], [ 11.2175648, 47.929186 ], [ 11.217595, 47.9290977 ], [ 11.2175861, 47.9287572 ], [ 11.2176794, 47.9287383 ], [ 11.2179661, 47.9286801 ], [ 11.2180714, 47.9286593 ], [ 11.2182179, 47.928878 ], [ 11.2182372, 47.9289059 ], [ 11.2183235, 47.9291195 ], [ 11.218493, 47.9296551 ], [ 11.2191626, 47.9304289 ], [ 11.2192777, 47.930562 ], [ 11.2196185, 47.930798 ], [ 11.2206041, 47.9313941 ], [ 11.2203871, 47.9315331 ], [ 11.2203592, 47.9316554 ], [ 11.2203912, 47.9318458 ], [ 11.2203975, 47.9319974 ], [ 11.2203117, 47.9321949 ], [ 11.2202764, 47.932299 ], [ 11.2214001, 47.9322234 ], [ 11.2211935, 47.9318091 ], [ 11.2212922, 47.9314 ], [ 11.2212717, 47.9311338 ], [ 11.2213421, 47.9308067 ], [ 11.2214466, 47.9304511 ], [ 11.2214834, 47.9303614 ], [ 11.2215259, 47.9302582 ], [ 11.2216312, 47.9300658 ], [ 11.2217231, 47.9299896 ], [ 11.2219426, 47.9298077 ], [ 11.2220613, 47.9297059 ], [ 11.2221397, 47.929599 ], [ 11.2221478, 47.9294616 ], [ 11.2220965, 47.9292151 ], [ 11.2218354, 47.9282936 ], [ 11.2218036, 47.9281812 ], [ 11.2218087, 47.9276374 ], [ 11.2220037, 47.9272025 ], [ 11.2222771, 47.9267646 ], [ 11.2234432, 47.9265382 ], [ 11.2231418, 47.9255937 ], [ 11.2235746, 47.9255286 ], [ 11.2238887, 47.9254815 ], [ 11.2242904, 47.9254213 ], [ 11.2246217, 47.9253939 ], [ 11.2252635, 47.9253367 ], [ 11.225355, 47.9253572 ], [ 11.2257877, 47.9254538 ], [ 11.2258315, 47.9254632 ], [ 11.2258446, 47.925466 ], [ 11.2264438, 47.9257663 ], [ 11.2264864, 47.9257816 ], [ 11.2274992, 47.9259728 ], [ 11.2283891, 47.9259181 ], [ 11.229164, 47.9259461 ], [ 11.2295869, 47.9258985 ], [ 11.2296511, 47.925746 ], [ 11.2296811, 47.9257359 ], [ 11.2299222, 47.9255939 ], [ 11.229936, 47.9253448 ], [ 11.2299849, 47.9248498 ], [ 11.2301213, 47.9246506 ], [ 11.2301811, 47.924563 ], [ 11.2301225, 47.9242234 ], [ 11.2298944, 47.9237797 ], [ 11.2297729, 47.9235135 ], [ 11.229701, 47.9232938 ], [ 11.2299966, 47.9230802 ], [ 11.2302351, 47.92286 ], [ 11.2301849, 47.9221829 ], [ 11.2302843, 47.9218563 ], [ 11.2304627, 47.9216074 ], [ 11.2309713, 47.9214999 ], [ 11.2314291, 47.9213969 ], [ 11.2329294, 47.9222466 ], [ 11.2332127, 47.9224008 ], [ 11.2334336, 47.9225498 ], [ 11.2335742, 47.9226448 ], [ 11.2342924, 47.9229548 ], [ 11.2343264, 47.9229626 ], [ 11.2343627, 47.9229648 ], [ 11.2344333, 47.9229578 ], [ 11.2347068, 47.9229301 ], [ 11.2347421, 47.92292 ], [ 11.2350315, 47.9227703 ], [ 11.2350667, 47.9227406 ], [ 11.2352542, 47.9225817 ], [ 11.2352989, 47.9225528 ], [ 11.2355863, 47.9223661 ], [ 11.2356873, 47.9223004 ], [ 11.2357825, 47.9221993 ], [ 11.235865, 47.9221116 ], [ 11.2360083, 47.921893 ], [ 11.2360533, 47.9217313 ], [ 11.2360526, 47.9217104 ], [ 11.236004, 47.9215689 ], [ 11.2358642, 47.921321 ], [ 11.2353928, 47.9206977 ], [ 11.2349414, 47.9203241 ], [ 11.2344039, 47.9200229 ], [ 11.2336044, 47.9195011 ], [ 11.2334813, 47.9194483 ], [ 11.2316506, 47.9186864 ], [ 11.2307081, 47.918306 ], [ 11.2301797, 47.9181103 ], [ 11.2294834, 47.9179496 ], [ 11.2288306, 47.9177978 ], [ 11.2287562, 47.9177781 ], [ 11.228118, 47.9176488 ], [ 11.2280349, 47.9176308 ], [ 11.2279404, 47.9176178 ], [ 11.2278326, 47.9176161 ], [ 11.2275599, 47.917665 ], [ 11.2273147, 47.9177585 ], [ 11.2267943, 47.9179121 ], [ 11.225903, 47.9180447 ], [ 11.225301, 47.9180175 ], [ 11.2247462, 47.9179031 ], [ 11.2250411, 47.9172432 ], [ 11.2249909, 47.9172308 ], [ 11.2246817, 47.9171537 ], [ 11.2234789, 47.9169358 ], [ 11.2219891, 47.9167502 ], [ 11.2211239, 47.9167113 ], [ 11.2206847, 47.9162962 ], [ 11.2204864, 47.9161089 ], [ 11.2198428, 47.915553 ], [ 11.2194049, 47.9152296 ], [ 11.2192426, 47.9150954 ], [ 11.2192181, 47.9150705 ], [ 11.2191582, 47.9150096 ], [ 11.2190872, 47.914971 ], [ 11.218989, 47.9149488 ], [ 11.2187157, 47.9150197 ], [ 11.2184676, 47.9150523 ], [ 11.2184378, 47.9150614 ], [ 11.2183287, 47.9151207 ], [ 11.2179229, 47.9153887 ], [ 11.2177371, 47.9154876 ], [ 11.2176091, 47.9155796 ], [ 11.2174267, 47.9156747 ], [ 11.2171697, 47.9157347 ], [ 11.2171019, 47.9157413 ], [ 11.2169847, 47.915724 ], [ 11.2169412, 47.9157241 ], [ 11.2168988, 47.9157306 ], [ 11.2165962, 47.9158288 ], [ 11.2165694, 47.9158421 ], [ 11.2164858, 47.9159032 ], [ 11.2163971, 47.9159193 ], [ 11.2163558, 47.9159356 ], [ 11.2162371, 47.9160125 ], [ 11.216213, 47.9160559 ], [ 11.2161409, 47.9161901 ], [ 11.21608, 47.9162016 ], [ 11.216039, 47.9161842 ], [ 11.2159985, 47.916131 ], [ 11.2160252, 47.9159768 ], [ 11.2161488, 47.9159061 ], [ 11.2161734, 47.9158354 ], [ 11.2161375, 47.9158073 ], [ 11.2160261, 47.9157814 ], [ 11.2159411, 47.9157318 ], [ 11.2157753, 47.9157385 ], [ 11.2156848, 47.9156932 ], [ 11.2156628, 47.9156421 ], [ 11.2157702, 47.9155818 ], [ 11.2157689, 47.9155518 ], [ 11.2156267, 47.9154691 ], [ 11.2154827, 47.9154572 ], [ 11.2152688, 47.915343 ], [ 11.2152257, 47.9153032 ], [ 11.2151826, 47.9151831 ], [ 11.2150505, 47.9150986 ], [ 11.2148839, 47.9150628 ], [ 11.2148293, 47.9149427 ], [ 11.2148596, 47.91479 ], [ 11.2147754, 47.9146872 ], [ 11.2146154, 47.9146007 ], [ 11.2144851, 47.9144953 ], [ 11.2144162, 47.9144402 ], [ 11.2143386, 47.9143777 ], [ 11.2143167, 47.9143602 ], [ 11.2142285, 47.9143551 ], [ 11.2140432, 47.9144059 ], [ 11.2139954, 47.9144068 ], [ 11.2138297, 47.914287 ], [ 11.2137853, 47.9142842 ], [ 11.213674, 47.9143291 ], [ 11.2135438, 47.9142835 ], [ 11.2134621, 47.9142548 ], [ 11.2134214, 47.9141943 ], [ 11.213287, 47.9140932 ], [ 11.2132578, 47.9139704 ], [ 11.2130952, 47.9137491 ], [ 11.2130854, 47.9136691 ], [ 11.2131462, 47.9135639 ], [ 11.2131446, 47.913478 ], [ 11.2129305, 47.9132342 ], [ 11.2128141, 47.9131491 ], [ 11.2126362, 47.9130537 ], [ 11.2123276, 47.9130242 ], [ 11.2121944, 47.9129715 ], [ 11.2120046, 47.9129774 ], [ 11.2118231, 47.912946 ], [ 11.2116846, 47.9128653 ], [ 11.2115587, 47.9127541 ], [ 11.2113576, 47.9125036 ], [ 11.2112768, 47.912354 ], [ 11.211229, 47.9122021 ], [ 11.2110978, 47.9120139 ], [ 11.2107967, 47.9118078 ], [ 11.210266, 47.9115496 ], [ 11.2100995, 47.9114143 ], [ 11.2097873, 47.9112223 ], [ 11.2096832, 47.9110846 ], [ 11.2095676, 47.9108515 ], [ 11.2096489, 47.9105947 ], [ 11.2095976, 47.9105684 ], [ 11.2095, 47.9105699 ], [ 11.2094545, 47.9105242 ], [ 11.2083567, 47.9101609 ], [ 11.2082869, 47.910151 ], [ 11.2069735, 47.9103164 ], [ 11.2064279, 47.9105249 ], [ 11.2061217, 47.9105985 ], [ 11.2059922, 47.910662 ], [ 11.2059733, 47.9106546 ], [ 11.205776, 47.91055 ], [ 11.2056461, 47.910432 ], [ 11.2056342, 47.9104159 ], [ 11.2055577, 47.9102394 ], [ 11.2055548, 47.910223 ], [ 11.2053466, 47.9101086 ], [ 11.205416, 47.9100351 ], [ 11.2066364, 47.9093761 ], [ 11.2072464, 47.9090986 ], [ 11.2070166, 47.9089585 ], [ 11.206725, 47.9088109 ], [ 11.2062181, 47.9084779 ], [ 11.2058712, 47.9083001 ], [ 11.2054024, 47.908133 ], [ 11.2049636, 47.9079844 ], [ 11.2028632, 47.9074071 ], [ 11.2026668, 47.9073615 ], [ 11.2026237, 47.9073516 ], [ 11.202502, 47.9072586 ], [ 11.2024764, 47.9071766 ], [ 11.2024806, 47.9070836 ], [ 11.2024823, 47.9070475 ], [ 11.2025036, 47.9068549 ], [ 11.2025125, 47.9067745 ], [ 11.2023983, 47.9067403 ], [ 11.2022152, 47.906748 ], [ 11.201786, 47.9067951 ], [ 11.2008727, 47.9069391 ], [ 11.2007548, 47.9069577 ], [ 11.2004792, 47.9069492 ], [ 11.2000914, 47.9069195 ], [ 11.1999336, 47.9068784 ], [ 11.1991808, 47.9066994 ], [ 11.1994799, 47.9064231 ], [ 11.1995087, 47.9064192 ], [ 11.1996388, 47.9064017 ], [ 11.1998768, 47.9063525 ], [ 11.1999706, 47.9062817 ], [ 11.1998188, 47.906189 ], [ 11.1999463, 47.9061171 ], [ 11.2000367, 47.9060097 ], [ 11.2001001, 47.9058626 ], [ 11.2001615, 47.9058034 ], [ 11.2004327, 47.9057263 ], [ 11.2006033, 47.9057002 ], [ 11.2006818, 47.905634 ], [ 11.2008617, 47.905449 ], [ 11.2008926, 47.9054255 ], [ 11.2011497, 47.9052813 ], [ 11.2012073, 47.9052361 ], [ 11.2006041, 47.9049955 ], [ 11.2005288, 47.9049329 ], [ 11.2005661, 47.9048877 ], [ 11.2006248, 47.9048587 ], [ 11.2009353, 47.9047834 ], [ 11.2010641, 47.9046589 ], [ 11.2010907, 47.9045524 ], [ 11.2010369, 47.9045196 ], [ 11.2009686, 47.9045195 ], [ 11.200773, 47.9045306 ], [ 11.2003541, 47.9046285 ], [ 11.2003199, 47.904641 ], [ 11.1992794, 47.9050219 ], [ 11.1992355, 47.9050342 ], [ 11.1991536, 47.904886 ], [ 11.1989458, 47.9046717 ], [ 11.1989044, 47.9046547 ], [ 11.1988689, 47.9045225 ], [ 11.1988933, 47.9043969 ], [ 11.1990075, 47.9043432 ], [ 11.2000899, 47.9039823 ], [ 11.2006646, 47.9036451 ], [ 11.2008293, 47.9035074 ], [ 11.2009291, 47.9034027 ], [ 11.2010154, 47.9033155 ], [ 11.2010281, 47.9032972 ], [ 11.2010953, 47.9031991 ], [ 11.2011461, 47.903237 ], [ 11.2013768, 47.9032153 ], [ 11.2015888, 47.9032095 ], [ 11.2017009, 47.9032102 ], [ 11.2017828, 47.903223 ], [ 11.2018136, 47.9031178 ], [ 11.2017245, 47.9030969 ], [ 11.2016863, 47.9030923 ], [ 11.2016002, 47.903082 ], [ 11.2009185, 47.9027861 ], [ 11.2002151, 47.9024538 ], [ 11.1999101, 47.9021505 ], [ 11.1997871, 47.9020453 ], [ 11.1997373, 47.9019246 ], [ 11.1996029, 47.9016038 ], [ 11.1994422, 47.9015171 ], [ 11.1993679, 47.9014997 ], [ 11.1993009, 47.9014841 ], [ 11.1990955, 47.9014766 ], [ 11.1989735, 47.9015039 ], [ 11.198889, 47.9015228 ], [ 11.1986882, 47.9015386 ], [ 11.198308, 47.9015446 ], [ 11.1981502, 47.9015244 ], [ 11.197939, 47.9014514 ], [ 11.1978076, 47.9013878 ], [ 11.1976016, 47.9013196 ], [ 11.1972811, 47.9011594 ], [ 11.1969582, 47.9009768 ], [ 11.1968519, 47.9009384 ], [ 11.1966468, 47.9008726 ], [ 11.1962898, 47.9007635 ], [ 11.196116, 47.9006818 ], [ 11.1959109, 47.9002923 ], [ 11.1957593, 47.9001221 ], [ 11.195613, 47.9000973 ], [ 11.1951722, 47.8998751 ], [ 11.194249, 47.9008938 ], [ 11.1941499, 47.9010871 ], [ 11.1941236, 47.9011644 ], [ 11.1938877, 47.9014938 ], [ 11.1939097, 47.9016233 ], [ 11.1940662, 47.9018295 ], [ 11.1945688, 47.9024195 ], [ 11.1943389, 47.9024888 ], [ 11.1941092, 47.9025584 ], [ 11.1939411, 47.9023597 ], [ 11.1936417, 47.9020131 ], [ 11.1934723, 47.9017884 ], [ 11.1931969, 47.9014548 ], [ 11.1928766, 47.9010172 ], [ 11.1926885, 47.9007163 ], [ 11.1925971, 47.9006061 ], [ 11.1925413, 47.9005615 ], [ 11.1924169, 47.9004849 ], [ 11.1921947, 47.9003834 ], [ 11.1919323, 47.9003028 ], [ 11.1910089, 47.9000408 ], [ 11.1905927, 47.8999288 ], [ 11.1899904, 47.899718 ], [ 11.1899681, 47.8997071 ], [ 11.1895463, 47.8995258 ], [ 11.1892262, 47.8993404 ], [ 11.1889281, 47.8991239 ], [ 11.1888551, 47.8990271 ], [ 11.1888128, 47.8989644 ], [ 11.1887211, 47.8987634 ], [ 11.1886969, 47.8986264 ], [ 11.1886844, 47.8984093 ], [ 11.1886936, 47.8979998 ], [ 11.1886801, 47.8979589 ], [ 11.1886664, 47.8978585 ], [ 11.1886117, 47.8977065 ], [ 11.1885124, 47.8975539 ], [ 11.1883608, 47.8973715 ], [ 11.1883446, 47.8973256 ], [ 11.1884105, 47.8972159 ], [ 11.1889467, 47.8966153 ], [ 11.1884172, 47.8962734 ], [ 11.1880725, 47.8961305 ], [ 11.1879234, 47.8961032 ], [ 11.1879035, 47.8959041 ], [ 11.1877673, 47.8954601 ], [ 11.1874199, 47.8946968 ], [ 11.1871283, 47.8941744 ], [ 11.1867612, 47.8936692 ], [ 11.1865446, 47.8933627 ], [ 11.186137, 47.8929625 ], [ 11.1860497, 47.892879 ], [ 11.1860163, 47.8928474 ], [ 11.1859761, 47.8928095 ], [ 11.1854692, 47.8923005 ], [ 11.1849785, 47.8917487 ], [ 11.184886, 47.8916444 ], [ 11.1845467, 47.8909716 ], [ 11.1844439, 47.890642 ], [ 11.1843708, 47.8903525 ], [ 11.1843602, 47.8897177 ], [ 11.1844196, 47.889515 ], [ 11.1844339, 47.8885576 ], [ 11.1844524, 47.8885288 ], [ 11.1844607, 47.8881196 ], [ 11.1843393, 47.8876914 ], [ 11.1841731, 47.8868169 ], [ 11.1840857, 47.8861396 ], [ 11.184085, 47.8857196 ], [ 11.1841425, 47.8852685 ], [ 11.1842114, 47.8849491 ], [ 11.1842434, 47.8848402 ], [ 11.1843028, 47.884745 ], [ 11.1843041, 47.8847391 ], [ 11.184281, 47.8846418 ], [ 11.1842563, 47.884538 ], [ 11.184331, 47.8841389 ], [ 11.1843862, 47.8837978 ], [ 11.1843624, 47.8834202 ], [ 11.1848809, 47.8836424 ], [ 11.1854106, 47.8838279 ], [ 11.1860748, 47.8839873 ], [ 11.1862214, 47.8840199 ], [ 11.1866443, 47.8841501 ], [ 11.1867233, 47.8841831 ], [ 11.1868182, 47.8841782 ], [ 11.1872165, 47.8841656 ], [ 11.1875705, 47.8841687 ], [ 11.1877055, 47.8841698 ], [ 11.1877159, 47.8841686 ], [ 11.1877624, 47.8841703 ], [ 11.1877715, 47.884172 ], [ 11.1880202, 47.8841872 ], [ 11.1886374, 47.8842238 ], [ 11.1887595, 47.8844007 ], [ 11.1888809, 47.8845764 ], [ 11.1890541, 47.8845858 ], [ 11.189726, 47.8846098 ], [ 11.1905011, 47.8846121 ], [ 11.1912962, 47.8846208 ], [ 11.1923204, 47.8846186 ], [ 11.192936, 47.8846101 ], [ 11.1943411, 47.8845723 ], [ 11.1965442, 47.8845124 ], [ 11.1972818, 47.8844913 ], [ 11.1994107, 47.8844299 ], [ 11.2000838, 47.8844105 ], [ 11.2003044, 47.8844076 ], [ 11.201329, 47.8843757 ], [ 11.2015858, 47.8843775 ], [ 11.2017555, 47.8843832 ], [ 11.2018991, 47.884388 ], [ 11.2022406, 47.8844125 ], [ 11.2025413, 47.8844526 ], [ 11.2028529, 47.8845176 ], [ 11.2033103, 47.8846387 ], [ 11.2037165, 47.8847731 ], [ 11.2041161, 47.8849003 ], [ 11.2043742, 47.8849581 ], [ 11.204613, 47.8850093 ], [ 11.2048637, 47.8850442 ], [ 11.2051245, 47.8850558 ], [ 11.2053617, 47.8850541 ], [ 11.2056358, 47.8850302 ], [ 11.2059173, 47.8849871 ], [ 11.2059293, 47.8849866 ], [ 11.2059709, 47.8849788 ], [ 11.2059812, 47.8849751 ], [ 11.2063346, 47.8848976 ], [ 11.2066433, 47.8848438 ], [ 11.2069611, 47.8847989 ], [ 11.2072385, 47.8847772 ], [ 11.2075013, 47.8847843 ], [ 11.2077483, 47.8848021 ], [ 11.2080372, 47.8848441 ], [ 11.2086583, 47.8849862 ], [ 11.2090876, 47.8850746 ], [ 11.2092739, 47.8850967 ], [ 11.2095148, 47.8851049 ], [ 11.2097583, 47.8850965 ], [ 11.2100204, 47.8850551 ], [ 11.2102369, 47.8850082 ], [ 11.2104237, 47.8849375 ], [ 11.210545, 47.8849455 ], [ 11.2106076, 47.8850565 ], [ 11.2105835, 47.8851037 ], [ 11.2105245, 47.8851695 ], [ 11.2102858, 47.8854057 ], [ 11.2102187, 47.8854649 ], [ 11.2101447, 47.8855302 ], [ 11.210079, 47.8856129 ], [ 11.2100031, 47.8856822 ], [ 11.2099511, 47.8857297 ], [ 11.2094438, 47.886175 ], [ 11.2090505, 47.8864167 ], [ 11.2086895, 47.8866971 ], [ 11.2083861, 47.8869847 ], [ 11.2081314, 47.8872051 ], [ 11.2080028, 47.8873164 ], [ 11.2076556, 47.8877436 ], [ 11.2071941, 47.8882204 ], [ 11.2069058, 47.8884204 ], [ 11.2068294, 47.8885212 ], [ 11.2071731, 47.888718 ], [ 11.2073615, 47.8888223 ], [ 11.207431, 47.8888521 ], [ 11.2075936, 47.8889221 ], [ 11.2076417, 47.8889458 ], [ 11.2077055, 47.8889772 ], [ 11.2079012, 47.8890771 ], [ 11.2081243, 47.8892109 ], [ 11.2082926, 47.8896369 ], [ 11.2083278, 47.8896736 ], [ 11.2084223, 47.8897722 ], [ 11.2087137, 47.8899221 ], [ 11.20891, 47.890016 ], [ 11.2091077, 47.8901106 ], [ 11.2092109, 47.8898234 ], [ 11.2092379, 47.8897485 ], [ 11.2093881, 47.8896218 ], [ 11.2094985, 47.8895503 ], [ 11.2099307, 47.8894751 ], [ 11.2099568, 47.8894665 ], [ 11.2101675, 47.8893973 ], [ 11.2103448, 47.8893146 ], [ 11.2104699, 47.8891924 ], [ 11.2105903, 47.8890489 ], [ 11.2107001, 47.8888588 ], [ 11.2109256, 47.8884194 ], [ 11.2110703, 47.888252 ], [ 11.2108259, 47.8880806 ], [ 11.2107311, 47.8880188 ], [ 11.2106342, 47.8879556 ], [ 11.210539, 47.8878751 ], [ 11.2104847, 47.8878294 ], [ 11.2103581, 47.887644 ], [ 11.2103222, 47.8876061 ], [ 11.2101626, 47.8874365 ], [ 11.2102229, 47.8874228 ], [ 11.2105576, 47.8872819 ], [ 11.2108062, 47.8872049 ], [ 11.210836, 47.8871993 ], [ 11.211074, 47.8871809 ], [ 11.21111, 47.8871827 ], [ 11.2113086, 47.8872182 ], [ 11.2113473, 47.8872106 ], [ 11.2113738, 47.8871687 ], [ 11.2114212, 47.8868368 ], [ 11.2114328, 47.8868116 ], [ 11.2114891, 47.8867424 ], [ 11.2115247, 47.8867176 ], [ 11.2116351, 47.8866729 ], [ 11.2116704, 47.8866641 ], [ 11.2118706, 47.886641 ], [ 11.2119232, 47.8866382 ], [ 11.2121706, 47.886668 ], [ 11.212215, 47.886681 ], [ 11.2123028, 47.8867256 ], [ 11.2123349, 47.8867525 ], [ 11.2123326, 47.8861974 ], [ 11.2119357, 47.8861318 ], [ 11.2119462, 47.8860412 ], [ 11.2119777, 47.8859166 ], [ 11.2120116, 47.8857814 ], [ 11.2119978, 47.8857641 ], [ 11.2119629, 47.885375 ], [ 11.2119586, 47.88508 ], [ 11.2119584, 47.8850629 ], [ 11.2121108, 47.8850351 ], [ 11.212172, 47.8850143 ], [ 11.2121152, 47.8848148 ], [ 11.2121382, 47.8846797 ], [ 11.2129677, 47.8845015 ], [ 11.2139642, 47.8842913 ], [ 11.2143588, 47.8842124 ], [ 11.2145044, 47.8841449 ], [ 11.2147754, 47.8840193 ], [ 11.2149668, 47.8839305 ], [ 11.2153838, 47.8837372 ], [ 11.2156359, 47.8836818 ], [ 11.2157279, 47.8836584 ], [ 11.2157618, 47.8836426 ], [ 11.2161713, 47.8834215 ], [ 11.2163182, 47.8833503 ], [ 11.2167316, 47.8831792 ], [ 11.2170641, 47.8832626 ], [ 11.2175041, 47.8833283 ], [ 11.2179694, 47.8833107 ], [ 11.2180474, 47.8833069 ], [ 11.2182719, 47.8832735 ], [ 11.2183693, 47.8830421 ], [ 11.2185622, 47.8830329 ], [ 11.2185526, 47.8829368 ], [ 11.218135, 47.8828006 ], [ 11.2185527, 47.882696 ], [ 11.218371, 47.8825631 ], [ 11.2181402, 47.8824568 ], [ 11.218114, 47.8824355 ], [ 11.2179786, 47.8822387 ], [ 11.217941, 47.8820651 ], [ 11.2179698, 47.8817964 ], [ 11.2181501, 47.8813188 ], [ 11.2185257, 47.8807819 ], [ 11.2187489, 47.8804214 ], [ 11.2189395, 47.8804577 ], [ 11.2210014, 47.8808795 ], [ 11.2211848, 47.8807387 ], [ 11.2213711, 47.8805958 ], [ 11.2217139, 47.8803377 ], [ 11.2221063, 47.8804982 ], [ 11.2231631, 47.880945 ], [ 11.223505, 47.8803887 ], [ 11.2240481, 47.8800364 ], [ 11.224259, 47.8799794 ], [ 11.2248639, 47.8802876 ], [ 11.2246848, 47.8805439 ], [ 11.2262564, 47.8807552 ], [ 11.2271132, 47.8809361 ], [ 11.2279271, 47.879749 ], [ 11.2297882, 47.8803473 ], [ 11.2299811, 47.8804185 ], [ 11.2301096, 47.8804658 ], [ 11.2301534, 47.8804754 ], [ 11.2302395, 47.8804941 ], [ 11.2303611, 47.8804932 ], [ 11.2305167, 47.8804582 ], [ 11.2305687, 47.8804465 ], [ 11.2306503, 47.8803979 ], [ 11.2306868, 47.8803762 ], [ 11.2307199, 47.8802619 ], [ 11.2307625, 47.8799421 ], [ 11.2308726, 47.8795031 ], [ 11.2309931, 47.8794483 ], [ 11.2312846, 47.8793825 ], [ 11.2320132, 47.8797396 ], [ 11.2329932, 47.8802105 ], [ 11.2334053, 47.8804196 ], [ 11.2335057, 47.8804711 ], [ 11.2336195, 47.8805295 ], [ 11.233778, 47.8803211 ], [ 11.2344251, 47.879619 ], [ 11.234498, 47.8795455 ], [ 11.2346751, 47.8793663 ], [ 11.2347864, 47.8792883 ], [ 11.2348939, 47.8792133 ], [ 11.2350728, 47.8792579 ], [ 11.2352316, 47.8792976 ], [ 11.2355538, 47.8793782 ], [ 11.2359357, 47.8794218 ], [ 11.2361949, 47.8794105 ], [ 11.2363392, 47.8793853 ], [ 11.2365121, 47.8793301 ], [ 11.2371244, 47.8789868 ], [ 11.2371527, 47.8789769 ], [ 11.2371833, 47.8789715 ], [ 11.2372146, 47.8789706 ], [ 11.2372457, 47.8789744 ], [ 11.2378166, 47.8791372 ], [ 11.2380976, 47.8792582 ], [ 11.2381668, 47.8792887 ], [ 11.2381068, 47.8793722 ], [ 11.236808, 47.8805109 ], [ 11.2362443, 47.8811985 ], [ 11.2362194, 47.8812163 ], [ 11.2361476, 47.8812485 ], [ 11.2360981, 47.8814104 ], [ 11.2360531, 47.8818806 ], [ 11.2360968, 47.8819023 ], [ 11.2367238, 47.882194 ], [ 11.2367612, 47.8822124 ], [ 11.2367684, 47.8822174 ], [ 11.2371741, 47.8823915 ], [ 11.2371847, 47.8823949 ], [ 11.2372143, 47.8824087 ], [ 11.2372221, 47.8824144 ], [ 11.2372602, 47.8824343 ], [ 11.2379814, 47.882414 ], [ 11.2384049, 47.8823997 ], [ 11.239076, 47.8823783 ], [ 11.2393586, 47.8823703 ], [ 11.2394516, 47.882287 ], [ 11.2395449, 47.8822032 ], [ 11.2398459, 47.8818912 ], [ 11.2400957, 47.8815653 ], [ 11.2403323, 47.8812483 ], [ 11.2406431, 47.8809283 ], [ 11.2407851, 47.8808168 ], [ 11.2409708, 47.8806936 ], [ 11.2411633, 47.8806041 ], [ 11.2415228, 47.8805246 ], [ 11.2417215, 47.8804859 ], [ 11.2418817, 47.8804766 ], [ 11.2418663, 47.8805613 ], [ 11.24174, 47.8809989 ], [ 11.2416245, 47.8816753 ], [ 11.2414363, 47.8821285 ], [ 11.2413965, 47.8824841 ], [ 11.2413793, 47.8826399 ], [ 11.241373, 47.88277 ], [ 11.241825, 47.882747 ], [ 11.2429352, 47.8826903 ], [ 11.2438134, 47.8826454 ], [ 11.2440203, 47.8826365 ], [ 11.2444573, 47.8826176 ], [ 11.2455191, 47.8825915 ], [ 11.2462348, 47.8825817 ], [ 11.2468155, 47.8825842 ], [ 11.2473035, 47.8826031 ], [ 11.2476114, 47.8826282 ], [ 11.2483581, 47.8827252 ], [ 11.2486354, 47.8827768 ], [ 11.2487724, 47.8828055 ], [ 11.2489987, 47.8828598 ], [ 11.2493185, 47.8829497 ], [ 11.2496263, 47.8830519 ], [ 11.2499894, 47.8831703 ], [ 11.2503943, 47.8833251 ], [ 11.2507146, 47.8834649 ], [ 11.2512275, 47.8837193 ], [ 11.2514839, 47.883872 ], [ 11.2516118, 47.8837831 ], [ 11.2518431, 47.8836392 ], [ 11.2519952, 47.8835519 ], [ 11.2521595, 47.883499 ], [ 11.2524093, 47.8834247 ], [ 11.2524709, 47.8832904 ], [ 11.2524893, 47.8832554 ], [ 11.2524997, 47.8831731 ], [ 11.2524896, 47.8828678 ], [ 11.2525295, 47.8826992 ], [ 11.2525704, 47.8824543 ], [ 11.2526691, 47.8821869 ], [ 11.2527112, 47.8819244 ], [ 11.2526597, 47.8816403 ], [ 11.2526985, 47.8814063 ], [ 11.2528115, 47.8811982 ], [ 11.2528846, 47.8809507 ], [ 11.2529484, 47.8806287 ], [ 11.2531411, 47.880403 ], [ 11.2532822, 47.8801376 ], [ 11.2534077, 47.879987 ], [ 11.2536497, 47.8796345 ], [ 11.2540549, 47.8797195 ], [ 11.2549831, 47.8799137 ], [ 11.2554252, 47.8800062 ], [ 11.2554939, 47.8796926 ], [ 11.2556409, 47.8790216 ], [ 11.2556726, 47.8788749 ], [ 11.2559924, 47.8788938 ], [ 11.2562956, 47.8788845 ], [ 11.256605, 47.878761 ], [ 11.25727, 47.8787652 ], [ 11.2575241, 47.8783227 ], [ 11.2576867, 47.8780218 ], [ 11.2578859, 47.8773698 ], [ 11.2580177, 47.876707 ], [ 11.2581897, 47.8759411 ], [ 11.2582069, 47.8756974 ], [ 11.258222, 47.8756416 ], [ 11.2582507, 47.8755844 ], [ 11.2582754, 47.8755423 ], [ 11.2582973, 47.8755239 ], [ 11.2585824, 47.8754007 ], [ 11.2588086, 47.8753236 ], [ 11.2594184, 47.8751214 ], [ 11.2597446, 47.8750166 ], [ 11.2601894, 47.8751817 ], [ 11.2606075, 47.8753369 ], [ 11.260985, 47.8754989 ], [ 11.2614552, 47.8757715 ], [ 11.2615404, 47.8758208 ], [ 11.262167, 47.8761551 ], [ 11.2625076, 47.8763186 ], [ 11.2626466, 47.8764481 ], [ 11.2626878, 47.8764866 ], [ 11.262758, 47.876688 ], [ 11.2627503, 47.8768064 ], [ 11.2627661, 47.8768916 ], [ 11.2628044, 47.8770029 ], [ 11.2628913, 47.8771545 ], [ 11.2630529, 47.8772565 ], [ 11.2634525, 47.8773591 ], [ 11.2636377, 47.8774109 ], [ 11.2640488, 47.8775797 ], [ 11.2641849, 47.8775714 ], [ 11.2643202, 47.8775387 ], [ 11.2644707, 47.8774893 ], [ 11.2645981, 47.8774393 ], [ 11.2646961, 47.8774007 ], [ 11.2647429, 47.8774595 ], [ 11.2647633, 47.877618 ], [ 11.2647761, 47.8777508 ], [ 11.2649728, 47.8779187 ], [ 11.2652218, 47.8779561 ], [ 11.265496, 47.87795 ], [ 11.2656975, 47.8780119 ], [ 11.2660716, 47.878382 ], [ 11.2662388, 47.8785112 ], [ 11.2662517, 47.8785632 ], [ 11.2662569, 47.8787148 ], [ 11.2662832, 47.8787266 ], [ 11.2663431, 47.8787117 ], [ 11.2664562, 47.8786909 ], [ 11.2665061, 47.8787035 ], [ 11.2666273, 47.8787962 ], [ 11.2668368, 47.8788334 ], [ 11.2669318, 47.8788902 ], [ 11.2669543, 47.8789481 ], [ 11.2669444, 47.8789879 ], [ 11.2668525, 47.8790304 ], [ 11.2666547, 47.8790317 ], [ 11.2665877, 47.8790555 ], [ 11.2665709, 47.8790889 ], [ 11.2665514, 47.8792351 ], [ 11.2666396, 47.8793319 ], [ 11.2670192, 47.8794475 ], [ 11.2672435, 47.8794461 ], [ 11.2673678, 47.8794642 ], [ 11.267452, 47.879484 ], [ 11.2674676, 47.8795133 ], [ 11.2674946, 47.8796306 ], [ 11.2673389, 47.8801296 ], [ 11.2673338, 47.8801588 ], [ 11.2673515, 47.8802015 ], [ 11.2673828, 47.8801769 ], [ 11.267411, 47.8801549 ], [ 11.2675581, 47.8800394 ], [ 11.2678729, 47.8796807 ], [ 11.268102, 47.8795145 ], [ 11.2682522, 47.8794247 ], [ 11.2685285, 47.8793805 ], [ 11.2685254, 47.8793445 ], [ 11.2685408, 47.879026 ], [ 11.2685405, 47.8789525 ], [ 11.2691067, 47.8786986 ], [ 11.2693742, 47.8787318 ], [ 11.2705789, 47.8789905 ], [ 11.2706354, 47.8790039 ], [ 11.2710217, 47.8791295 ], [ 11.2713371, 47.8792459 ], [ 11.2716173, 47.8793332 ], [ 11.2718193, 47.8793795 ], [ 11.2721111, 47.8793593 ], [ 11.2724666, 47.8792789 ], [ 11.2727955, 47.8791963 ], [ 11.2731309, 47.8792074 ], [ 11.2731763, 47.8792124 ], [ 11.273395, 47.8792362 ], [ 11.2736017, 47.8794581 ], [ 11.2737388, 47.8798875 ], [ 11.273745, 47.8799355 ], [ 11.2737737, 47.8801019 ], [ 11.2738776, 47.8802201 ], [ 11.2740583, 47.8804259 ], [ 11.2744481, 47.8809599 ], [ 11.2747406, 47.8813207 ], [ 11.2747972, 47.8813905 ], [ 11.2747988, 47.8814018 ], [ 11.2748186, 47.8815393 ], [ 11.2748165, 47.8816569 ], [ 11.2747417, 47.8820527 ], [ 11.2746942, 47.8822178 ], [ 11.2745813, 47.8825419 ], [ 11.2746413, 47.8827882 ], [ 11.2747521, 47.8830293 ], [ 11.2748065, 47.8832004 ], [ 11.2748403, 47.8834458 ], [ 11.2748689, 47.8835746 ], [ 11.2748644, 47.8837144 ], [ 11.2747706, 47.8839112 ], [ 11.2748548, 47.8840377 ], [ 11.275166, 47.8844078 ], [ 11.2756794, 47.8841667 ], [ 11.2759183, 47.884075 ], [ 11.2762823, 47.8839732 ], [ 11.2766154, 47.883926 ], [ 11.2774153, 47.8839108 ], [ 11.2774588, 47.8839146 ], [ 11.2775659, 47.8839239 ], [ 11.2775873, 47.883928 ], [ 11.2778488, 47.8840076 ], [ 11.2779693, 47.8840723 ], [ 11.2779852, 47.8840841 ], [ 11.2782805, 47.8843887 ], [ 11.2783623, 47.8844476 ], [ 11.2788782, 47.8844838 ], [ 11.2788923, 47.8844848 ], [ 11.279093, 47.884514 ], [ 11.2792389, 47.884561 ], [ 11.2792554, 47.8845682 ], [ 11.2794182, 47.8846624 ], [ 11.2796047, 47.8848157 ], [ 11.2798179, 47.8850529 ], [ 11.2802009, 47.8856514 ], [ 11.2804662, 47.8860103 ], [ 11.2804931, 47.8860344 ], [ 11.2808151, 47.8863242 ], [ 11.2808949, 47.8863962 ], [ 11.2810494, 47.8865109 ], [ 11.2817364, 47.886561 ], [ 11.2819026, 47.8865844 ], [ 11.282414, 47.8866217 ], [ 11.2827325, 47.8866853 ], [ 11.2828972, 47.8867551 ], [ 11.2829689, 47.8868001 ], [ 11.2830456, 47.8868402 ], [ 11.2830679, 47.8868618 ], [ 11.2833981, 47.8872795 ], [ 11.2834057, 47.8872969 ], [ 11.2834311, 47.8874383 ], [ 11.2834933, 47.8874325 ], [ 11.2836627, 47.8874074 ], [ 11.2837897, 47.8872741 ], [ 11.283836, 47.887253 ], [ 11.2840011, 47.8872526 ], [ 11.2840518, 47.8872553 ], [ 11.2842382, 47.8873084 ], [ 11.2843031, 47.8873577 ], [ 11.2845652, 47.8870157 ], [ 11.2846132, 47.8869685 ], [ 11.2847061, 47.8868927 ], [ 11.2847186, 47.8868864 ], [ 11.2847331, 47.886882 ], [ 11.284953, 47.8868547 ], [ 11.2851783, 47.8868417 ], [ 11.2853793, 47.886898 ], [ 11.285573, 47.8869311 ], [ 11.285591, 47.8869279 ], [ 11.285684, 47.8869249 ], [ 11.2857548, 47.8869078 ], [ 11.2858898, 47.8867674 ], [ 11.2860268, 47.8866391 ], [ 11.2861061, 47.8863762 ], [ 11.2861098, 47.885849 ], [ 11.286024, 47.8856208 ], [ 11.2859791, 47.8855427 ], [ 11.2859159, 47.8854624 ], [ 11.2857865, 47.8853689 ], [ 11.285677, 47.8852654 ], [ 11.2854807, 47.8852088 ], [ 11.2853601, 47.885152 ], [ 11.285351, 47.8851455 ], [ 11.2853438, 47.8851378 ], [ 11.285298, 47.8850569 ], [ 11.2852028, 47.8849434 ], [ 11.2851989, 47.8849359 ], [ 11.2851218, 47.8846244 ], [ 11.2849819, 47.8842728 ], [ 11.2849864, 47.8839526 ], [ 11.2850711, 47.8837244 ], [ 11.2850685, 47.8836063 ], [ 11.2850671, 47.8835408 ], [ 11.2849771, 47.8833757 ], [ 11.2849343, 47.8832681 ], [ 11.2849341, 47.8832534 ], [ 11.2851299, 47.8826992 ], [ 11.2852354, 47.8824993 ], [ 11.2854266, 47.8821887 ], [ 11.2856869, 47.8817787 ], [ 11.2864706, 47.881338 ], [ 11.2865028, 47.8812981 ], [ 11.2866987, 47.881056 ], [ 11.2871275, 47.8807408 ], [ 11.2874746, 47.8803819 ], [ 11.288, 47.8798715 ], [ 11.2882553, 47.8796236 ], [ 11.288501, 47.8795495 ], [ 11.2886348, 47.8792762 ], [ 11.2888597, 47.8791471 ], [ 11.2890176, 47.8788947 ], [ 11.2890991, 47.8784768 ], [ 11.2890536, 47.8780727 ], [ 11.2889096, 47.8778993 ], [ 11.2888347, 47.877518 ], [ 11.2888221, 47.8765249 ], [ 11.2887344, 47.8762944 ], [ 11.2888089, 47.876026 ], [ 11.2886458, 47.8751297 ], [ 11.2886975, 47.8747248 ], [ 11.2888645, 47.8742942 ], [ 11.2890415, 47.8740224 ], [ 11.2891997, 47.8738867 ], [ 11.2894352, 47.8736314 ], [ 11.2895356, 47.8732076 ], [ 11.2898329, 47.8725681 ], [ 11.2907874, 47.8719632 ], [ 11.2912296, 47.871683 ], [ 11.2912823, 47.8716337 ], [ 11.2913004, 47.8715657 ], [ 11.2913604, 47.8713006 ], [ 11.2915935, 47.8709133 ], [ 11.2918932, 47.8705743 ], [ 11.2922049, 47.8703663 ], [ 11.2927759, 47.8700477 ], [ 11.2928721, 47.8699122 ], [ 11.2937037, 47.8693686 ], [ 11.2938072, 47.8693809 ], [ 11.2939052, 47.8693878 ], [ 11.2939264, 47.8693872 ], [ 11.2940971, 47.8693663 ], [ 11.294204, 47.8693348 ], [ 11.2942265, 47.8693245 ], [ 11.294317, 47.8692648 ], [ 11.2943987, 47.8691964 ], [ 11.2944758, 47.8691392 ], [ 11.2945522, 47.8690793 ], [ 11.2948116, 47.8688683 ], [ 11.2949372, 47.8688188 ], [ 11.2966024, 47.8681507 ], [ 11.2967572, 47.8680705 ], [ 11.2968475, 47.8680235 ], [ 11.2969408, 47.8679206 ], [ 11.2970232, 47.8677261 ], [ 11.2971044, 47.8675343 ], [ 11.2972472, 47.867297 ], [ 11.2976498, 47.8667834 ], [ 11.2978948, 47.866572 ], [ 11.2979136, 47.8665606 ], [ 11.2983517, 47.866371 ], [ 11.2984209, 47.8663095 ], [ 11.2985435, 47.8660931 ], [ 11.2985515, 47.8660789 ], [ 11.2986172, 47.8659125 ], [ 11.2987137, 47.8656772 ], [ 11.2987682, 47.8654274 ], [ 11.2988485, 47.8653259 ], [ 11.2988841, 47.8651871 ], [ 11.298941, 47.865037 ], [ 11.2989706, 47.8648183 ], [ 11.2990357, 47.8644711 ], [ 11.2990814, 47.8643709 ], [ 11.299094, 47.8643547 ], [ 11.2993032, 47.8641721 ], [ 11.2996838, 47.863926 ], [ 11.2999038, 47.8637341 ], [ 11.3000199, 47.8635872 ], [ 11.3001495, 47.8630769 ], [ 11.3004091, 47.8624668 ], [ 11.3005469, 47.8620313 ], [ 11.3005823, 47.8618408 ], [ 11.3006122, 47.8616791 ], [ 11.3007922, 47.8613335 ], [ 11.3008483, 47.8611919 ], [ 11.3009209, 47.8609167 ], [ 11.3009643, 47.8606565 ], [ 11.3009832, 47.8605367 ], [ 11.3009834, 47.8605079 ], [ 11.3010786, 47.8603483 ], [ 11.3012, 47.8602004 ], [ 11.3017596, 47.8595191 ], [ 11.3017656, 47.8595066 ], [ 11.3019286, 47.8591643 ], [ 11.301936, 47.8589798 ], [ 11.3018976, 47.8588964 ], [ 11.3018876, 47.8588046 ], [ 11.301843, 47.8586447 ], [ 11.3018173, 47.8585751 ], [ 11.3016985, 47.8583534 ], [ 11.301548, 47.8580166 ], [ 11.3013243, 47.857566 ], [ 11.3012158, 47.8573922 ], [ 11.301207, 47.8573563 ], [ 11.3010674, 47.8570014 ], [ 11.3009493, 47.8565719 ], [ 11.3007998, 47.8563182 ], [ 11.3007421, 47.8561826 ], [ 11.3007398, 47.8561612 ], [ 11.3007572, 47.8560786 ], [ 11.3007639, 47.8560636 ], [ 11.3008786, 47.8559034 ], [ 11.3008759, 47.8558874 ], [ 11.3008191, 47.8557993 ], [ 11.3006678, 47.8556499 ], [ 11.3004703, 47.8555049 ], [ 11.3002233, 47.8553754 ], [ 11.2998406, 47.8551434 ], [ 11.2998227, 47.8551332 ], [ 11.2996653, 47.855074 ], [ 11.2995627, 47.8550508 ], [ 11.2993994, 47.8550542 ], [ 11.2992389, 47.8550286 ], [ 11.2991431, 47.8550023 ], [ 11.2989714, 47.8549302 ], [ 11.298682, 47.854823 ], [ 11.2983632, 47.8547261 ], [ 11.2981657, 47.8546232 ], [ 11.2980035, 47.8545278 ], [ 11.2979297, 47.8544843 ], [ 11.2978617, 47.8544335 ], [ 11.2978025, 47.8543731 ], [ 11.2977643, 47.8543447 ], [ 11.2977306, 47.8543347 ], [ 11.2975869, 47.8543388 ], [ 11.297436, 47.8543224 ], [ 11.2972991, 47.8542982 ], [ 11.2970577, 47.854245 ], [ 11.2966679, 47.8541 ], [ 11.2965125, 47.8540343 ], [ 11.2965015, 47.8540285 ], [ 11.2953715, 47.8532877 ], [ 11.2949916, 47.8529775 ], [ 11.294818, 47.8528583 ], [ 11.2947179, 47.8527604 ], [ 11.2946395, 47.8526511 ], [ 11.2946338, 47.8526394 ], [ 11.2946115, 47.8525563 ], [ 11.2945646, 47.8524648 ], [ 11.2944571, 47.8523587 ], [ 11.2943676, 47.8522542 ], [ 11.2942602, 47.8520997 ], [ 11.2941745, 47.8520024 ], [ 11.2939688, 47.851727 ], [ 11.29381, 47.8515239 ], [ 11.2937263, 47.8514481 ], [ 11.2936273, 47.8513281 ], [ 11.293522, 47.8512869 ], [ 11.2934329, 47.8511787 ], [ 11.2931802, 47.8505664 ], [ 11.2931371, 47.8501079 ], [ 11.2932205, 47.849113 ], [ 11.2932862, 47.8488603 ], [ 11.2933439, 47.8487409 ], [ 11.2934815, 47.8484556 ], [ 11.2934966, 47.8483679 ], [ 11.2935073, 47.8483059 ], [ 11.2934411, 47.848232 ], [ 11.2933323, 47.8481749 ], [ 11.2928207, 47.8480657 ], [ 11.292797, 47.8480572 ], [ 11.2924226, 47.8478605 ], [ 11.2924033, 47.8478456 ], [ 11.2923124, 47.8477381 ], [ 11.2923041, 47.8477236 ], [ 11.2922577, 47.8475774 ], [ 11.2921786, 47.8474928 ], [ 11.2921694, 47.8474787 ], [ 11.292125, 47.8473657 ], [ 11.2920967, 47.8472487 ], [ 11.2920716, 47.847235 ], [ 11.292003, 47.847185 ], [ 11.2918919, 47.8471301 ], [ 11.291772, 47.8470584 ], [ 11.2917107, 47.8469457 ], [ 11.2916837, 47.8468665 ], [ 11.2916552, 47.846719 ], [ 11.2916875, 47.8466444 ], [ 11.291737, 47.8465753 ], [ 11.2918351, 47.8464685 ], [ 11.2920178, 47.8462512 ], [ 11.2920576, 47.8461253 ], [ 11.2920377, 47.8459834 ], [ 11.2920265, 47.845847 ], [ 11.2921254, 47.8457256 ], [ 11.2923208, 47.8453519 ], [ 11.2926433, 47.844993 ], [ 11.2927567, 47.8449603 ], [ 11.2926745, 47.8447314 ], [ 11.2926023, 47.8443473 ], [ 11.2924285, 47.8442951 ], [ 11.2923615, 47.8443315 ], [ 11.2922841, 47.8443143 ], [ 11.2918748, 47.8441438 ], [ 11.2917446, 47.8440498 ], [ 11.2916341, 47.8439231 ], [ 11.2915784, 47.8437979 ], [ 11.2915045, 47.8436353 ], [ 11.291502, 47.8434567 ], [ 11.2914641, 47.843428 ], [ 11.2914807, 47.8431229 ], [ 11.2915295, 47.8430133 ], [ 11.2915529, 47.8428924 ], [ 11.291559, 47.8427253 ], [ 11.2915474, 47.842495 ], [ 11.2913958, 47.8424203 ], [ 11.2912113, 47.8424031 ], [ 11.2911342, 47.8422879 ], [ 11.2911331, 47.8421959 ], [ 11.2912076, 47.8421382 ], [ 11.2913155, 47.842069 ], [ 11.2914569, 47.8419998 ], [ 11.2914812, 47.8419422 ], [ 11.291505, 47.8418385 ], [ 11.2915195, 47.841683 ], [ 11.2914841, 47.8415506 ], [ 11.2914815, 47.8413606 ], [ 11.2914122, 47.8411878 ], [ 11.2912837, 47.8409807 ], [ 11.2911052, 47.8407735 ], [ 11.2910876, 47.8407101 ], [ 11.2910678, 47.8404971 ], [ 11.2910156, 47.8403531 ], [ 11.291005, 47.8401977 ], [ 11.2909501, 47.8398522 ], [ 11.2909519, 47.8396679 ], [ 11.2910211, 47.8394465 ], [ 11.2911329, 47.8393149 ], [ 11.291202, 47.8392783 ], [ 11.2912031, 47.8391707 ], [ 11.2912033, 47.8391415 ], [ 11.2912402, 47.838941 ], [ 11.2911953, 47.838845 ], [ 11.2911921, 47.8388234 ], [ 11.2912006, 47.8387712 ], [ 11.2912167, 47.8387441 ], [ 11.291254, 47.8387137 ], [ 11.291283, 47.8387017 ], [ 11.2913689, 47.8386823 ], [ 11.2914004, 47.8386601 ], [ 11.2914472, 47.8385544 ], [ 11.29146, 47.8383398 ], [ 11.2913798, 47.8378909 ], [ 11.2913286, 47.8374097 ], [ 11.2913261, 47.8373756 ], [ 11.2913412, 47.8372605 ], [ 11.2914821, 47.837085 ], [ 11.2915192, 47.836992 ], [ 11.2915274, 47.8368842 ], [ 11.2915306, 47.8368414 ], [ 11.2914756, 47.8365977 ], [ 11.2912062, 47.8361952 ], [ 11.2910239, 47.8359917 ], [ 11.2907083, 47.8357046 ], [ 11.2904218, 47.8355413 ], [ 11.2901599, 47.8354072 ], [ 11.2901033, 47.8353783 ], [ 11.2899336, 47.8352603 ], [ 11.2899159, 47.8352413 ], [ 11.2899043, 47.8352199 ], [ 11.2898182, 47.8350386 ], [ 11.2898059, 47.8350038 ], [ 11.2897873, 47.8348524 ], [ 11.2897994, 47.8346569 ], [ 11.2898052, 47.8345668 ], [ 11.2897838, 47.8343539 ], [ 11.2897475, 47.8339911 ], [ 11.2897698, 47.8336472 ], [ 11.289772, 47.8336112 ], [ 11.2898837, 47.8331586 ], [ 11.2899791, 47.8327185 ], [ 11.2902655, 47.832281 ], [ 11.2904731, 47.8319338 ], [ 11.2907204, 47.8316596 ], [ 11.2907843, 47.8315777 ], [ 11.2908255, 47.8315092 ], [ 11.2912739, 47.8309744 ], [ 11.2919072, 47.8303892 ], [ 11.2919202, 47.8303773 ], [ 11.292188, 47.8301738 ], [ 11.2924946, 47.8300086 ], [ 11.2933073, 47.8295953 ], [ 11.2934313, 47.8295483 ], [ 11.2936065, 47.8294972 ], [ 11.2936944, 47.8295472 ], [ 11.2940042, 47.829416 ], [ 11.29447, 47.8292744 ], [ 11.2948703, 47.8291336 ], [ 11.2952738, 47.8290454 ], [ 11.2953264, 47.8289679 ], [ 11.2954634, 47.8288854 ], [ 11.2956696, 47.8288539 ], [ 11.2959569, 47.8286544 ], [ 11.296329, 47.8284029 ], [ 11.297002, 47.8281395 ], [ 11.2971895, 47.8280752 ], [ 11.2973566, 47.8280178 ], [ 11.2974635, 47.8279812 ], [ 11.2976175, 47.8279283 ], [ 11.2976868, 47.8278876 ], [ 11.2982939, 47.827531 ], [ 11.2989149, 47.8271924 ], [ 11.2989671, 47.827175 ], [ 11.2993092, 47.8270604 ], [ 11.30043, 47.8266849 ], [ 11.300664, 47.8266065 ], [ 11.3008148, 47.82654 ], [ 11.3009763, 47.8264687 ], [ 11.3011499, 47.8263921 ], [ 11.3013897, 47.8262862 ], [ 11.3015088, 47.8262341 ], [ 11.3015937, 47.8261995 ], [ 11.3022038, 47.8259557 ], [ 11.3024806, 47.8258478 ], [ 11.3026863, 47.8257623 ], [ 11.303208, 47.8255533 ], [ 11.3032148, 47.825501 ], [ 11.3035699, 47.8254079 ], [ 11.3039284, 47.8252717 ], [ 11.3039588, 47.8251741 ], [ 11.3042807, 47.825043 ], [ 11.3048389, 47.8248101 ], [ 11.3053251, 47.8246177 ], [ 11.3057315, 47.8244898 ], [ 11.3060905, 47.8243751 ], [ 11.3069227, 47.8241219 ], [ 11.3071574, 47.8240501 ], [ 11.3072965, 47.8240076 ], [ 11.3074226, 47.823969 ], [ 11.3075318, 47.8239356 ], [ 11.307898, 47.8238214 ], [ 11.3080574, 47.8237702 ], [ 11.3083216, 47.8237049 ], [ 11.3084222, 47.8236356 ], [ 11.3085685, 47.8235233 ], [ 11.3088089, 47.8233931 ], [ 11.308883, 47.823353 ], [ 11.3090713, 47.8232839 ], [ 11.3093067, 47.8231975 ], [ 11.3096475, 47.8230721 ], [ 11.3098478, 47.8229838 ], [ 11.310154, 47.8228489 ], [ 11.3102716, 47.8227971 ], [ 11.3103884, 47.8227456 ], [ 11.3105199, 47.8226876 ], [ 11.3106624, 47.8226014 ], [ 11.3108937, 47.8224614 ], [ 11.3114466, 47.8221267 ], [ 11.3116445, 47.8219846 ], [ 11.3117375, 47.8219178 ], [ 11.3122423, 47.821695 ], [ 11.3123834, 47.8216294 ], [ 11.3127622, 47.8215091 ], [ 11.3131951, 47.8212911 ], [ 11.3137225, 47.8209776 ], [ 11.3138482, 47.8209029 ], [ 11.3141463, 47.8208297 ], [ 11.314345, 47.8207824 ], [ 11.3153167, 47.8206883 ], [ 11.3158188, 47.8206397 ], [ 11.3161959, 47.8206156 ], [ 11.3168989, 47.8206118 ], [ 11.3176954, 47.8205918 ], [ 11.3182137, 47.8206118 ], [ 11.3198821, 47.8206762 ], [ 11.3209343, 47.8208141 ], [ 11.3209606, 47.8208179 ], [ 11.3212637, 47.8208691 ], [ 11.3216979, 47.8209418 ], [ 11.3218628, 47.820991 ], [ 11.3218802, 47.8209338 ], [ 11.321964, 47.820948 ], [ 11.3219442, 47.8210239 ], [ 11.322109, 47.8211089 ], [ 11.3221287, 47.8211197 ], [ 11.3226194, 47.8213874 ], [ 11.3227367, 47.821699 ], [ 11.3227504, 47.8217033 ], [ 11.3228413, 47.8216853 ], [ 11.3228206, 47.821501 ], [ 11.3231847, 47.8215332 ], [ 11.3235704, 47.8216779 ], [ 11.3241413, 47.8218364 ], [ 11.3243993, 47.8218398 ], [ 11.3256369, 47.821856 ], [ 11.3258881, 47.8218559 ], [ 11.3258864, 47.8219106 ], [ 11.3261548, 47.8219376 ], [ 11.3260687, 47.8215761 ], [ 11.3260396, 47.8214057 ], [ 11.325802, 47.8204559 ], [ 11.3256247, 47.8201311 ], [ 11.3260578, 47.8199587 ], [ 11.3275536, 47.8199707 ], [ 11.328072, 47.819985 ], [ 11.3283575, 47.8200505 ], [ 11.3286131, 47.8202558 ], [ 11.3288509, 47.8203095 ], [ 11.3291226, 47.820403 ], [ 11.3292747, 47.8202753 ], [ 11.3292334, 47.8202424 ], [ 11.3291551, 47.8201801 ], [ 11.329485, 47.8199838 ], [ 11.329862, 47.8200072 ], [ 11.3305556, 47.8200869 ], [ 11.3307988, 47.8201584 ], [ 11.3309917, 47.8202269 ], [ 11.3311611, 47.820287 ], [ 11.3313091, 47.8203619 ], [ 11.3314288, 47.8204226 ], [ 11.3315823, 47.8205382 ], [ 11.3317902, 47.8207227 ], [ 11.331993, 47.8209238 ], [ 11.3321352, 47.8209985 ], [ 11.3322625, 47.8210703 ], [ 11.3328133, 47.8212651 ], [ 11.3329823, 47.8213473 ], [ 11.3341496, 47.8218327 ], [ 11.334634, 47.8221782 ], [ 11.3347582, 47.8222673 ], [ 11.3344775, 47.8224416 ], [ 11.3351815, 47.8228232 ], [ 11.3353531, 47.822722 ], [ 11.3354411, 47.8228373 ], [ 11.3354972, 47.8229108 ], [ 11.3357877, 47.8232913 ], [ 11.3359501, 47.8235922 ], [ 11.3362011, 47.8239363 ], [ 11.3364615, 47.8242667 ], [ 11.3366259, 47.8244877 ], [ 11.3367787, 47.8247275 ], [ 11.3368084, 47.8247814 ], [ 11.3368651, 47.8249842 ], [ 11.3367986, 47.8250079 ], [ 11.3367771, 47.8250194 ], [ 11.3367355, 47.8250513 ], [ 11.3367045, 47.825095 ], [ 11.3366905, 47.8252336 ], [ 11.3366892, 47.8253002 ], [ 11.3366831, 47.8253412 ], [ 11.336592, 47.8254407 ], [ 11.3366172, 47.8255369 ], [ 11.336704, 47.8258662 ], [ 11.3367934, 47.8260628 ], [ 11.3368215, 47.8260914 ], [ 11.3369156, 47.8262676 ], [ 11.3370289, 47.8263151 ], [ 11.3375804, 47.8265979 ], [ 11.337643, 47.8267552 ], [ 11.3377497, 47.8269192 ], [ 11.337809, 47.8271387 ], [ 11.3378367, 47.827401 ], [ 11.3378548, 47.8279417 ], [ 11.3373514, 47.8284588 ], [ 11.3373443, 47.8284694 ], [ 11.3369782, 47.8290246 ], [ 11.3368465, 47.8295506 ], [ 11.3367757, 47.8296261 ], [ 11.3367455, 47.8297921 ], [ 11.3365863, 47.830096 ], [ 11.3362145, 47.8305951 ], [ 11.3361827, 47.8307732 ], [ 11.3360945, 47.8308858 ], [ 11.3360878, 47.8308941 ], [ 11.3357862, 47.8311152 ], [ 11.3356842, 47.8311713 ], [ 11.335636, 47.8312193 ], [ 11.335636, 47.8312611 ], [ 11.335662, 47.8312921 ], [ 11.3356862, 47.8313192 ], [ 11.3358177, 47.8313733 ], [ 11.3358736, 47.8313738 ], [ 11.3359929, 47.8313367 ], [ 11.3361829, 47.8312357 ], [ 11.3364282, 47.831185 ], [ 11.3365864, 47.8312555 ], [ 11.3366515, 47.8312843 ], [ 11.3369932, 47.8315462 ], [ 11.3372654, 47.831896 ], [ 11.3373671, 47.8322493 ], [ 11.3372812, 47.8327578 ], [ 11.3372687, 47.8327805 ], [ 11.3371599, 47.8329234 ], [ 11.3370984, 47.8329763 ], [ 11.3370121, 47.8330507 ], [ 11.3372183, 47.8347255 ], [ 11.3372199, 47.8347411 ], [ 11.3373913, 47.834864 ], [ 11.3377961, 47.8351544 ], [ 11.3379564, 47.8354146 ], [ 11.3381505, 47.8356128 ], [ 11.3382278, 47.8356917 ], [ 11.3383152, 47.8357743 ], [ 11.3383695, 47.8360942 ], [ 11.3384414, 47.8368627 ], [ 11.3385192, 47.8375584 ], [ 11.3385692, 47.8381829 ], [ 11.3385991, 47.8385567 ], [ 11.3386435, 47.8393496 ], [ 11.3386226, 47.8396055 ], [ 11.3386438, 47.840321 ], [ 11.338644, 47.8408942 ], [ 11.3386093, 47.8412967 ], [ 11.3385358, 47.8417241 ], [ 11.3385279, 47.8418128 ], [ 11.338522, 47.8418434 ], [ 11.3384976, 47.8420433 ], [ 11.3383469, 47.8423123 ], [ 11.3383611, 47.842367 ], [ 11.3385095, 47.8429632 ], [ 11.3385095, 47.8429795 ], [ 11.3384517, 47.8432243 ], [ 11.3383823, 47.8435572 ], [ 11.3383498, 47.8440554 ], [ 11.3383531, 47.8443502 ], [ 11.3383538, 47.8444043 ], [ 11.338543, 47.8446607 ], [ 11.3384146, 47.8447141 ], [ 11.3381501, 47.8448235 ], [ 11.3382364, 47.8449503 ], [ 11.3382758, 47.8450082 ], [ 11.3382813, 47.8450206 ], [ 11.3383481, 47.8453372 ], [ 11.3382525, 47.8461779 ], [ 11.3382027, 47.8467928 ], [ 11.3381445, 47.8479375 ], [ 11.3380976, 47.8481193 ], [ 11.3380357, 47.8485134 ], [ 11.3379447, 47.8489519 ], [ 11.3378734, 47.8494417 ], [ 11.3376074, 47.8504872 ], [ 11.3373137, 47.851533 ], [ 11.3372727, 47.8517577 ], [ 11.3371475, 47.8524848 ], [ 11.3371251, 47.8526909 ], [ 11.3371214, 47.8527028 ], [ 11.3369057, 47.8531101 ], [ 11.3369031, 47.8532122 ], [ 11.3368679, 47.8535214 ], [ 11.3368453, 47.8537554 ], [ 11.3368427, 47.8539674 ], [ 11.3368116, 47.8541243 ], [ 11.3368139, 47.8541414 ], [ 11.3367777, 47.854277 ], [ 11.3367004, 47.8546726 ], [ 11.3365211, 47.8551656 ], [ 11.3364884, 47.8552555 ], [ 11.3363893, 47.8556417 ], [ 11.336238, 47.8563716 ], [ 11.3359936, 47.8570703 ], [ 11.335867, 47.8575471 ], [ 11.3356225, 47.8583309 ], [ 11.3354944, 47.8588076 ], [ 11.3353361, 47.8595354 ], [ 11.3352666, 47.859938 ], [ 11.3352496, 47.8600976 ], [ 11.335161, 47.8603269 ], [ 11.3351414, 47.8604677 ], [ 11.3350768, 47.8609326 ], [ 11.3346443, 47.8632974 ], [ 11.3346028, 47.8634998 ], [ 11.3345746, 47.8636966 ], [ 11.3345208, 47.8641609 ], [ 11.3344755, 47.8647739 ], [ 11.3345283, 47.8651294 ], [ 11.334501, 47.8655273 ], [ 11.3344862, 47.8656291 ], [ 11.3344324, 47.8658834 ], [ 11.3344071, 47.8662978 ], [ 11.3343993, 47.8663966 ], [ 11.3344017, 47.8665629 ], [ 11.3343996, 47.8666478 ], [ 11.3343871, 47.8671716 ], [ 11.3343521, 47.8674768 ], [ 11.3343366, 47.8676424 ], [ 11.3343042, 47.8679229 ], [ 11.3341961, 47.8684128 ], [ 11.3341529, 47.8685927 ], [ 11.3341109, 47.8687686 ], [ 11.3340138, 47.8690794 ], [ 11.3338041, 47.8695362 ], [ 11.3338028, 47.869587 ], [ 11.3337662, 47.869677 ], [ 11.3336846, 47.8698163 ], [ 11.3335081, 47.8699837 ], [ 11.3332413, 47.8702368 ], [ 11.3330532, 47.8704428 ], [ 11.3329341, 47.8705733 ], [ 11.332195, 47.8712827 ], [ 11.3321815, 47.8713721 ], [ 11.3321282, 47.8715434 ], [ 11.3321236, 47.8719055 ], [ 11.3321933, 47.8723684 ], [ 11.3323157, 47.8725889 ], [ 11.3324175, 47.8727511 ], [ 11.3327759, 47.8733221 ], [ 11.3328597, 47.873529 ], [ 11.3329653, 47.8737894 ], [ 11.3330205, 47.8741158 ], [ 11.3332288, 47.8752932 ], [ 11.3332553, 47.8755329 ], [ 11.3333243, 47.8761954 ], [ 11.3333277, 47.8762547 ], [ 11.333286, 47.8775881 ], [ 11.3332786, 47.8776802 ], [ 11.3332789, 47.8778093 ], [ 11.3332646, 47.8782647 ], [ 11.3332945, 47.8792751 ], [ 11.3333294, 47.8804511 ], [ 11.3333695, 47.8809116 ], [ 11.3333821, 47.8823743 ], [ 11.3333515, 47.8844887 ], [ 11.333339, 47.8849194 ], [ 11.3333404, 47.8849827 ], [ 11.3333158, 47.8850703 ], [ 11.3333089, 47.8850952 ], [ 11.3332884, 47.8852408 ], [ 11.3332748, 47.8854519 ], [ 11.3332906, 47.8859003 ], [ 11.3333061, 47.8861874 ], [ 11.3333155, 47.8863648 ], [ 11.3333207, 47.8864588 ], [ 11.3333296, 47.8867993 ], [ 11.3332972, 47.8871437 ], [ 11.3331995, 47.8875912 ], [ 11.3330836, 47.8879918 ], [ 11.333028, 47.8883285 ], [ 11.3330199, 47.8884544 ], [ 11.3330182, 47.8884609 ], [ 11.3327913, 47.8888982 ], [ 11.3327951, 47.8889121 ], [ 11.3328208, 47.8890072 ], [ 11.3333299, 47.8896549 ], [ 11.3335676, 47.8903002 ], [ 11.3337531, 47.8913103 ], [ 11.3339971, 47.8922915 ], [ 11.3341232, 47.8932607 ], [ 11.334188, 47.8936202 ], [ 11.3341947, 47.8937672 ], [ 11.334169, 47.8941269 ], [ 11.3341629, 47.8943365 ], [ 11.3341909, 47.8945348 ], [ 11.3342207, 47.8946609 ], [ 11.3342673, 47.8949983 ], [ 11.3342673, 47.8950131 ], [ 11.3342951, 47.8950659 ], [ 11.3342673, 47.8951081 ], [ 11.3342002, 47.895147 ], [ 11.3341856, 47.8951555 ], [ 11.3337516, 47.8955597 ], [ 11.3340063, 47.8957701 ], [ 11.3341761, 47.8959103 ], [ 11.3341814, 47.8959126 ], [ 11.3343406, 47.8959832 ], [ 11.3343721, 47.8959971 ], [ 11.3343953, 47.8961571 ], [ 11.3343635, 47.8965183 ], [ 11.3343812, 47.8965995 ], [ 11.3344738, 47.8966749 ], [ 11.33447, 47.8968234 ], [ 11.3344697, 47.8968364 ], [ 11.334291, 47.8976261 ], [ 11.3342197, 47.8980782 ], [ 11.334173, 47.8984442 ], [ 11.3341274, 47.8988017 ], [ 11.3341118, 47.8988874 ], [ 11.3341018, 47.8990545 ], [ 11.3340983, 47.8990863 ], [ 11.3340964, 47.8991125 ], [ 11.3339938, 47.8992716 ], [ 11.3338297, 47.8999098 ], [ 11.3338037, 47.8999857 ], [ 11.3336458, 47.9005594 ], [ 11.3335265, 47.9009433 ], [ 11.333463, 47.9010665 ], [ 11.333446, 47.901092 ], [ 11.3333643, 47.9013644 ], [ 11.3333238, 47.9016299 ], [ 11.3333234, 47.9016506 ], [ 11.3333452, 47.9017544 ], [ 11.3333952, 47.9020228 ], [ 11.333429, 47.9022111 ], [ 11.3334653, 47.9023467 ], [ 11.3335177, 47.9024967 ], [ 11.3335943, 47.9026192 ], [ 11.3335987, 47.902703 ], [ 11.3335844, 47.902966 ], [ 11.3335778, 47.9031185 ], [ 11.3336936, 47.9033084 ], [ 11.3336985, 47.9033253 ], [ 11.3336945, 47.9033601 ], [ 11.3336859, 47.9033772 ], [ 11.3336727, 47.9033933 ], [ 11.3336051, 47.903447 ], [ 11.3336867, 47.9038119 ], [ 11.3338426, 47.9039784 ], [ 11.3338525, 47.9039923 ], [ 11.3340493, 47.9044467 ], [ 11.3341151, 47.9047391 ], [ 11.3341332, 47.9050372 ], [ 11.3341838, 47.905998 ], [ 11.3341168, 47.9064335 ], [ 11.3340028, 47.906842 ], [ 11.334028, 47.9068783 ], [ 11.334034, 47.9069156 ], [ 11.334016, 47.9069526 ], [ 11.3339906, 47.9069746 ], [ 11.3339873, 47.9070091 ], [ 11.3340239, 47.9070486 ], [ 11.3340327, 47.9070642 ], [ 11.3340356, 47.907098 ], [ 11.33403, 47.9071148 ], [ 11.3339909, 47.9071684 ], [ 11.3339729, 47.9071815 ], [ 11.3339331, 47.9072004 ], [ 11.3338756, 47.9072584 ], [ 11.333883, 47.9074378 ], [ 11.3338822, 47.9077483 ], [ 11.3338479, 47.9081071 ], [ 11.3338051, 47.9082357 ], [ 11.3337951, 47.9082518 ], [ 11.3337361, 47.908314 ], [ 11.3336709, 47.9083932 ], [ 11.3336693, 47.9084246 ], [ 11.3336846, 47.908481 ], [ 11.3337287, 47.9085298 ], [ 11.3337751, 47.9085924 ], [ 11.3337826, 47.90861 ], [ 11.3337954, 47.9086959 ], [ 11.333794, 47.908712 ], [ 11.3337574, 47.9088235 ], [ 11.3337858, 47.9088689 ], [ 11.3337929, 47.9089034 ], [ 11.3337896, 47.9089209 ], [ 11.333736, 47.9090398 ], [ 11.3336909, 47.9092664 ], [ 11.3336908, 47.9092926 ], [ 11.3336944, 47.9093116 ], [ 11.333691, 47.9093339 ], [ 11.3336901, 47.9095383 ], [ 11.3336749, 47.9095742 ], [ 11.3336469, 47.9096046 ], [ 11.3336709, 47.9096683 ], [ 11.333673, 47.9096938 ], [ 11.3336578, 47.9097698 ], [ 11.3336604, 47.9097911 ], [ 11.3336571, 47.9098102 ], [ 11.333644, 47.9098392 ], [ 11.3335497, 47.9103115 ], [ 11.3334487, 47.9105571 ], [ 11.3334365, 47.9105739 ], [ 11.3333453, 47.910656 ], [ 11.3333394, 47.9106594 ], [ 11.333326, 47.9107944 ], [ 11.3333105, 47.9108811 ], [ 11.3333321, 47.9110284 ], [ 11.3332842, 47.911312 ], [ 11.3332765, 47.9113291 ], [ 11.3331359, 47.9115117 ], [ 11.3331541, 47.9115225 ], [ 11.3331802, 47.9115493 ], [ 11.3331917, 47.9115812 ], [ 11.3331915, 47.9115977 ], [ 11.3329442, 47.912576 ], [ 11.3329283, 47.9127001 ], [ 11.332905, 47.9128788 ], [ 11.3328112, 47.9132286 ], [ 11.3327821, 47.9132718 ], [ 11.3325586, 47.9135813 ], [ 11.3324958, 47.9137455 ], [ 11.3324329, 47.9139201 ], [ 11.3322959, 47.9144525 ], [ 11.3322407, 47.914688 ], [ 11.3321399, 47.9153218 ], [ 11.3321137, 47.9154251 ], [ 11.332035, 47.9157704 ], [ 11.3319925, 47.9157811 ], [ 11.3319455, 47.9159067 ], [ 11.3317484, 47.9163556 ], [ 11.3316498, 47.9168487 ], [ 11.3315683, 47.9171613 ], [ 11.3314609, 47.9175236 ], [ 11.33117, 47.9182611 ], [ 11.331013, 47.9187771 ], [ 11.3309715, 47.9192435 ], [ 11.3310117, 47.9196978 ], [ 11.3311349, 47.9201852 ], [ 11.3311822, 47.9203494 ], [ 11.3312885, 47.9207195 ], [ 11.3315078, 47.92127 ], [ 11.3315294, 47.9213195 ], [ 11.3317611, 47.9218496 ], [ 11.3319926, 47.9224777 ], [ 11.3320646, 47.9226732 ], [ 11.3323044, 47.9234783 ], [ 11.3325063, 47.9241579 ], [ 11.3325757, 47.9245066 ], [ 11.3326623, 47.9248521 ], [ 11.3326901, 47.925051 ], [ 11.3327123, 47.9253826 ], [ 11.3327017, 47.9258553 ], [ 11.3327062, 47.925872 ], [ 11.3325603, 47.926824 ], [ 11.3325241, 47.9272253 ], [ 11.3325163, 47.9274332 ], [ 11.332504, 47.9275773 ], [ 11.3325296, 47.9281711 ], [ 11.332613, 47.9284872 ], [ 11.3327148, 47.9288733 ], [ 11.332708, 47.9289481 ], [ 11.3326982, 47.9290572 ], [ 11.332685, 47.9291632 ], [ 11.332669, 47.9291817 ], [ 11.3325968, 47.9292294 ], [ 11.3325778, 47.9294164 ], [ 11.3325511, 47.9296473 ], [ 11.3325415, 47.9301577 ], [ 11.3327028, 47.9303828 ], [ 11.3327713, 47.9304784 ], [ 11.3339477, 47.931934 ], [ 11.3339883, 47.9320003 ], [ 11.3340623, 47.9321212 ], [ 11.3341241, 47.9323587 ], [ 11.33415, 47.9325972 ], [ 11.3342087, 47.9333069 ], [ 11.3342193, 47.9333785 ], [ 11.3340289, 47.9335329 ], [ 11.3340049, 47.9335619 ], [ 11.3340163, 47.933643 ], [ 11.3340292, 47.9336358 ], [ 11.3340535, 47.9336268 ], [ 11.3340797, 47.9336208 ], [ 11.334107, 47.9336182 ], [ 11.334142, 47.9336189 ], [ 11.3342595, 47.9336368 ], [ 11.3342936, 47.9336485 ], [ 11.3343329, 47.9337375 ], [ 11.3344117, 47.9338769 ], [ 11.3345522, 47.9337711 ], [ 11.3345858, 47.9337457 ], [ 11.3347449, 47.9336259 ], [ 11.3350413, 47.9335984 ], [ 11.3355951, 47.9336503 ], [ 11.3357608, 47.9335729 ], [ 11.335932, 47.9335851 ], [ 11.3361531, 47.933611 ], [ 11.336555, 47.9334321 ], [ 11.336888, 47.9334367 ], [ 11.3369588, 47.9334029 ], [ 11.3372284, 47.9324839 ], [ 11.3372812, 47.9319915 ], [ 11.3373659, 47.9317081 ], [ 11.3376489, 47.9312202 ], [ 11.3376799, 47.9311653 ], [ 11.337717, 47.9309074 ], [ 11.3378094, 47.9301376 ], [ 11.3379304, 47.9299122 ], [ 11.3379401, 47.9298759 ], [ 11.3380204, 47.9290124 ], [ 11.3376075, 47.9284304 ], [ 11.3372234, 47.9279345 ], [ 11.3371854, 47.9278855 ], [ 11.3373027, 47.9278708 ], [ 11.3380377, 47.9277786 ], [ 11.3385031, 47.9279069 ], [ 11.3388106, 47.9280469 ], [ 11.3389597, 47.928087 ], [ 11.3391218, 47.9281223 ], [ 11.3393276, 47.9281453 ], [ 11.3394315, 47.9281438 ], [ 11.3398675, 47.9282986 ], [ 11.3402883, 47.9285189 ], [ 11.3409294, 47.9286859 ], [ 11.3410916, 47.9287418 ], [ 11.3411829, 47.9287585 ], [ 11.3411822, 47.9286521 ], [ 11.3411767, 47.9284196 ], [ 11.3411986, 47.9282372 ], [ 11.3414426, 47.9281791 ], [ 11.3419107, 47.9281752 ], [ 11.3426681, 47.9283436 ], [ 11.3430957, 47.9285804 ], [ 11.343578, 47.9277787 ], [ 11.3436709, 47.9272253 ], [ 11.3442438, 47.9268511 ], [ 11.3440267, 47.9260007 ], [ 11.3440764, 47.9255942 ], [ 11.3445207, 47.925373 ], [ 11.3452329, 47.9253642 ], [ 11.3453851, 47.9256303 ], [ 11.3455612, 47.9256964 ], [ 11.3458279, 47.9257271 ], [ 11.3460114, 47.9257291 ], [ 11.3462564, 47.9258113 ], [ 11.3462643, 47.9262728 ], [ 11.3463254, 47.926434 ], [ 11.3466862, 47.9270014 ], [ 11.3478706, 47.9271608 ], [ 11.3479965, 47.9271975 ], [ 11.3484682, 47.9274244 ], [ 11.3496463, 47.9275441 ], [ 11.3504097, 47.9277124 ], [ 11.3504078, 47.9278143 ], [ 11.3504748, 47.9281893 ], [ 11.3502602, 47.9285317 ], [ 11.3501982, 47.9286311 ], [ 11.3499789, 47.9290836 ], [ 11.3496422, 47.9296343 ], [ 11.3501778, 47.9296371 ], [ 11.3502915, 47.9296265 ], [ 11.3508242, 47.9296617 ], [ 11.3511248, 47.9296327 ], [ 11.351327, 47.9296053 ], [ 11.3513527, 47.9295964 ], [ 11.3514474, 47.9295636 ], [ 11.3515836, 47.9295042 ], [ 11.3518628, 47.9293353 ], [ 11.3522044, 47.9293262 ], [ 11.3522326, 47.9293521 ], [ 11.3522721, 47.929411 ], [ 11.352337, 47.9296262 ], [ 11.3522227, 47.9299463 ], [ 11.3517142, 47.9303704 ], [ 11.3519818, 47.9312458 ], [ 11.352346, 47.9313416 ], [ 11.3530886, 47.9313163 ], [ 11.3534766, 47.9312926 ], [ 11.353533, 47.9312193 ], [ 11.3535758, 47.9311509 ], [ 11.3542942, 47.9303108 ], [ 11.354301, 47.9302258 ], [ 11.3543191, 47.9300018 ], [ 11.3540289, 47.9294687 ], [ 11.3540014, 47.929359 ], [ 11.3540269, 47.9292927 ], [ 11.3542063, 47.9291696 ], [ 11.3543065, 47.9290517 ], [ 11.3544117, 47.9288216 ], [ 11.3543037, 47.9285747 ], [ 11.354355, 47.9274882 ], [ 11.355253, 47.9262312 ], [ 11.3564734, 47.9255901 ], [ 11.3567596, 47.9253405 ], [ 11.3574822, 47.9250078 ], [ 11.3586995, 47.9245699 ], [ 11.3590422, 47.92442 ], [ 11.359217, 47.9244001 ], [ 11.3595066, 47.9243668 ], [ 11.3595569, 47.9254343 ], [ 11.3592032, 47.9258359 ], [ 11.3590574, 47.926095 ], [ 11.359129, 47.9267708 ], [ 11.3589253, 47.9272022 ], [ 11.358857, 47.9273473 ], [ 11.3591646, 47.9280244 ], [ 11.3591268, 47.9285348 ], [ 11.3591056, 47.928805 ], [ 11.3591999, 47.9288131 ], [ 11.3593874, 47.9288103 ], [ 11.3595305, 47.9287892 ], [ 11.3596959, 47.9287384 ], [ 11.3598328, 47.9286305 ], [ 11.3599198, 47.9285479 ], [ 11.3600137, 47.9284722 ], [ 11.3601139, 47.9284034 ], [ 11.3603579, 47.9282431 ], [ 11.360495, 47.9281635 ], [ 11.3606592, 47.9280883 ], [ 11.3608052, 47.9280339 ], [ 11.3609464, 47.9280113 ], [ 11.361276, 47.927968 ], [ 11.3616753, 47.9279009 ], [ 11.3620271, 47.9278277 ], [ 11.3623622, 47.9277456 ], [ 11.3625638, 47.9276719 ], [ 11.3626656, 47.9276158 ], [ 11.3629629, 47.9274703 ], [ 11.3630789, 47.9274026 ], [ 11.3631899, 47.9273668 ], [ 11.3633037, 47.9273447 ], [ 11.3634238, 47.9273317 ], [ 11.36368, 47.9273571 ], [ 11.3642602, 47.9272801 ], [ 11.3644294, 47.9272654 ], [ 11.3645232, 47.9273879 ], [ 11.364984, 47.9278987 ], [ 11.3654803, 47.9284486 ], [ 11.3656141, 47.928561 ], [ 11.3658579, 47.9287262 ], [ 11.3679732, 47.9305575 ], [ 11.3686138, 47.931016 ], [ 11.3689094, 47.931243 ], [ 11.3690862, 47.9311709 ], [ 11.3692289, 47.931113 ], [ 11.3693707, 47.9310555 ], [ 11.3696828, 47.9309085 ], [ 11.3704411, 47.9310072 ], [ 11.3708343, 47.9310583 ], [ 11.3712878, 47.9306968 ], [ 11.3721743, 47.9307951 ], [ 11.3723984, 47.9308158 ], [ 11.3725876, 47.9307427 ], [ 11.3725003, 47.9306407 ], [ 11.3724126, 47.9304143 ], [ 11.3723543, 47.9302391 ], [ 11.3723304, 47.9301674 ], [ 11.3722243, 47.9300106 ], [ 11.3721404, 47.9299199 ], [ 11.3718708, 47.929738 ], [ 11.3717203, 47.9295644 ], [ 11.3716764, 47.92914 ], [ 11.3718077, 47.9286245 ], [ 11.3717461, 47.9282695 ], [ 11.3718153, 47.9279274 ], [ 11.3725029, 47.9277334 ], [ 11.372472, 47.9275087 ], [ 11.3731971, 47.9272983 ], [ 11.3737733, 47.9271772 ], [ 11.3744215, 47.927207 ], [ 11.3746041, 47.9272154 ], [ 11.3746455, 47.9270538 ], [ 11.374749, 47.9267764 ], [ 11.3748328, 47.9266611 ], [ 11.3749617, 47.9264232 ], [ 11.3750249, 47.9262389 ], [ 11.3750625, 47.9262365 ], [ 11.3759694, 47.9262398 ], [ 11.3766977, 47.926259 ], [ 11.3768014, 47.9261553 ], [ 11.376777, 47.9254803 ], [ 11.3767959, 47.9253256 ], [ 11.3768145, 47.9251736 ], [ 11.3766111, 47.9250208 ], [ 11.3762918, 47.9248599 ], [ 11.3760088, 47.9248375 ], [ 11.3756825, 47.9248105 ], [ 11.3755337, 47.9247467 ], [ 11.3751144, 47.9244839 ], [ 11.3748912, 47.9242981 ], [ 11.3747523, 47.9240925 ], [ 11.3746542, 47.9240125 ], [ 11.3748015, 47.9239685 ], [ 11.3749591, 47.9239072 ], [ 11.3751815, 47.9237751 ], [ 11.375353, 47.9236732 ], [ 11.3755736, 47.9239777 ], [ 11.3758781, 47.9240038 ], [ 11.3758822, 47.9239855 ], [ 11.3758964, 47.9239619 ], [ 11.3759158, 47.9239435 ], [ 11.3759347, 47.9238242 ], [ 11.3758219, 47.9236222 ], [ 11.3759484, 47.9234646 ], [ 11.3761202, 47.9236457 ], [ 11.3764723, 47.9236368 ], [ 11.3770601, 47.9227084 ], [ 11.3779309, 47.9228918 ], [ 11.3785195, 47.923165 ], [ 11.3786031, 47.9231579 ], [ 11.3787077, 47.9231148 ], [ 11.3790328, 47.9229219 ], [ 11.3796277, 47.9222847 ], [ 11.3798642, 47.9222758 ], [ 11.3823311, 47.9223427 ], [ 11.3822802, 47.9219788 ], [ 11.3819968, 47.9215511 ], [ 11.3815298, 47.921184 ], [ 11.3811603, 47.9209442 ], [ 11.3809499, 47.92081 ], [ 11.3806145, 47.9206066 ], [ 11.3804776, 47.9205182 ], [ 11.3804314, 47.9204883 ], [ 11.3803982, 47.920459 ], [ 11.3803367, 47.9204048 ], [ 11.3804476, 47.9203803 ], [ 11.3805066, 47.9203672 ], [ 11.3806163, 47.9203483 ], [ 11.3809905, 47.9203066 ], [ 11.3811824, 47.9202788 ], [ 11.3813042, 47.9202465 ], [ 11.3817053, 47.9202816 ], [ 11.3836963, 47.920613 ], [ 11.3857209, 47.9212117 ], [ 11.3858029, 47.9211694 ], [ 11.3864633, 47.9208294 ], [ 11.3875563, 47.9211287 ], [ 11.3878656, 47.9212133 ], [ 11.3880377, 47.9212604 ], [ 11.3882784, 47.9209786 ], [ 11.3886144, 47.9207819 ], [ 11.3891503, 47.920732 ], [ 11.38909, 47.9200537 ], [ 11.3893428, 47.9197459 ], [ 11.3892978, 47.9195535 ], [ 11.389283, 47.9194474 ], [ 11.3894486, 47.9193894 ], [ 11.3895999, 47.91936 ], [ 11.3897631, 47.9193516 ], [ 11.3898526, 47.919465 ], [ 11.3899607, 47.9195968 ], [ 11.390125, 47.9196642 ], [ 11.390639, 47.9198716 ], [ 11.3909744, 47.9203191 ], [ 11.3912396, 47.92028 ], [ 11.3917241, 47.9202087 ], [ 11.3919359, 47.9202079 ], [ 11.3931316, 47.9202235 ], [ 11.3934377, 47.9202429 ], [ 11.3935988, 47.9202633 ], [ 11.3936671, 47.9202767 ], [ 11.3936728, 47.9202732 ], [ 11.3937955, 47.9201978 ], [ 11.3952318, 47.9193892 ], [ 11.3955366, 47.9193507 ], [ 11.3955837, 47.9195923 ], [ 11.3961637, 47.9201206 ], [ 11.3962421, 47.9202757 ], [ 11.3962806, 47.9204908 ], [ 11.3963149, 47.9206829 ], [ 11.3966275, 47.9209512 ], [ 11.3969412, 47.9214406 ], [ 11.3972434, 47.9215775 ], [ 11.3974899, 47.9216891 ], [ 11.3975648, 47.9217496 ], [ 11.397733, 47.9217294 ], [ 11.3978453, 47.9217177 ], [ 11.3981137, 47.9217302 ], [ 11.3981425, 47.9217447 ], [ 11.3984304, 47.9219812 ], [ 11.3986064, 47.9220939 ], [ 11.3989351, 47.9221936 ], [ 11.3992387, 47.9225231 ], [ 11.3999408, 47.9233103 ], [ 11.4000183, 47.9235189 ], [ 11.400141, 47.9235807 ], [ 11.4003105, 47.9236771 ], [ 11.4004561, 47.9238131 ], [ 11.4008982, 47.9244273 ], [ 11.4010502, 47.9245801 ], [ 11.4011488, 47.9247209 ], [ 11.4014395, 47.9253174 ], [ 11.4017322, 47.9260963 ], [ 11.4018444, 47.9263341 ], [ 11.4018679, 47.9263765 ], [ 11.4020697, 47.9267408 ], [ 11.4024692, 47.9271765 ], [ 11.4025985, 47.9273177 ], [ 11.4027236, 47.9274409 ], [ 11.4028166, 47.9275313 ], [ 11.4032016, 47.9281253 ], [ 11.4035325, 47.9286362 ], [ 11.4036421, 47.9288053 ], [ 11.4036784, 47.9288319 ], [ 11.4050467, 47.9298336 ], [ 11.4056313, 47.9305299 ], [ 11.4054912, 47.93065 ], [ 11.4051876, 47.9309102 ], [ 11.4035969, 47.9319136 ], [ 11.4029502, 47.9324023 ], [ 11.4027971, 47.9338014 ], [ 11.4027813, 47.9342382 ], [ 11.4027759, 47.9343875 ], [ 11.4028066, 47.9349616 ], [ 11.402806, 47.9349878 ], [ 11.4028331, 47.9352476 ], [ 11.4026617, 47.9352258 ], [ 11.4025167, 47.9352055 ], [ 11.4024214, 47.9351921 ], [ 11.4023261, 47.9351788 ], [ 11.4020132, 47.9351352 ], [ 11.4020255, 47.9352868 ], [ 11.402046, 47.9354581 ], [ 11.4016229, 47.9354158 ], [ 11.4010671, 47.9353582 ], [ 11.400218, 47.9353915 ], [ 11.3999139, 47.9358291 ], [ 11.3998772, 47.9359388 ], [ 11.3998326, 47.9361376 ], [ 11.3998761, 47.9369471 ], [ 11.39975, 47.937705 ], [ 11.4000806, 47.9384685 ], [ 11.3995055, 47.9385531 ], [ 11.3991485, 47.9386056 ], [ 11.3981816, 47.9389896 ], [ 11.3964978, 47.939649 ], [ 11.3962825, 47.9397344 ], [ 11.3964697, 47.9399804 ], [ 11.3965845, 47.9401575 ], [ 11.3966877, 47.9403405 ], [ 11.3967309, 47.9404381 ], [ 11.3968142, 47.9405827 ], [ 11.3969361, 47.9407239 ], [ 11.3969682, 47.9407476 ], [ 11.3969955, 47.9407684 ], [ 11.3970746, 47.9408262 ], [ 11.3972346, 47.9408937 ], [ 11.3972698, 47.9409029 ], [ 11.3974643, 47.9409274 ], [ 11.3976641, 47.9409527 ], [ 11.3978037, 47.9409858 ], [ 11.3983834, 47.9413904 ], [ 11.398722, 47.9414589 ], [ 11.3995615, 47.9416053 ], [ 11.3996125, 47.9416141 ], [ 11.4003107, 47.9422191 ], [ 11.4013729, 47.9428497 ], [ 11.4022821, 47.9433749 ], [ 11.4024982, 47.9434833 ], [ 11.4026396, 47.9435543 ], [ 11.4031519, 47.9438272 ], [ 11.4032196, 47.9438776 ], [ 11.4032524, 47.9439022 ], [ 11.4033314, 47.9439518 ], [ 11.4034357, 47.9440111 ], [ 11.4034799, 47.9440342 ], [ 11.4035132, 47.9440515 ], [ 11.4035531, 47.9440648 ], [ 11.4036703, 47.9439915 ], [ 11.4039342, 47.9440104 ], [ 11.4040748, 47.9440152 ], [ 11.4041044, 47.9440131 ], [ 11.4041928, 47.9440069 ], [ 11.4044845, 47.9439624 ], [ 11.404424, 47.9440227 ], [ 11.4043006, 47.9441547 ], [ 11.4041965, 47.9442384 ], [ 11.4040926, 47.9443048 ], [ 11.403903, 47.9444718 ], [ 11.4038494, 47.9445298 ], [ 11.4038165, 47.9445685 ], [ 11.4037839, 47.9446168 ], [ 11.4037274, 47.9447388 ], [ 11.403678, 47.944859 ], [ 11.4035777, 47.9448741 ], [ 11.4034089, 47.9448968 ], [ 11.4033778, 47.9449994 ], [ 11.4033205, 47.945358 ], [ 11.403235, 47.9459802 ], [ 11.4032323, 47.9459995 ], [ 11.403188, 47.946137 ], [ 11.4031535, 47.9462135 ], [ 11.4030206, 47.9464163 ], [ 11.4032576, 47.9464789 ], [ 11.403421, 47.9466155 ], [ 11.4043761, 47.9475658 ], [ 11.4043761, 47.9478567 ], [ 11.404376, 47.9484862 ], [ 11.404406, 47.9485183 ], [ 11.4044707, 47.9485874 ], [ 11.4046107, 47.9488044 ], [ 11.4048898, 47.9491564 ], [ 11.405108, 47.9494071 ], [ 11.4052115, 47.9495713 ], [ 11.4054149, 47.9498874 ], [ 11.4055551, 47.9501664 ], [ 11.4055868, 47.9503182 ], [ 11.4056641, 47.9505756 ], [ 11.4057038, 47.950728 ], [ 11.4057906, 47.9508398 ], [ 11.405888, 47.9510082 ], [ 11.4059301, 47.9511151 ], [ 11.4059723, 47.951222 ], [ 11.4059653, 47.9512608 ], [ 11.4061808, 47.9513941 ], [ 11.4064864, 47.9515175 ], [ 11.4066875, 47.9516171 ], [ 11.4068786, 47.951718 ], [ 11.4070325, 47.95182 ], [ 11.4070327, 47.9518587 ], [ 11.4070285, 47.9519234 ], [ 11.4070342, 47.9520752 ], [ 11.4070746, 47.9521908 ], [ 11.407468, 47.9529979 ], [ 11.4076959, 47.9535956 ], [ 11.4079135, 47.9541661 ], [ 11.4086862, 47.9557641 ], [ 11.4087444, 47.9558585 ], [ 11.4087993, 47.9559525 ], [ 11.409356, 47.9572181 ], [ 11.4101105, 47.9570252 ], [ 11.4114125, 47.9572108 ], [ 11.4117468, 47.9572595 ], [ 11.4118387, 47.9572726 ], [ 11.4119309, 47.9572846 ], [ 11.4122175, 47.9573212 ], [ 11.4122436, 47.9573194 ], [ 11.4125314, 47.9573608 ], [ 11.4126547, 47.9570148 ], [ 11.4132025, 47.9570641 ], [ 11.4132022, 47.9588228 ], [ 11.4132019, 47.959022 ], [ 11.4131968, 47.9592847 ], [ 11.4133811, 47.9593273 ], [ 11.4137937, 47.9594228 ], [ 11.4138686, 47.9597383 ], [ 11.414073, 47.9605993 ], [ 11.4141146, 47.9609648 ], [ 11.414273, 47.9614244 ], [ 11.4145079, 47.9620497 ], [ 11.4145548, 47.9621738 ], [ 11.4145891, 47.9622644 ], [ 11.4143174, 47.9624009 ], [ 11.4148369, 47.9628734 ], [ 11.4150981, 47.963111 ], [ 11.4166617, 47.9628947 ], [ 11.4168924, 47.9626176 ], [ 11.4170502, 47.9626198 ], [ 11.4172079, 47.962622 ], [ 11.4173527, 47.9626917 ], [ 11.4175646, 47.9627739 ], [ 11.4183188, 47.9630497 ], [ 11.4186021, 47.9631778 ], [ 11.4186587, 47.9634038 ], [ 11.4191902, 47.9648781 ], [ 11.4204943, 47.9656313 ], [ 11.4208814, 47.9659198 ], [ 11.4211142, 47.9663615 ], [ 11.4201187, 47.9668848 ], [ 11.4195526, 47.9673743 ], [ 11.4193923, 47.9676347 ], [ 11.4194464, 47.9678679 ], [ 11.4194794, 47.9679265 ], [ 11.4196508, 47.9682167 ], [ 11.4196941, 47.9683069 ], [ 11.4196564, 47.9685922 ], [ 11.419223, 47.9687826 ], [ 11.4186556, 47.9701525 ], [ 11.4179692, 47.9705731 ], [ 11.4174832, 47.9711276 ], [ 11.4168511, 47.9722409 ], [ 11.4163254, 47.9722916 ], [ 11.4162262, 47.9723008 ], [ 11.4161265, 47.9723096 ], [ 11.4159748, 47.9723234 ], [ 11.4141008, 47.9727921 ], [ 11.4136395, 47.9729888 ], [ 11.4133281, 47.973167 ], [ 11.4135849, 47.9732747 ], [ 11.4139728, 47.9735956 ], [ 11.4150861, 47.9742325 ], [ 11.4152204, 47.9743593 ], [ 11.4153582, 47.9744905 ], [ 11.4154475, 47.9743938 ], [ 11.4155762, 47.9743286 ], [ 11.4166155, 47.973924 ], [ 11.4167614, 47.9738782 ], [ 11.4169752, 47.9737844 ], [ 11.4168701, 47.9736566 ], [ 11.4167512, 47.9735174 ], [ 11.4169861, 47.9733497 ], [ 11.4170528, 47.9733022 ], [ 11.4171187, 47.973254 ], [ 11.4175304, 47.9729532 ], [ 11.4178992, 47.9727621 ], [ 11.4181789, 47.972599 ], [ 11.4185313, 47.9723817 ], [ 11.4190391, 47.9721209 ], [ 11.4197906, 47.9717264 ], [ 11.4200054, 47.9716242 ], [ 11.420132, 47.9715578 ], [ 11.4201676, 47.9715472 ], [ 11.420206, 47.9715431 ], [ 11.4202447, 47.9715455 ], [ 11.4204001, 47.9715838 ], [ 11.4204329, 47.9715996 ], [ 11.4204577, 47.9716204 ], [ 11.4204679, 47.9716363 ], [ 11.4207523, 47.9718286 ], [ 11.4213187, 47.9720201 ], [ 11.4217618, 47.9721404 ], [ 11.4226663, 47.9723862 ], [ 11.4231367, 47.9726656 ], [ 11.4234739, 47.9729094 ], [ 11.4245364, 47.9740864 ], [ 11.4253305, 47.974656 ], [ 11.4254704, 47.9747547 ], [ 11.4262998, 47.9750967 ], [ 11.4279163, 47.9762704 ], [ 11.4280945, 47.9769649 ], [ 11.4282479, 47.9772016 ], [ 11.4286378, 47.9778011 ], [ 11.4289524, 47.9782635 ], [ 11.4284199, 47.978541 ], [ 11.4281423, 47.9787257 ], [ 11.427201, 47.9792131 ], [ 11.4267035, 47.9792136 ], [ 11.4266753, 47.9792167 ], [ 11.4257375, 47.9792147 ], [ 11.4241057, 47.9791362 ], [ 11.4237674, 47.9791797 ], [ 11.4233606, 47.9792328 ], [ 11.4229806, 47.9792865 ], [ 11.4228792, 47.9792982 ], [ 11.4227767, 47.9793088 ], [ 11.422385, 47.9793496 ], [ 11.4232424, 47.9801985 ], [ 11.4232931, 47.9803098 ], [ 11.4233186, 47.9804317 ], [ 11.423345, 47.9805256 ], [ 11.4233471, 47.9805401 ], [ 11.4232478, 47.9807948 ], [ 11.4230231, 47.9813023 ], [ 11.4228508, 47.9816599 ], [ 11.422848, 47.9816735 ], [ 11.4228797, 47.9818111 ], [ 11.4229452, 47.9819532 ], [ 11.4228799, 47.9822656 ], [ 11.4228664, 47.98236 ], [ 11.4228923, 47.9826166 ], [ 11.4227547, 47.9830083 ], [ 11.4224423, 47.9832991 ], [ 11.4219831, 47.9837128 ], [ 11.4218592, 47.9840873 ], [ 11.421824, 47.9844479 ], [ 11.4217871, 47.9844386 ], [ 11.4217576, 47.9844353 ], [ 11.4215932, 47.984439 ], [ 11.4215609, 47.9844446 ], [ 11.4214158, 47.9844946 ], [ 11.4212346, 47.9845624 ], [ 11.4212132, 47.9845742 ], [ 11.421072, 47.9846878 ], [ 11.4208475, 47.9848986 ], [ 11.4207577, 47.9850314 ], [ 11.420611, 47.9851644 ], [ 11.4204248, 47.9853832 ], [ 11.4202671, 47.9855943 ], [ 11.4201703, 47.9857034 ], [ 11.4201187, 47.9857577 ], [ 11.419985, 47.9859012 ], [ 11.4195804, 47.9861181 ], [ 11.4186495, 47.9862863 ], [ 11.4181128, 47.9862039 ], [ 11.4178276, 47.9859579 ], [ 11.4171697, 47.9852581 ], [ 11.4169204, 47.9849923 ], [ 11.4159286, 47.9854418 ], [ 11.4153884, 47.9856517 ], [ 11.4143605, 47.985959 ], [ 11.4138057, 47.986199 ], [ 11.4133814, 47.9865143 ], [ 11.4128611, 47.9873601 ], [ 11.4122519, 47.9877876 ], [ 11.4113269, 47.9880644 ], [ 11.4100452, 47.9884293 ], [ 11.4090034, 47.9888336 ], [ 11.4073986, 47.98889 ], [ 11.4063115, 47.989359 ], [ 11.4061786, 47.9898341 ], [ 11.4059464, 47.9903219 ], [ 11.4056636, 47.9910194 ], [ 11.4056052, 47.9916597 ], [ 11.4052904, 47.9926764 ], [ 11.4052003, 47.9928225 ], [ 11.4047832, 47.9930387 ], [ 11.4042639, 47.9945005 ], [ 11.4039723, 47.9953274 ], [ 11.404184, 47.9954714 ], [ 11.40423, 47.9956165 ], [ 11.4043586, 47.9957847 ], [ 11.4045803, 47.9959624 ], [ 11.4049809, 47.99622 ], [ 11.4055311, 47.9966994 ], [ 11.4063535, 47.9975099 ], [ 11.4073314, 47.9978915 ], [ 11.4078401, 47.9979346 ], [ 11.4078388, 47.9979827 ], [ 11.4078933, 47.9981412 ], [ 11.407933, 47.998256 ], [ 11.4079111, 47.9989496 ], [ 11.4086152, 47.9989137 ], [ 11.4090722, 47.9989018 ], [ 11.4092497, 47.9988839 ], [ 11.4094824, 47.9988465 ], [ 11.4095631, 47.9988202 ], [ 11.4097085, 47.9987754 ], [ 11.4097891, 47.9988604 ], [ 11.4097967, 47.9988707 ], [ 11.4098039, 47.9988953 ], [ 11.4097997, 47.9989378 ], [ 11.4102117, 47.9988025 ], [ 11.4105979, 47.9987104 ], [ 11.4112079, 47.9985407 ], [ 11.4118386, 47.9983071 ], [ 11.4119333, 47.9983166 ], [ 11.4147465, 47.9985949 ], [ 11.4155225, 47.9985739 ], [ 11.4156012, 47.9989704 ], [ 11.4165006, 47.9989474 ], [ 11.4166811, 47.9989452 ], [ 11.4178732, 47.9989366 ], [ 11.4180508, 47.9989408 ], [ 11.4178512, 47.9991305 ], [ 11.4178125, 47.9991769 ], [ 11.4176361, 47.9993526 ], [ 11.4175606, 47.9994411 ], [ 11.4175846, 47.9994479 ], [ 11.4178057, 47.9994932 ], [ 11.4179278, 47.9995413 ], [ 11.4181071, 47.9995944 ], [ 11.4181217, 47.9995972 ], [ 11.4179235, 47.9998339 ], [ 11.4177136, 48.0000847 ], [ 11.41769, 48.0001074 ], [ 11.4176535, 48.0001489 ], [ 11.4178067, 48.0001981 ], [ 11.4180186, 48.0002658 ], [ 11.4195385, 48.0008001 ], [ 11.4201273, 48.0009874 ], [ 11.4203046, 48.0010876 ], [ 11.4204065, 48.0011451 ], [ 11.4205471, 48.0012245 ], [ 11.4206688, 48.001292 ], [ 11.4209251, 48.0011847 ], [ 11.4211176, 48.0011205 ], [ 11.4212791, 48.0010369 ], [ 11.4215216, 48.0009299 ], [ 11.4217731, 48.0008095 ], [ 11.4222324, 48.0017326 ], [ 11.422249, 48.0017767 ], [ 11.4222672, 48.0018249 ], [ 11.4229584, 48.0032181 ], [ 11.4229964, 48.0032993 ], [ 11.4230309, 48.0033803 ], [ 11.4230619, 48.003454 ], [ 11.4231356, 48.0037035 ], [ 11.4232825, 48.0041473 ], [ 11.4234078, 48.0043427 ], [ 11.4234949, 48.0044787 ], [ 11.4234928, 48.0046628 ], [ 11.4235411, 48.0048711 ], [ 11.4235971, 48.0049479 ], [ 11.4236596, 48.0050582 ], [ 11.4237035, 48.0052236 ], [ 11.4236942, 48.0053917 ], [ 11.4243534, 48.0073843 ], [ 11.4244122, 48.0075628 ], [ 11.4234531, 48.0078858 ], [ 11.4256914, 48.0090257 ], [ 11.4264982, 48.0094248 ], [ 11.4300943, 48.0125512 ], [ 11.4301471, 48.0125962 ], [ 11.4301889, 48.0126289 ], [ 11.4305399, 48.0129033 ], [ 11.4305473, 48.0130563 ], [ 11.4305564, 48.01324 ], [ 11.4307047, 48.0132118 ], [ 11.4317615, 48.0130074 ], [ 11.4326866, 48.0128343 ], [ 11.4329294, 48.012788 ], [ 11.4330771, 48.0128809 ], [ 11.4333863, 48.0131638 ], [ 11.4334957, 48.0133487 ], [ 11.4334831, 48.0134038 ], [ 11.4334504, 48.0135468 ], [ 11.433337, 48.0139719 ], [ 11.433198, 48.0140845 ], [ 11.4328545, 48.0144225 ], [ 11.4328444, 48.0144355 ], [ 11.4327469, 48.0146097 ], [ 11.4327412, 48.01463 ], [ 11.4327404, 48.0146506 ], [ 11.4328881, 48.0153443 ], [ 11.4327962, 48.0157962 ], [ 11.4324705, 48.0162401 ], [ 11.4320402, 48.0167218 ], [ 11.4314767, 48.0171218 ], [ 11.4304151, 48.0172938 ], [ 11.4301105, 48.017262 ], [ 11.4294759, 48.0175761 ], [ 11.4288564, 48.0186087 ], [ 11.4282636, 48.019035 ], [ 11.4262913, 48.0194704 ], [ 11.4262731, 48.0196302 ], [ 11.426286, 48.0199258 ], [ 11.4271285, 48.0206267 ], [ 11.4271608, 48.0206769 ], [ 11.4284603, 48.0226805 ], [ 11.4290221, 48.025022 ], [ 11.4291139, 48.0254648 ], [ 11.4291584, 48.0255905 ], [ 11.4292078, 48.0257507 ], [ 11.4293218, 48.0266974 ], [ 11.4293394, 48.0267475 ], [ 11.4293413, 48.026953 ], [ 11.4293348, 48.0271676 ], [ 11.4293183, 48.0273613 ], [ 11.4292894, 48.0275139 ], [ 11.42921, 48.0278034 ], [ 11.4291723, 48.0279192 ], [ 11.4290524, 48.0281622 ], [ 11.4288586, 48.028466 ], [ 11.4288007, 48.028588 ], [ 11.4290928, 48.0288502 ], [ 11.4291104, 48.028866 ], [ 11.4295853, 48.0290627 ], [ 11.4296132, 48.0290808 ], [ 11.429635, 48.0291023 ], [ 11.4296498, 48.0291264 ], [ 11.4296567, 48.029152 ], [ 11.4296553, 48.0291779 ], [ 11.4296463, 48.0292031 ], [ 11.4296295, 48.0292265 ], [ 11.4295408, 48.0292973 ], [ 11.4293574, 48.0294621 ], [ 11.4292316, 48.0295787 ], [ 11.4290941, 48.0296925 ], [ 11.4304795, 48.0312864 ], [ 11.4293959, 48.0318058 ], [ 11.4293155, 48.0316935 ], [ 11.4292026, 48.0315547 ], [ 11.4291794, 48.0315239 ], [ 11.4291487, 48.0313843 ], [ 11.4291399, 48.0312386 ], [ 11.4290764, 48.0311179 ], [ 11.4289126, 48.030892 ], [ 11.4282766, 48.0299944 ], [ 11.4280924, 48.0299133 ], [ 11.427914, 48.0298347 ], [ 11.4277985, 48.029646 ], [ 11.4277616, 48.0295808 ], [ 11.427466, 48.0295699 ], [ 11.4267344, 48.0294699 ], [ 11.426586, 48.0294486 ], [ 11.4264338, 48.029427 ], [ 11.4259762, 48.0293561 ], [ 11.4259447, 48.0293601 ], [ 11.4254043, 48.0294293 ], [ 11.4246609, 48.0295043 ], [ 11.4238536, 48.0295838 ], [ 11.422877, 48.0298602 ], [ 11.4220183, 48.0301118 ], [ 11.4210313, 48.030369 ], [ 11.4207064, 48.0304314 ], [ 11.4200039, 48.0305254 ], [ 11.4196304, 48.0306011 ], [ 11.4194184, 48.0306852 ], [ 11.4189917, 48.0308544 ], [ 11.4182782, 48.0314195 ], [ 11.4179501, 48.0318475 ], [ 11.4171195, 48.0318597 ], [ 11.4163326, 48.0318703 ], [ 11.4043706, 48.032247 ], [ 11.4042844, 48.0322497 ], [ 11.4034094, 48.0322228 ], [ 11.4051543, 48.0335667 ], [ 11.4060719, 48.034166 ], [ 11.4085708, 48.0349465 ], [ 11.4091316, 48.0350565 ], [ 11.4102883, 48.036027 ], [ 11.410908, 48.0364644 ], [ 11.411889, 48.0369926 ], [ 11.4125758, 48.0375812 ], [ 11.4130346, 48.0381974 ], [ 11.413628, 48.0386161 ], [ 11.4140876, 48.0387065 ], [ 11.4145597, 48.0394975 ], [ 11.4146137, 48.0395329 ], [ 11.4150444, 48.0398147 ], [ 11.4156537, 48.0400626 ], [ 11.4163571, 48.0401301 ], [ 11.417752, 48.0401472 ], [ 11.4186039, 48.0404714 ], [ 11.4189121, 48.0411241 ], [ 11.4201854, 48.0417574 ], [ 11.4200454, 48.0423381 ], [ 11.4195094, 48.043438 ], [ 11.4194263, 48.0438834 ], [ 11.4194296, 48.0452716 ], [ 11.4190822, 48.0466246 ], [ 11.4190847, 48.046877 ], [ 11.4190931, 48.0477414 ], [ 11.4189498, 48.0487047 ], [ 11.4188039, 48.0495679 ], [ 11.4188775, 48.0503127 ], [ 11.4185727, 48.0527035 ], [ 11.4185629, 48.0529207 ], [ 11.4188822, 48.0535396 ], [ 11.4189835, 48.0540477 ], [ 11.4188977, 48.0547173 ], [ 11.4186904, 48.0552695 ], [ 11.4182676, 48.0564737 ], [ 11.4182367, 48.0565541 ], [ 11.4182256, 48.0566031 ], [ 11.4178674, 48.058197 ], [ 11.4178575, 48.0582411 ], [ 11.4176369, 48.0587397 ], [ 11.4176171, 48.0588358 ], [ 11.4171098, 48.0604535 ], [ 11.416893, 48.0615093 ], [ 11.4166572, 48.0623491 ], [ 11.415698, 48.0637256 ], [ 11.41505, 48.0646634 ], [ 11.4147756, 48.0651569 ], [ 11.4147028, 48.0659352 ], [ 11.4146803, 48.0660462 ], [ 11.4146504, 48.0661283 ], [ 11.4146342, 48.0661537 ], [ 11.4145898, 48.0662236 ], [ 11.4141901, 48.0665894 ], [ 11.4139219, 48.0668473 ], [ 11.4136762, 48.0671221 ], [ 11.4135734, 48.0672888 ], [ 11.41356, 48.0673175 ], [ 11.4134334, 48.0675909 ], [ 11.413396, 48.0677474 ], [ 11.4133812, 48.0679645 ], [ 11.413372, 48.0681782 ], [ 11.4133647, 48.06835 ], [ 11.4132218, 48.0684285 ], [ 11.4132065, 48.0684287 ], [ 11.4122336, 48.0684446 ], [ 11.4120983, 48.068452 ], [ 11.4119457, 48.0684605 ], [ 11.4115569, 48.0684931 ], [ 11.4113755, 48.0685153 ], [ 11.4112445, 48.0685477 ], [ 11.4112118, 48.0685452 ], [ 11.4111806, 48.0685441 ], [ 11.4111243, 48.0685518 ], [ 11.4110728, 48.068569 ], [ 11.4110299, 48.0685944 ], [ 11.4107619, 48.0688664 ], [ 11.4103954, 48.0692541 ], [ 11.41035, 48.0693315 ], [ 11.4103427, 48.0693552 ], [ 11.4103361, 48.0694476 ], [ 11.4101973, 48.0695424 ], [ 11.4100886, 48.0696219 ], [ 11.4091495, 48.0696756 ], [ 11.4090306, 48.0699092 ], [ 11.4089989, 48.0699406 ], [ 11.4089562, 48.0699653 ], [ 11.4087407, 48.070138 ], [ 11.4088503, 48.0708612 ], [ 11.408795, 48.0708823 ], [ 11.4086009, 48.0709539 ], [ 11.4080512, 48.0711278 ], [ 11.4072449, 48.0714136 ], [ 11.4069225, 48.0715382 ], [ 11.4067613, 48.0716065 ], [ 11.4066258, 48.0716838 ], [ 11.4064927, 48.0717905 ], [ 11.4063709, 48.0719076 ], [ 11.4062766, 48.0720055 ], [ 11.4059184, 48.0722422 ], [ 11.4058017, 48.0723161 ], [ 11.4056844, 48.0721669 ], [ 11.4055884, 48.0720705 ], [ 11.4054527, 48.0719725 ], [ 11.4052966, 48.0718867 ], [ 11.405213, 48.0718356 ], [ 11.4041178, 48.0720964 ], [ 11.403845, 48.07228 ], [ 11.4030943, 48.0722597 ], [ 11.4029457, 48.0720841 ], [ 11.4023622, 48.0721415 ], [ 11.4021892, 48.0722821 ], [ 11.4022263, 48.0726235 ], [ 11.4022854, 48.072771 ], [ 11.4023276, 48.0728915 ], [ 11.4024915, 48.0731031 ], [ 11.4029891, 48.0734408 ], [ 11.4034257, 48.0738095 ], [ 11.4037998, 48.0740966 ], [ 11.4035334, 48.0743662 ], [ 11.4048605, 48.0749402 ], [ 11.4051243, 48.0749969 ], [ 11.4054071, 48.0750414 ], [ 11.4063898, 48.0757811 ], [ 11.4078944, 48.0770966 ], [ 11.4079374, 48.0771406 ], [ 11.4084176, 48.077631 ], [ 11.4088982, 48.0782239 ], [ 11.4101394, 48.0795932 ], [ 11.4116132, 48.0812393 ], [ 11.4116762, 48.081325 ], [ 11.4118983, 48.0816414 ], [ 11.4115738, 48.0819833 ], [ 11.4114956, 48.0822881 ], [ 11.4108941, 48.0832571 ], [ 11.4109447, 48.0834001 ], [ 11.4112542, 48.0842763 ], [ 11.4116961, 48.0842084 ], [ 11.4134387, 48.0839537 ], [ 11.4135685, 48.0843544 ], [ 11.4136047, 48.0844667 ], [ 11.4136468, 48.0845627 ], [ 11.4136815, 48.0846172 ], [ 11.413747, 48.0847199 ], [ 11.413756, 48.0847922 ], [ 11.4137666, 48.0849872 ], [ 11.4137457, 48.0851504 ], [ 11.4137409, 48.0852815 ], [ 11.4137619, 48.0853836 ], [ 11.414434, 48.085235 ], [ 11.414442, 48.0852323 ], [ 11.4146125, 48.0851956 ], [ 11.4147644, 48.085156 ], [ 11.4150579, 48.0850823 ], [ 11.4154432, 48.0849779 ], [ 11.4158493, 48.0853933 ], [ 11.4162947, 48.0856765 ], [ 11.4161723, 48.0857384 ], [ 11.4159853, 48.0858272 ], [ 11.4159077, 48.0858771 ], [ 11.4158508, 48.0859108 ], [ 11.415345, 48.086204 ], [ 11.4155026, 48.0865927 ], [ 11.4165737, 48.0863754 ], [ 11.4175738, 48.0876425 ], [ 11.4186814, 48.089074 ], [ 11.4198073, 48.0905078 ], [ 11.4202683, 48.0910947 ], [ 11.4216757, 48.0928771 ], [ 11.4217604, 48.0929265 ], [ 11.4222693, 48.0932274 ], [ 11.4225856, 48.0934148 ], [ 11.4228606, 48.093578 ], [ 11.4230024, 48.093662 ], [ 11.423119, 48.0937995 ], [ 11.423275, 48.0939833 ], [ 11.4234271, 48.0943074 ], [ 11.4234314, 48.0945023 ], [ 11.4234389, 48.0948333 ], [ 11.4235085, 48.0951272 ], [ 11.4240707, 48.0959584 ], [ 11.4241857, 48.0961243 ], [ 11.4230594, 48.0967288 ], [ 11.4237155, 48.0972798 ], [ 11.4235409, 48.0973675 ], [ 11.4203583, 48.0989668 ], [ 11.4201476, 48.0990659 ], [ 11.4200134, 48.0991192 ], [ 11.4199243, 48.099153 ], [ 11.4198199, 48.0991926 ], [ 11.419711, 48.0991192 ], [ 11.4196906, 48.0991018 ], [ 11.4195225, 48.099003 ], [ 11.4194763, 48.0989378 ], [ 11.4194407, 48.0988874 ], [ 11.4192442, 48.0989131 ], [ 11.419283, 48.0991193 ], [ 11.419356, 48.0994066 ], [ 11.419596, 48.0997207 ], [ 11.4197026, 48.0999908 ], [ 11.4199016, 48.1001261 ], [ 11.4204508, 48.1003595 ], [ 11.420833, 48.1005506 ], [ 11.420931, 48.1006076 ], [ 11.4210007, 48.1006667 ], [ 11.4211598, 48.1010419 ], [ 11.4212911, 48.1013518 ], [ 11.4212213, 48.1013827 ], [ 11.4211658, 48.1014074 ], [ 11.4211183, 48.1014285 ], [ 11.4210753, 48.1014541 ], [ 11.421026, 48.1014914 ], [ 11.420934, 48.1016009 ], [ 11.4209292, 48.1016703 ], [ 11.4208914, 48.1017403 ], [ 11.4207159, 48.1017605 ], [ 11.4206185, 48.1017265 ], [ 11.4205904, 48.1017007 ], [ 11.4191818, 48.1022464 ], [ 11.4186109, 48.1024407 ], [ 11.4181662, 48.1026635 ], [ 11.4177298, 48.1028262 ], [ 11.4176224, 48.1027043 ], [ 11.4169947, 48.1028918 ], [ 11.4164705, 48.1031041 ], [ 11.4161481, 48.1032275 ], [ 11.4149221, 48.1036326 ], [ 11.4145742, 48.1037523 ], [ 11.4144418, 48.1038008 ], [ 11.4141123, 48.1034704 ], [ 11.4138647, 48.1033298 ], [ 11.4131586, 48.10356 ], [ 11.4132546, 48.1039521 ], [ 11.4130025, 48.1040518 ], [ 11.4129264, 48.1040818 ], [ 11.4127982, 48.1041324 ], [ 11.4126951, 48.1041732 ], [ 11.4126489, 48.1041742 ], [ 11.4124222, 48.1041797 ], [ 11.4123631, 48.104181 ], [ 11.4121251, 48.1042068 ], [ 11.411954, 48.1042842 ], [ 11.4118917, 48.1043194 ], [ 11.4110987, 48.1045101 ], [ 11.4105639, 48.1046474 ], [ 11.4099361, 48.1048128 ], [ 11.4096213, 48.1048783 ], [ 11.4081566, 48.1051491 ], [ 11.4068951, 48.1054452 ], [ 11.4054851, 48.1057376 ], [ 11.4054245, 48.105627 ], [ 11.405351, 48.1054625 ], [ 11.4052048, 48.1054891 ], [ 11.405059, 48.1055156 ], [ 11.4044623, 48.1056867 ], [ 11.4039859, 48.1058284 ], [ 11.4034797, 48.1059825 ], [ 11.4031684, 48.1061102 ], [ 11.4024272, 48.1064124 ], [ 11.4023561, 48.1064666 ], [ 11.4017158, 48.1066221 ], [ 11.4011545, 48.1067125 ], [ 11.4004328, 48.1069728 ], [ 11.3995213, 48.1073607 ], [ 11.3994742, 48.1074358 ], [ 11.3994152, 48.1075599 ], [ 11.3993577, 48.1076302 ], [ 11.3991606, 48.1077502 ], [ 11.3984799, 48.1079369 ], [ 11.398143, 48.1079718 ], [ 11.3978467, 48.1080045 ], [ 11.3975641, 48.108073 ], [ 11.3968656, 48.1082904 ], [ 11.3968074, 48.108197 ], [ 11.3966341, 48.1079189 ], [ 11.3957973, 48.1081109 ], [ 11.3958287, 48.1081598 ], [ 11.3959263, 48.1083499 ], [ 11.3959588, 48.1084202 ], [ 11.3959933, 48.1084944 ], [ 11.3958541, 48.1085449 ], [ 11.3957637, 48.1085451 ], [ 11.3948475, 48.1087564 ], [ 11.3944848, 48.1087199 ], [ 11.3940101, 48.1087845 ], [ 11.3939004, 48.1087695 ], [ 11.3941347, 48.1094969 ], [ 11.3941513, 48.1095372 ], [ 11.3940047, 48.1095729 ], [ 11.3937768, 48.1096285 ], [ 11.3905973, 48.1107484 ], [ 11.3877418, 48.1114406 ], [ 11.3853039, 48.1120977 ], [ 11.3851496, 48.1121308 ], [ 11.3845577, 48.1115668 ], [ 11.3835255, 48.1106324 ], [ 11.3831438, 48.1102978 ], [ 11.3828946, 48.1100797 ], [ 11.3829823, 48.1099904 ], [ 11.3832848, 48.1096776 ], [ 11.3835054, 48.1094837 ], [ 11.3840693, 48.1092356 ], [ 11.3850347, 48.108945 ], [ 11.3855949, 48.1087957 ], [ 11.3847983, 48.1081228 ], [ 11.3841745, 48.1077609 ], [ 11.3839994, 48.1076301 ], [ 11.3831736, 48.1069911 ], [ 11.3830738, 48.1069202 ], [ 11.3829533, 48.1068253 ], [ 11.3827866, 48.1067341 ], [ 11.3826939, 48.1066657 ], [ 11.3826124, 48.10662 ], [ 11.3825765, 48.1065976 ], [ 11.3824708, 48.1066772 ], [ 11.3824229, 48.1066994 ], [ 11.3821872, 48.1068717 ], [ 11.3820808, 48.1069622 ], [ 11.381781, 48.1073076 ], [ 11.3813569, 48.1077467 ], [ 11.3810375, 48.108059 ], [ 11.380999, 48.1080892 ], [ 11.380781, 48.1082602 ], [ 11.3805834, 48.108409 ], [ 11.3804167, 48.1085098 ], [ 11.3802472, 48.1085785 ], [ 11.3799055, 48.1086843 ], [ 11.3795836, 48.1088071 ], [ 11.3793579, 48.1089237 ], [ 11.379194, 48.1090223 ], [ 11.3790453, 48.1091323 ], [ 11.3788292, 48.1093129 ], [ 11.378628, 48.1095061 ], [ 11.3785619, 48.1096095 ], [ 11.3785358, 48.1096636 ], [ 11.3785358, 48.109671 ], [ 11.3784574, 48.1097573 ], [ 11.3783656, 48.1098198 ], [ 11.3769736, 48.1106718 ], [ 11.3750144, 48.1119071 ], [ 11.3747602, 48.112064 ], [ 11.3744523, 48.1121997 ], [ 11.374386, 48.1122344 ], [ 11.3730474, 48.1130775 ], [ 11.3725256, 48.113635 ], [ 11.3720649, 48.1142106 ], [ 11.3719326, 48.1143696 ], [ 11.3719016, 48.1144067 ], [ 11.3718633, 48.1144524 ], [ 11.3717754, 48.1145563 ], [ 11.3716695, 48.1146783 ], [ 11.3714325, 48.1149361 ], [ 11.371221, 48.1150734 ], [ 11.3710701, 48.1151874 ], [ 11.3708158, 48.1152611 ], [ 11.3700349, 48.1151951 ], [ 11.3693472, 48.1151162 ], [ 11.3692749, 48.115101 ], [ 11.3691085, 48.115066 ], [ 11.3686515, 48.1151272 ], [ 11.3680156, 48.1150965 ], [ 11.3674383, 48.1149807 ], [ 11.3672744, 48.1149455 ], [ 11.3671645, 48.1148933 ], [ 11.3670314, 48.1148354 ], [ 11.3667611, 48.1147408 ], [ 11.366703, 48.1147329 ], [ 11.3664953, 48.1146985 ], [ 11.3653615, 48.1145318 ], [ 11.365074, 48.1144507 ], [ 11.3649466, 48.1143965 ], [ 11.3645004, 48.1141684 ], [ 11.3639772, 48.1139125 ], [ 11.3633855, 48.1135536 ], [ 11.3630584, 48.1133837 ], [ 11.3628914, 48.1133004 ], [ 11.3628607, 48.1132181 ], [ 11.3627381, 48.1129994 ], [ 11.3625465, 48.1126515 ], [ 11.3624728, 48.1125095 ], [ 11.3620975, 48.1119566 ], [ 11.3616738, 48.111607 ], [ 11.3597166, 48.1111576 ], [ 11.3592921, 48.1111228 ], [ 11.3591446, 48.1111114 ], [ 11.3590411, 48.1111313 ], [ 11.3586598, 48.1112043 ], [ 11.3578181, 48.1113791 ], [ 11.3572132, 48.1115625 ], [ 11.3570229, 48.111597 ], [ 11.3564557, 48.1115225 ], [ 11.3554794, 48.111427 ], [ 11.3543539, 48.1112461 ], [ 11.353882, 48.1111702 ], [ 11.3537464, 48.1111529 ], [ 11.3535048, 48.1111545 ], [ 11.3534264, 48.1111554 ], [ 11.3532802, 48.1111527 ], [ 11.3531412, 48.1111502 ], [ 11.3524885, 48.1111384 ], [ 11.3525594, 48.1102934 ], [ 11.3525525, 48.1102627 ], [ 11.3525069, 48.1101769 ], [ 11.3524937, 48.110144 ], [ 11.3523588, 48.1076277 ], [ 11.3523724, 48.1075135 ], [ 11.3523701, 48.1074926 ], [ 11.3522513, 48.1074889 ], [ 11.3522119, 48.1074877 ], [ 11.3518327, 48.1074892 ], [ 11.3516156, 48.1075028 ], [ 11.3515743, 48.1074423 ], [ 11.351352, 48.1070361 ], [ 11.3509951, 48.1064511 ], [ 11.3505495, 48.1057036 ], [ 11.349601, 48.1057253 ], [ 11.3486912, 48.105809 ], [ 11.3486773, 48.1058109 ], [ 11.348537, 48.1058743 ], [ 11.3485114, 48.105886 ], [ 11.3481661, 48.1059932 ], [ 11.347472, 48.106121 ], [ 11.346964, 48.106222 ], [ 11.3466116, 48.1062941 ], [ 11.3457284, 48.1065375 ], [ 11.3455387, 48.1065621 ], [ 11.3446947, 48.1066668 ], [ 11.3432916, 48.1068871 ], [ 11.3431681, 48.1069051 ], [ 11.3434842, 48.107144 ], [ 11.3437062, 48.1073183 ], [ 11.3435741, 48.1075039 ], [ 11.3435172, 48.1075823 ], [ 11.3434612, 48.1076617 ], [ 11.343334, 48.1078403 ], [ 11.3403187, 48.1094808 ], [ 11.3386492, 48.1104071 ], [ 11.3364387, 48.1113922 ], [ 11.3357447, 48.1116754 ], [ 11.3358021, 48.111732 ], [ 11.3356712, 48.1118611 ], [ 11.3356127, 48.1118845 ], [ 11.3354993, 48.1118969 ], [ 11.3353394, 48.1119638 ], [ 11.3353274, 48.1119713 ], [ 11.335202, 48.1121865 ], [ 11.3348761, 48.1118476 ], [ 11.334773, 48.1118225 ], [ 11.3346478, 48.1117921 ], [ 11.3344196, 48.1117367 ], [ 11.3343491, 48.1115259 ], [ 11.3343394, 48.1114404 ], [ 11.3343345, 48.1113973 ], [ 11.3343394, 48.1113269 ], [ 11.3343211, 48.1113206 ], [ 11.3342254, 48.1112783 ], [ 11.3340869, 48.1111971 ], [ 11.3337357, 48.1109433 ], [ 11.3335129, 48.1107978 ], [ 11.3332816, 48.1106427 ], [ 11.3332176, 48.1105966 ], [ 11.3330667, 48.1104654 ], [ 11.332921, 48.110369 ], [ 11.3328016, 48.110303 ], [ 11.3327528, 48.1102787 ], [ 11.3326546, 48.1103562 ], [ 11.3320831, 48.1107435 ], [ 11.3319895, 48.1108203 ], [ 11.3317615, 48.1109566 ], [ 11.33156, 48.111101 ], [ 11.3310926, 48.1114346 ], [ 11.3309128, 48.1115734 ], [ 11.3306562, 48.1118857 ], [ 11.3301593, 48.1128103 ], [ 11.3290141, 48.1130523 ], [ 11.328823, 48.1131135 ], [ 11.3276216, 48.1136732 ], [ 11.3258666, 48.1132822 ], [ 11.3240892, 48.1128861 ], [ 11.3240976, 48.1131022 ], [ 11.324222, 48.1141969 ], [ 11.3241259, 48.1142858 ], [ 11.3241337, 48.1144171 ], [ 11.3236773, 48.114337 ], [ 11.3235312, 48.1143146 ], [ 11.3232451, 48.1142707 ], [ 11.3227801, 48.1142463 ], [ 11.3223823, 48.1142601 ], [ 11.3218258, 48.1142818 ], [ 11.3214169, 48.1143086 ], [ 11.3209293, 48.1143021 ], [ 11.3202979, 48.1142377 ], [ 11.3199452, 48.1142191 ], [ 11.3198001, 48.1142357 ], [ 11.3196328, 48.1142997 ], [ 11.3192109, 48.114584 ], [ 11.3189857, 48.1147546 ], [ 11.318631, 48.1148103 ], [ 11.3171554, 48.1149555 ], [ 11.3154154, 48.1151628 ], [ 11.3148941, 48.1152199 ], [ 11.3146816, 48.1152343 ], [ 11.3145522, 48.1152674 ], [ 11.3146079, 48.1153606 ], [ 11.3144528, 48.1158979 ], [ 11.3144124, 48.1162268 ], [ 11.3143075, 48.1170429 ], [ 11.3142329, 48.1174673 ], [ 11.31421, 48.1176317 ], [ 11.3142425, 48.117884 ], [ 11.3138864, 48.1178764 ], [ 11.3134126, 48.1178816 ], [ 11.3127393, 48.1179944 ], [ 11.3125921, 48.1179858 ], [ 11.312442, 48.1179736 ], [ 11.3124489, 48.1178681 ], [ 11.3124779, 48.1177238 ], [ 11.3124857, 48.1176253 ], [ 11.3125068, 48.1175228 ], [ 11.3124689, 48.1174036 ], [ 11.3123846, 48.1173147 ], [ 11.3121977, 48.1172526 ], [ 11.3116651, 48.1171814 ], [ 11.3116123, 48.1171768 ], [ 11.3107425, 48.1171027 ], [ 11.309725, 48.1170178 ], [ 11.3085062, 48.1168877 ], [ 11.3082637, 48.1175567 ], [ 11.3093147, 48.1176576 ], [ 11.3094906, 48.1176732 ], [ 11.3094713, 48.1178202 ], [ 11.3094428, 48.1179634 ], [ 11.3092106, 48.1179429 ], [ 11.3075658, 48.1177856 ], [ 11.3073943, 48.1177691 ], [ 11.3069288, 48.1190687 ], [ 11.3071797, 48.1190627 ], [ 11.3086285, 48.1190284 ], [ 11.3085811, 48.1191738 ], [ 11.3085375, 48.119321 ], [ 11.3061136, 48.1193815 ], [ 11.3061159, 48.1194637 ], [ 11.3059679, 48.1199641 ], [ 11.3058881, 48.1202911 ], [ 11.305819, 48.1207091 ], [ 11.3057568, 48.1211716 ], [ 11.3057311, 48.1214403 ], [ 11.3056876, 48.1215826 ], [ 11.3056407, 48.1216853 ], [ 11.3055497, 48.1217924 ], [ 11.3053976, 48.1219039 ], [ 11.3052458, 48.1220856 ], [ 11.3051988, 48.1221906 ], [ 11.3052165, 48.1223285 ], [ 11.3052989, 48.1225275 ], [ 11.3052859, 48.1226514 ], [ 11.3051847, 48.1227772 ], [ 11.3049619, 48.1229819 ], [ 11.3048799, 48.1230646 ], [ 11.304864, 48.1230622 ], [ 11.3048118, 48.1231597 ], [ 11.3047309, 48.123298 ], [ 11.3046374, 48.123476 ], [ 11.3044871, 48.1238594 ], [ 11.3038569, 48.1258734 ], [ 11.3038276, 48.1259697 ], [ 11.3040792, 48.1260181 ], [ 11.3044149, 48.1261314 ], [ 11.3044386, 48.1267212 ], [ 11.3044065, 48.1270676 ], [ 11.3043641, 48.1272124 ], [ 11.30405, 48.1271126 ], [ 11.3036892, 48.1269442 ], [ 11.3025979, 48.1264851 ], [ 11.302076, 48.1269365 ], [ 11.3016584, 48.1272104 ], [ 11.3011436, 48.1274044 ], [ 11.3010078, 48.1276567 ], [ 11.3007714, 48.1275631 ], [ 11.3000985, 48.1272633 ], [ 11.2995819, 48.1270171 ], [ 11.2991221, 48.1269225 ], [ 11.298817, 48.1269929 ], [ 11.2984542, 48.1276014 ], [ 11.2981717, 48.1279968 ], [ 11.2957873, 48.1287037 ], [ 11.2957736, 48.1286933 ], [ 11.29562, 48.1285761 ], [ 11.2953761, 48.1283901 ], [ 11.2940944, 48.1290574 ], [ 11.2936903, 48.1287888 ], [ 11.2931928, 48.1284613 ], [ 11.2928076, 48.1281787 ], [ 11.2926892, 48.1280494 ], [ 11.2926466, 48.1280121 ], [ 11.2925134, 48.1280991 ], [ 11.2924433, 48.1281464 ], [ 11.2923096, 48.1282316 ], [ 11.2921953, 48.1283059 ], [ 11.2909162, 48.1291371 ], [ 11.2890717, 48.1303604 ], [ 11.2879896, 48.1311871 ], [ 11.2872433, 48.1310028 ], [ 11.2866171, 48.1308606 ], [ 11.286251, 48.1307841 ], [ 11.285981, 48.1307383 ], [ 11.2858213, 48.1307511 ], [ 11.2855127, 48.1307862 ], [ 11.2852334, 48.1307751 ], [ 11.2849684, 48.1307486 ], [ 11.2849093, 48.1307428 ], [ 11.2845777, 48.1306895 ], [ 11.2842356, 48.1306131 ], [ 11.2839713, 48.130521 ], [ 11.2833077, 48.13025 ], [ 11.2829888, 48.1301482 ], [ 11.2826664, 48.1300488 ], [ 11.2823961, 48.1299845 ], [ 11.2821497, 48.1299308 ], [ 11.2821326, 48.1299271 ], [ 11.2813918, 48.1298272 ], [ 11.2810029, 48.129792 ], [ 11.2804496, 48.1297073 ], [ 11.2796491, 48.1295289 ], [ 11.279591, 48.1297362 ], [ 11.27951, 48.1299271 ], [ 11.2794726, 48.1299936 ], [ 11.2794292, 48.1300709 ], [ 11.2789462, 48.1312212 ], [ 11.2777444, 48.1310026 ], [ 11.2767388, 48.1307749 ], [ 11.2750397, 48.1302696 ], [ 11.2744183, 48.1308903 ], [ 11.2742009, 48.1310752 ], [ 11.2737133, 48.1314278 ], [ 11.2734501, 48.1325602 ], [ 11.2734471, 48.1326707 ], [ 11.2734216, 48.1338484 ], [ 11.2743702, 48.1342494 ], [ 11.2754304, 48.1346977 ], [ 11.2753622, 48.1348799 ], [ 11.2749295, 48.1360348 ], [ 11.2748541, 48.1362362 ], [ 11.2747111, 48.136172 ], [ 11.2745726, 48.1364374 ], [ 11.2737616, 48.1360929 ], [ 11.2735571, 48.136006 ], [ 11.2731495, 48.1358295 ], [ 11.2729326, 48.1359112 ], [ 11.2728242, 48.1359373 ], [ 11.2727391, 48.1359352 ], [ 11.2726303, 48.1359123 ], [ 11.2724809, 48.1358592 ], [ 11.2713036, 48.1353766 ], [ 11.27078, 48.1351931 ], [ 11.2705725, 48.1351407 ], [ 11.2703178, 48.1351004 ], [ 11.2699091, 48.1351172 ], [ 11.269373, 48.1351813 ], [ 11.2685757, 48.1352507 ], [ 11.2678711, 48.135272 ], [ 11.2676604, 48.1355141 ], [ 11.2676527, 48.1355117 ], [ 11.2673019, 48.135533 ], [ 11.2670994, 48.1355408 ], [ 11.2664244, 48.1356087 ], [ 11.2661739, 48.135645 ], [ 11.2658607, 48.1357139 ], [ 11.2656539, 48.1357971 ], [ 11.2651268, 48.1360279 ], [ 11.2643827, 48.1363314 ], [ 11.2641753, 48.1363693 ], [ 11.2640098, 48.1363841 ], [ 11.2633614, 48.1363656 ], [ 11.2626914, 48.1363296 ], [ 11.2622843, 48.1362936 ], [ 11.260636, 48.1360153 ], [ 11.2605785, 48.1353366 ], [ 11.2605055, 48.1350806 ], [ 11.2604521, 48.134808 ], [ 11.2604429, 48.1347037 ], [ 11.2602824, 48.1343133 ], [ 11.260282, 48.1341673 ], [ 11.2601622, 48.1340948 ], [ 11.2600423, 48.1340222 ], [ 11.2598394, 48.1338184 ], [ 11.259235, 48.1340472 ], [ 11.2589521, 48.1341498 ], [ 11.2583768, 48.1342841 ], [ 11.2581231, 48.1343345 ], [ 11.2577991, 48.1343988 ], [ 11.2577597, 48.1344042 ], [ 11.2567247, 48.1345485 ], [ 11.2548664, 48.1348475 ], [ 11.2547034, 48.1348697 ], [ 11.2542222, 48.1349223 ], [ 11.2539258, 48.1349451 ], [ 11.253586, 48.1350054 ], [ 11.2532665, 48.1350849 ], [ 11.2531241, 48.1351258 ], [ 11.253019, 48.1351251 ], [ 11.2529913, 48.1351284 ], [ 11.2527547, 48.1351889 ], [ 11.2525687, 48.1352575 ], [ 11.2524803, 48.1352857 ], [ 11.2521619, 48.1353774 ], [ 11.2521203, 48.1353908 ], [ 11.2515578, 48.1355673 ], [ 11.25082, 48.1348881 ], [ 11.2505061, 48.1345992 ], [ 11.250466, 48.1345633 ], [ 11.2501577, 48.1344593 ], [ 11.2496781, 48.1343253 ], [ 11.2495568, 48.1341549 ], [ 11.2490503, 48.1339391 ], [ 11.248479, 48.1338243 ], [ 11.2478448, 48.1336633 ], [ 11.2478032, 48.1336457 ], [ 11.2475846, 48.1335387 ], [ 11.2475134, 48.1334735 ], [ 11.2468462, 48.1328628 ], [ 11.2467635, 48.1327871 ], [ 11.2464659, 48.1324535 ], [ 11.2462906, 48.1322102 ], [ 11.2461626, 48.1319744 ], [ 11.2458708, 48.1316694 ], [ 11.2455564, 48.1314673 ], [ 11.2453596, 48.1314421 ], [ 11.244961, 48.1313909 ], [ 11.244905, 48.1314346 ], [ 11.2448209, 48.1314604 ], [ 11.2440508, 48.1318621 ], [ 11.2436225, 48.131938 ], [ 11.2431604, 48.1319166 ], [ 11.2426925, 48.132004 ], [ 11.2422298, 48.132018 ], [ 11.2423011, 48.1317063 ], [ 11.2426178, 48.1312203 ], [ 11.2426843, 48.1309663 ], [ 11.2425961, 48.1305668 ], [ 11.2425112, 48.1304822 ], [ 11.2420177, 48.1304606 ], [ 11.2415951, 48.1304107 ], [ 11.2414248, 48.1301733 ], [ 11.2413016, 48.1299362 ], [ 11.2411368, 48.1296808 ], [ 11.2409159, 48.1294726 ], [ 11.2406489, 48.1292221 ], [ 11.2405413, 48.1291524 ], [ 11.240322, 48.1290099 ], [ 11.2399716, 48.1288636 ], [ 11.2395038, 48.1287376 ], [ 11.2389254, 48.1286161 ], [ 11.238025, 48.1284418 ], [ 11.2379108, 48.128444 ], [ 11.236992, 48.1289351 ], [ 11.236847, 48.128944 ], [ 11.2365843, 48.1289458 ], [ 11.2362042, 48.1289636 ], [ 11.2359835, 48.1290317 ], [ 11.2356664, 48.1291406 ], [ 11.2354153, 48.1291696 ], [ 11.2350577, 48.1291595 ], [ 11.2344867, 48.1290918 ], [ 11.2343214, 48.12905 ], [ 11.2341838, 48.1289787 ], [ 11.2340902, 48.1289212 ], [ 11.2338775, 48.1287614 ], [ 11.2336636, 48.1286081 ], [ 11.2336428, 48.1285979 ], [ 11.2335065, 48.1285523 ], [ 11.2335295, 48.1284104 ], [ 11.2335966, 48.1283226 ], [ 11.2340835, 48.1278523 ], [ 11.2340779, 48.1278115 ], [ 11.2341763, 48.127764 ], [ 11.2342099, 48.1276155 ], [ 11.2342162, 48.1275873 ], [ 11.2339732, 48.126491 ], [ 11.2337609, 48.1264559 ], [ 11.2336019, 48.1264296 ], [ 11.2328013, 48.1265531 ], [ 11.2321704, 48.1268807 ], [ 11.2318748, 48.1270534 ], [ 11.2315274, 48.1271621 ], [ 11.2310528, 48.127227 ], [ 11.2303006, 48.1272801 ], [ 11.2296311, 48.1274218 ], [ 11.2292944, 48.1275097 ], [ 11.2285838, 48.1276951 ], [ 11.2277374, 48.127612 ], [ 11.227651, 48.1276035 ], [ 11.2268571, 48.1274403 ], [ 11.2266595, 48.1273997 ], [ 11.2266073, 48.1273282 ], [ 11.2263177, 48.126775 ], [ 11.2260123, 48.1263749 ], [ 11.2257979, 48.1260105 ], [ 11.2256678, 48.1256568 ], [ 11.225682, 48.1252476 ], [ 11.2256898, 48.125227 ], [ 11.2257292, 48.1251761 ], [ 11.2258168, 48.125003 ], [ 11.2260095, 48.1245821 ], [ 11.2260479, 48.1244323 ], [ 11.2260741, 48.1242607 ], [ 11.2260978, 48.1241908 ], [ 11.2258929, 48.1237147 ], [ 11.2258493, 48.1236135 ], [ 11.2254167, 48.1237826 ], [ 11.225129, 48.1238369 ], [ 11.2247703, 48.1238355 ], [ 11.2242307, 48.1238187 ], [ 11.2233369, 48.1236921 ], [ 11.2230484, 48.1236533 ], [ 11.2230216, 48.1234597 ], [ 11.2230361, 48.1232847 ], [ 11.2230903, 48.12308 ], [ 11.2229412, 48.1230687 ], [ 11.2224902, 48.1230343 ], [ 11.2215866, 48.1230191 ], [ 11.2210792, 48.123023 ], [ 11.2205477, 48.1227055 ], [ 11.2202803, 48.122529 ], [ 11.219996, 48.1223086 ], [ 11.2198228, 48.1223157 ], [ 11.2188862, 48.1223539 ], [ 11.2183961, 48.1223739 ], [ 11.2176384, 48.1219768 ], [ 11.2179557, 48.121296 ], [ 11.2178725, 48.1210933 ], [ 11.2178253, 48.1209675 ], [ 11.2176378, 48.1209098 ], [ 11.2168442, 48.1206251 ], [ 11.2165197, 48.1204386 ], [ 11.2163076, 48.1202772 ], [ 11.2161317, 48.1201586 ], [ 11.2160587, 48.1201135 ], [ 11.2159378, 48.1200535 ], [ 11.2158171, 48.1199936 ], [ 11.2155183, 48.1198607 ], [ 11.2154446, 48.1198279 ], [ 11.2147635, 48.1195888 ], [ 11.2144146, 48.1196237 ], [ 11.2138154, 48.1196241 ], [ 11.213774, 48.1196122 ], [ 11.2136265, 48.1195507 ], [ 11.2135369, 48.1196335 ], [ 11.2134472, 48.1197162 ], [ 11.2133731, 48.1196854 ], [ 11.2132312, 48.119655 ], [ 11.2130813, 48.119553 ], [ 11.2128151, 48.1194039 ], [ 11.2124964, 48.1192096 ], [ 11.2122317, 48.1190784 ], [ 11.2117514, 48.118805 ], [ 11.2116407, 48.1187353 ], [ 11.211014, 48.118338 ], [ 11.2108714, 48.1182488 ], [ 11.2106511, 48.1181194 ], [ 11.2104088, 48.1179554 ], [ 11.2102039, 48.1178255 ], [ 11.2098081, 48.1173845 ], [ 11.2096686, 48.1172561 ], [ 11.2093849, 48.1170079 ], [ 11.2096849, 48.1166764 ], [ 11.2095158, 48.1165041 ], [ 11.2103017, 48.1161402 ], [ 11.2105152, 48.1163656 ], [ 11.2110642, 48.1161572 ], [ 11.2114259, 48.1162933 ], [ 11.2119959, 48.1166075 ], [ 11.2121098, 48.1168321 ], [ 11.212314, 48.1169122 ], [ 11.2131862, 48.1168471 ], [ 11.2133998, 48.1164603 ], [ 11.2137096, 48.1158061 ], [ 11.2140012, 48.1157493 ], [ 11.2142174, 48.1156012 ], [ 11.2153557, 48.1159259 ], [ 11.2155262, 48.1156596 ], [ 11.2156486, 48.1155189 ], [ 11.2156788, 48.1154842 ], [ 11.2159674, 48.1152188 ], [ 11.216324, 48.114914 ], [ 11.2164661, 48.1149072 ], [ 11.2166195, 48.1149145 ], [ 11.2167734, 48.1149221 ], [ 11.2168779, 48.1146743 ], [ 11.2171733, 48.1143963 ], [ 11.2169688, 48.1142581 ], [ 11.2166531, 48.1141074 ], [ 11.2164956, 48.1140342 ], [ 11.216045, 48.1138972 ], [ 11.215973, 48.1138753 ], [ 11.2152757, 48.1139018 ], [ 11.2144532, 48.1140573 ], [ 11.2137005, 48.1142356 ], [ 11.2128674, 48.1145178 ], [ 11.2124257, 48.1140495 ], [ 11.2119693, 48.1135653 ], [ 11.211881, 48.1134615 ], [ 11.2118002, 48.1133662 ], [ 11.2116511, 48.1132491 ], [ 11.2115954, 48.1132146 ], [ 11.2115535, 48.1131886 ], [ 11.2106513, 48.1133991 ], [ 11.2102994, 48.113564 ], [ 11.2101754, 48.113678 ], [ 11.2101368, 48.1138872 ], [ 11.2099914, 48.1139518 ], [ 11.2098763, 48.1139659 ], [ 11.2093926, 48.1140537 ], [ 11.2091856, 48.114097 ], [ 11.2089275, 48.1140895 ], [ 11.2085452, 48.1142272 ], [ 11.2082216, 48.1142551 ], [ 11.2079827, 48.1142757 ], [ 11.2078398, 48.1143082 ], [ 11.2074172, 48.1144044 ], [ 11.2070588, 48.1144483 ], [ 11.206876, 48.1143441 ], [ 11.206508, 48.1146918 ], [ 11.2062913, 48.1148897 ], [ 11.2061149, 48.1150508 ], [ 11.2058236, 48.1150205 ], [ 11.2055648, 48.1151508 ], [ 11.2052785, 48.1153564 ], [ 11.2051533, 48.1152619 ], [ 11.2049177, 48.1149881 ], [ 11.2047747, 48.1148747 ], [ 11.2045824, 48.1147628 ], [ 11.2042985, 48.1146406 ], [ 11.2039854, 48.1144968 ], [ 11.2036414, 48.1143899 ], [ 11.2033891, 48.1142951 ], [ 11.2031589, 48.1142226 ], [ 11.2029059, 48.1141716 ], [ 11.202694, 48.114116 ], [ 11.2025335, 48.1140792 ], [ 11.2024076, 48.1140291 ], [ 11.2022548, 48.1139553 ], [ 11.2019469, 48.1137339 ], [ 11.2017417, 48.1135804 ], [ 11.2015555, 48.1134142 ], [ 11.2013753, 48.1132711 ], [ 11.2012292, 48.1131616 ], [ 11.2011709, 48.1131035 ], [ 11.2009026, 48.1129329 ], [ 11.2008477, 48.1129007 ], [ 11.2005714, 48.11274 ], [ 11.1998493, 48.1125319 ], [ 11.1993928, 48.1123932 ], [ 11.1990623, 48.1123068 ], [ 11.1988078, 48.1122343 ], [ 11.1986015, 48.1121699 ], [ 11.1986632, 48.1119419 ], [ 11.1987459, 48.1117091 ], [ 11.1988095, 48.1115176 ], [ 11.1989146, 48.1113017 ], [ 11.198994, 48.1111685 ], [ 11.1991494, 48.1109449 ], [ 11.1993046, 48.1107743 ], [ 11.1993809, 48.1107211 ], [ 11.1996178, 48.1105556 ], [ 11.1996485, 48.1105406 ], [ 11.1997059, 48.1105216 ], [ 11.1998772, 48.1104148 ], [ 11.1998789, 48.1103052 ], [ 11.2003233, 48.1101504 ], [ 11.2007019, 48.1100257 ], [ 11.2011968, 48.1099554 ], [ 11.2015256, 48.1099087 ], [ 11.2018647, 48.1097816 ], [ 11.2018191, 48.109551 ], [ 11.2017006, 48.10939 ], [ 11.2014024, 48.1091951 ], [ 11.2015697, 48.1087554 ], [ 11.2016204, 48.1086505 ], [ 11.2010913, 48.1085591 ], [ 11.2005378, 48.1083579 ], [ 11.2004428, 48.1081445 ], [ 11.2002253, 48.1080223 ], [ 11.200098, 48.1079952 ], [ 11.1998922, 48.1079608 ], [ 11.1999912, 48.1077682 ], [ 11.2001201, 48.1076269 ], [ 11.2001006, 48.1075518 ], [ 11.1997039, 48.1071518 ], [ 11.1994121, 48.1069115 ], [ 11.1990451, 48.1066067 ], [ 11.1987428, 48.1063605 ], [ 11.1982456, 48.1060134 ], [ 11.197114, 48.1052953 ], [ 11.1964387, 48.1048846 ], [ 11.1956402, 48.104377 ], [ 11.1955089, 48.1042926 ], [ 11.1956217, 48.104176 ], [ 11.195696, 48.1040729 ], [ 11.195773, 48.1037817 ], [ 11.1956126, 48.1035437 ], [ 11.195302, 48.1034295 ], [ 11.1952876, 48.1031418 ], [ 11.1949529, 48.1031437 ], [ 11.1949028, 48.1030741 ], [ 11.1948976, 48.1028368 ], [ 11.1949466, 48.1026119 ], [ 11.19491, 48.10243 ], [ 11.1947724, 48.102296 ], [ 11.1944756, 48.1020236 ], [ 11.1938617, 48.1016557 ], [ 11.1934443, 48.1015257 ], [ 11.1932313, 48.1014932 ], [ 11.1929845, 48.1014578 ], [ 11.1931298, 48.1011165 ], [ 11.19315, 48.1010741 ], [ 11.1934535, 48.1005055 ], [ 11.1935186, 48.1003511 ], [ 11.1936088, 48.1001507 ], [ 11.1936734, 48.0999708 ], [ 11.1937555, 48.0997001 ], [ 11.1940082, 48.0997136 ], [ 11.1942594, 48.099732 ], [ 11.1943926, 48.0991956 ], [ 11.1944067, 48.0991038 ], [ 11.1945178, 48.0989075 ], [ 11.19456, 48.0988099 ], [ 11.1943135, 48.0987352 ], [ 11.1940001, 48.0986479 ], [ 11.1935275, 48.098519 ], [ 11.1935518, 48.0983845 ], [ 11.1935944, 48.0981485 ], [ 11.1927348, 48.0985725 ], [ 11.1926364, 48.0986211 ], [ 11.1923104, 48.0988026 ], [ 11.1914228, 48.0982997 ], [ 11.1908366, 48.0985199 ], [ 11.1903628, 48.0977933 ], [ 11.1890976, 48.0976086 ], [ 11.1885875, 48.0975438 ], [ 11.1885578, 48.0975434 ], [ 11.1883583, 48.0975142 ], [ 11.188157, 48.0974457 ], [ 11.1866091, 48.0969757 ], [ 11.1859812, 48.0968442 ], [ 11.1856965, 48.0970451 ], [ 11.1853987, 48.0975709 ], [ 11.1852232, 48.0980166 ], [ 11.1851023, 48.0984154 ], [ 11.1849926, 48.098821 ], [ 11.1848626, 48.0990988 ], [ 11.1847765, 48.0993693 ], [ 11.1847645, 48.0995284 ], [ 11.1847681, 48.0996114 ], [ 11.1846171, 48.0996155 ], [ 11.1844645, 48.0994705 ], [ 11.1843464, 48.0993765 ], [ 11.1831214, 48.0993429 ], [ 11.1831122, 48.0993391 ], [ 11.1828164, 48.0993734 ], [ 11.1825909, 48.0995151 ], [ 11.1824588, 48.0996009 ], [ 11.1822285, 48.0998527 ], [ 11.181678, 48.0998523 ], [ 11.1813984, 48.099837 ], [ 11.1807879, 48.0999078 ], [ 11.1802786, 48.1000146 ], [ 11.1798014, 48.0998863 ], [ 11.1797085, 48.0999883 ], [ 11.1797364, 48.1000613 ], [ 11.1821001, 48.1011797 ], [ 11.1810888, 48.1021213 ], [ 11.1794606, 48.1036768 ], [ 11.1790892, 48.1036981 ], [ 11.1787307, 48.1037273 ], [ 11.1785705, 48.1037417 ], [ 11.1778063, 48.1038513 ], [ 11.1768452, 48.1039551 ], [ 11.1760033, 48.1040656 ], [ 11.175721, 48.1041109 ], [ 11.1755927, 48.1041229 ], [ 11.1749647, 48.1040392 ], [ 11.1765136, 48.1020035 ], [ 11.1763069, 48.1019886 ], [ 11.1753688, 48.1019548 ], [ 11.1752132, 48.1019598 ], [ 11.1742753, 48.1019981 ], [ 11.1729711, 48.1020583 ], [ 11.172531, 48.1020838 ], [ 11.1718893, 48.1021261 ], [ 11.1710616, 48.1021591 ], [ 11.1707649, 48.1021543 ], [ 11.1707304, 48.1022093 ], [ 11.1698973, 48.1022344 ], [ 11.1694358, 48.1022266 ], [ 11.1690789, 48.1021718 ], [ 11.1691643, 48.1017976 ], [ 11.1691814, 48.1015844 ], [ 11.1692463, 48.1013933 ], [ 11.1693237, 48.1010216 ], [ 11.1693227, 48.1010053 ], [ 11.169178, 48.1010136 ], [ 11.1687543, 48.1010378 ], [ 11.1678353, 48.1010755 ], [ 11.1676646, 48.1014843 ], [ 11.16747, 48.101614 ], [ 11.1669028, 48.1023722 ], [ 11.1668988, 48.1023921 ], [ 11.1681761, 48.1038977 ], [ 11.1680334, 48.104146 ], [ 11.167877, 48.1044961 ], [ 11.1678077, 48.104836 ], [ 11.1677998, 48.1051595 ], [ 11.1676519, 48.1055154 ], [ 11.1675489, 48.1058054 ], [ 11.1676417, 48.1060183 ], [ 11.1677082, 48.1062711 ], [ 11.1675743, 48.1066417 ], [ 11.1669914, 48.1070169 ], [ 11.1667962, 48.1071463 ], [ 11.1665198, 48.1071497 ], [ 11.166062, 48.1071344 ], [ 11.1653468, 48.1072964 ], [ 11.1648667, 48.1074155 ], [ 11.1642156, 48.1076087 ], [ 11.1638637, 48.1073166 ], [ 11.1633944, 48.1069922 ], [ 11.1625747, 48.1069619 ], [ 11.1622954, 48.1069593 ], [ 11.1618752, 48.1083851 ], [ 11.1618251, 48.1084807 ], [ 11.1617942, 48.1085327 ], [ 11.161429, 48.1090491 ], [ 11.1614078, 48.1091464 ], [ 11.1612368, 48.108986 ], [ 11.160881, 48.1087914 ], [ 11.1604493, 48.1087843 ], [ 11.1599144, 48.1087246 ], [ 11.159451, 48.1085864 ], [ 11.1590301, 48.1084539 ], [ 11.1587616, 48.1083442 ], [ 11.1585542, 48.1083773 ], [ 11.1584739, 48.1083018 ], [ 11.1583936, 48.1080994 ], [ 11.1582347, 48.1078734 ], [ 11.1580539, 48.107691 ], [ 11.1577881, 48.1074621 ], [ 11.1575259, 48.1072742 ], [ 11.1573556, 48.1071584 ], [ 11.157273, 48.1070956 ], [ 11.1572293, 48.1069886 ], [ 11.1572025, 48.1069392 ], [ 11.157169, 48.1068891 ], [ 11.1571264, 48.1068633 ], [ 11.1570751, 48.1068457 ], [ 11.1570125, 48.1068379 ], [ 11.1568653, 48.1068428 ], [ 11.1567027, 48.1068483 ], [ 11.1561074, 48.1069819 ], [ 11.1559561, 48.1070193 ], [ 11.155969, 48.1069108 ], [ 11.1560085, 48.106802 ], [ 11.1558804, 48.1066439 ], [ 11.1555852, 48.1064192 ], [ 11.1554562, 48.1062783 ], [ 11.1553797, 48.1061096 ], [ 11.1553439, 48.1059762 ], [ 11.1554262, 48.1058682 ], [ 11.1552513, 48.1057803 ], [ 11.1550691, 48.1056885 ], [ 11.1546976, 48.1054941 ], [ 11.1546461, 48.1054671 ], [ 11.1543393, 48.1055937 ], [ 11.1537499, 48.1056161 ], [ 11.1534542, 48.1054709 ], [ 11.1533083, 48.1053456 ], [ 11.1531733, 48.1050648 ], [ 11.1531648, 48.1047331 ], [ 11.1532279, 48.1046032 ], [ 11.1526163, 48.1046827 ], [ 11.1526176, 48.1047544 ], [ 11.1526618, 48.1055261 ], [ 11.1527956, 48.1059848 ], [ 11.1521007, 48.1061786 ], [ 11.1512131, 48.1064326 ], [ 11.150936, 48.10653 ], [ 11.1506178, 48.1066416 ], [ 11.150255, 48.106661 ], [ 11.1502034, 48.1068555 ], [ 11.1500914, 48.1070484 ], [ 11.1501317, 48.1073087 ], [ 11.1502398, 48.1075879 ], [ 11.1504708, 48.1078185 ], [ 11.1505936, 48.1079657 ], [ 11.1506091, 48.1081966 ], [ 11.1506076, 48.1084269 ], [ 11.1505831, 48.1085876 ], [ 11.1506621, 48.1087509 ], [ 11.1507374, 48.1088047 ], [ 11.1510163, 48.1087313 ], [ 11.1512157, 48.108702 ], [ 11.1514541, 48.1085757 ], [ 11.1516724, 48.1087082 ], [ 11.151973, 48.1089233 ], [ 11.1520104, 48.1092468 ], [ 11.1518777, 48.1095642 ], [ 11.1518604, 48.1101042 ], [ 11.1515943, 48.1105765 ], [ 11.1513368, 48.1107647 ], [ 11.1510707, 48.1109365 ], [ 11.1508618, 48.1109827 ], [ 11.1504691, 48.1109855 ], [ 11.1504457, 48.1109855 ], [ 11.1499907, 48.1111186 ], [ 11.1493516, 48.1105136 ], [ 11.1483317, 48.1094056 ], [ 11.1481897, 48.1092717 ], [ 11.1479222, 48.109154 ], [ 11.1477741, 48.1090631 ], [ 11.1473443, 48.10877 ], [ 11.1467619, 48.108443 ], [ 11.1467109, 48.1084119 ], [ 11.1459823, 48.1079666 ], [ 11.1457204, 48.1080566 ], [ 11.1447396, 48.1083937 ], [ 11.1434906, 48.1088655 ], [ 11.1429903, 48.1090332 ], [ 11.14274, 48.1091434 ], [ 11.1425773, 48.109215 ], [ 11.1425296, 48.1091783 ], [ 11.1419959, 48.1088608 ], [ 11.1415528, 48.1085019 ], [ 11.1410885, 48.1081843 ], [ 11.1408029, 48.10795 ], [ 11.140679, 48.1077676 ], [ 11.1406434, 48.1075542 ], [ 11.1406328, 48.107106 ], [ 11.1405974, 48.1069486 ], [ 11.1405287, 48.1068427 ], [ 11.1402973, 48.1066417 ], [ 11.1402787, 48.1066302 ], [ 11.1397803, 48.1064243 ], [ 11.1395269, 48.1062621 ], [ 11.1394045, 48.1060897 ], [ 11.139228, 48.1058411 ], [ 11.1390613, 48.1055347 ], [ 11.1388519, 48.1051495 ], [ 11.1386214, 48.1048306 ], [ 11.1381374, 48.1043629 ], [ 11.1378132, 48.1041256 ], [ 11.1374628, 48.1039702 ], [ 11.136781, 48.1037585 ], [ 11.1366392, 48.1036636 ], [ 11.1365697, 48.1035329 ], [ 11.1365668, 48.1034434 ], [ 11.1366423, 48.1030795 ], [ 11.1365735, 48.1027994 ], [ 11.1365657, 48.1027852 ], [ 11.1363443, 48.1025316 ], [ 11.1360339, 48.1022756 ], [ 11.1359983, 48.1022049 ], [ 11.1359282, 48.1018786 ], [ 11.1359203, 48.1017168 ], [ 11.1359519, 48.1015846 ], [ 11.1362303, 48.1011128 ], [ 11.1362566, 48.1010072 ], [ 11.1362536, 48.1009836 ], [ 11.1362398, 48.1009339 ], [ 11.136208, 48.1008753 ], [ 11.136085, 48.1007434 ], [ 11.1359558, 48.1006681 ], [ 11.1357908, 48.1005944 ], [ 11.1355228, 48.1005481 ], [ 11.1353452, 48.100536 ], [ 11.135207, 48.1004936 ], [ 11.1343632, 48.1002555 ], [ 11.1340756, 48.100155 ], [ 11.1336913, 48.0999785 ], [ 11.1335406, 48.0998752 ], [ 11.1333996, 48.0997274 ], [ 11.133337, 48.0996336 ], [ 11.1333114, 48.0995569 ], [ 11.1333221, 48.0994802 ], [ 11.1334004, 48.099376 ], [ 11.1336321, 48.0991454 ], [ 11.1336774, 48.0991041 ], [ 11.1336998, 48.0990787 ], [ 11.1340118, 48.0987528 ], [ 11.1342625, 48.0984391 ], [ 11.134482, 48.0980478 ], [ 11.1347442, 48.0977981 ], [ 11.135114, 48.0976354 ], [ 11.1353345, 48.0975446 ], [ 11.1359593, 48.0973882 ], [ 11.136102, 48.0973622 ], [ 11.1369443, 48.0972089 ], [ 11.1372639, 48.0971231 ], [ 11.1375159, 48.0970198 ], [ 11.137798, 48.0968312 ], [ 11.1378993, 48.0967207 ], [ 11.1381433, 48.0963174 ], [ 11.1382177, 48.0960929 ], [ 11.1382675, 48.0959422 ], [ 11.1382643, 48.0958809 ], [ 11.1383034, 48.0956883 ], [ 11.1383183, 48.0956249 ], [ 11.1383058, 48.09558 ], [ 11.1382734, 48.0954637 ], [ 11.1380756, 48.0952389 ], [ 11.1378772, 48.0950248 ], [ 11.1376014, 48.0945748 ], [ 11.1376019, 48.0945413 ], [ 11.1376056, 48.094217 ], [ 11.1375901, 48.0939099 ], [ 11.1375854, 48.0938151 ], [ 11.1374807, 48.093552 ], [ 11.1373039, 48.0933984 ], [ 11.1361224, 48.0927925 ], [ 11.1357427, 48.0926127 ], [ 11.1355807, 48.0924868 ], [ 11.1353624, 48.092304 ], [ 11.1353216, 48.0922789 ], [ 11.1351979, 48.0921751 ], [ 11.1350016, 48.0920452 ], [ 11.1342597, 48.091554 ], [ 11.1343787, 48.0912388 ], [ 11.1345005, 48.0909165 ], [ 11.1345535, 48.090389 ], [ 11.1345681, 48.0898987 ], [ 11.1344301, 48.0895951 ], [ 11.1342786, 48.0892615 ], [ 11.1344043, 48.0889698 ], [ 11.1344232, 48.0889262 ], [ 11.134666, 48.0887406 ], [ 11.1349746, 48.0886299 ], [ 11.1353009, 48.0884964 ], [ 11.1356208, 48.0882773 ], [ 11.1357723, 48.0879992 ], [ 11.1357234, 48.0875931 ], [ 11.1357032, 48.0875359 ], [ 11.1355928, 48.0872206 ], [ 11.1354216, 48.0867732 ], [ 11.1352898, 48.0862862 ], [ 11.1349486, 48.0856771 ], [ 11.1347641, 48.0853766 ], [ 11.1346486, 48.0851853 ], [ 11.1342567, 48.0844856 ], [ 11.1341541, 48.0842593 ], [ 11.134034, 48.0839939 ], [ 11.1338707, 48.0836944 ], [ 11.1339555, 48.0834624 ], [ 11.1345423, 48.082221 ], [ 11.1345541, 48.0819064 ], [ 11.1340267, 48.0811655 ], [ 11.1337396, 48.0808832 ], [ 11.1335679, 48.0808124 ], [ 11.133373, 48.0807504 ], [ 11.1332582, 48.0807155 ], [ 11.1332213, 48.080702 ], [ 11.1331074, 48.0806604 ], [ 11.1324623, 48.080422 ], [ 11.1323459, 48.0803752 ], [ 11.1318876, 48.0802076 ], [ 11.130518, 48.07964 ], [ 11.1299338, 48.0793845 ], [ 11.1294788, 48.0791652 ], [ 11.1293242, 48.0790501 ], [ 11.1291558, 48.0788905 ], [ 11.1291414, 48.0788718 ], [ 11.129075, 48.0787857 ], [ 11.1290456, 48.078727 ], [ 11.129008, 48.0786626 ], [ 11.129, 48.0785994 ], [ 11.128994, 48.0784607 ] ] ] } },
{ "type": "Feature", "properties": { "bbox_west": 11.3059679, "bbox_south": 48.1057036, "bbox_east": 11.4128816, "bbox_north": 48.1586746, "place_id": 117360587, "osm_type": "relation", "osm_id": 933480, "lat": 48.1373576, "lon": 11.3614338, "class": "boundary", "type": "administrative", "place_rank": 16, "importance": 0.46962531675237862, "addresstype": "town", "name": "Germering", "display_name": "Germering, Landkreis Fürstenfeldbruck, Bavaria, 82110, Germany", "place_name": "Germering, Bavaria, Germany" }, "geometry": { "type": "Polygon", "coordinates": [ [ [ 11.3059679, 48.1199641 ], [ 11.3061159, 48.1194637 ], [ 11.3061136, 48.1193815 ], [ 11.3085375, 48.119321 ], [ 11.3085811, 48.1191738 ], [ 11.3086285, 48.1190284 ], [ 11.3071797, 48.1190627 ], [ 11.3069288, 48.1190687 ], [ 11.3073943, 48.1177691 ], [ 11.3075658, 48.1177856 ], [ 11.3092106, 48.1179429 ], [ 11.3094428, 48.1179634 ], [ 11.3094713, 48.1178202 ], [ 11.3094906, 48.1176732 ], [ 11.3093147, 48.1176576 ], [ 11.3082637, 48.1175567 ], [ 11.3085062, 48.1168877 ], [ 11.309725, 48.1170178 ], [ 11.3107425, 48.1171027 ], [ 11.3116123, 48.1171768 ], [ 11.3116651, 48.1171814 ], [ 11.3121977, 48.1172526 ], [ 11.3123846, 48.1173147 ], [ 11.3124689, 48.1174036 ], [ 11.3125068, 48.1175228 ], [ 11.3124857, 48.1176253 ], [ 11.3124779, 48.1177238 ], [ 11.3124489, 48.1178681 ], [ 11.312442, 48.1179736 ], [ 11.3125921, 48.1179858 ], [ 11.3127393, 48.1179944 ], [ 11.3134126, 48.1178816 ], [ 11.3138864, 48.1178764 ], [ 11.3142425, 48.117884 ], [ 11.31421, 48.1176317 ], [ 11.3142329, 48.1174673 ], [ 11.3143075, 48.1170429 ], [ 11.3144124, 48.1162268 ], [ 11.3144528, 48.1158979 ], [ 11.3146079, 48.1153606 ], [ 11.3145522, 48.1152674 ], [ 11.3146816, 48.1152343 ], [ 11.3148941, 48.1152199 ], [ 11.3154154, 48.1151628 ], [ 11.3171554, 48.1149555 ], [ 11.318631, 48.1148103 ], [ 11.3189857, 48.1147546 ], [ 11.3192109, 48.114584 ], [ 11.3196328, 48.1142997 ], [ 11.3198001, 48.1142357 ], [ 11.3199452, 48.1142191 ], [ 11.3202979, 48.1142377 ], [ 11.3209293, 48.1143021 ], [ 11.3214169, 48.1143086 ], [ 11.3218258, 48.1142818 ], [ 11.3223823, 48.1142601 ], [ 11.3227801, 48.1142463 ], [ 11.3232451, 48.1142707 ], [ 11.3235312, 48.1143146 ], [ 11.3236773, 48.114337 ], [ 11.3241337, 48.1144171 ], [ 11.3241259, 48.1142858 ], [ 11.324222, 48.1141969 ], [ 11.3240976, 48.1131022 ], [ 11.3240892, 48.1128861 ], [ 11.3258666, 48.1132822 ], [ 11.3276216, 48.1136732 ], [ 11.328823, 48.1131135 ], [ 11.3290141, 48.1130523 ], [ 11.3301593, 48.1128103 ], [ 11.3306562, 48.1118857 ], [ 11.3309128, 48.1115734 ], [ 11.3310926, 48.1114346 ], [ 11.33156, 48.111101 ], [ 11.3317615, 48.1109566 ], [ 11.3319895, 48.1108203 ], [ 11.3320831, 48.1107435 ], [ 11.3326546, 48.1103562 ], [ 11.3327528, 48.1102787 ], [ 11.3328016, 48.110303 ], [ 11.332921, 48.110369 ], [ 11.3330667, 48.1104654 ], [ 11.3332176, 48.1105966 ], [ 11.3332816, 48.1106427 ], [ 11.3335129, 48.1107978 ], [ 11.3337357, 48.1109433 ], [ 11.3340869, 48.1111971 ], [ 11.3342254, 48.1112783 ], [ 11.3343211, 48.1113206 ], [ 11.3343394, 48.1113269 ], [ 11.3343345, 48.1113973 ], [ 11.3343394, 48.1114404 ], [ 11.3343491, 48.1115259 ], [ 11.3344196, 48.1117367 ], [ 11.3346478, 48.1117921 ], [ 11.334773, 48.1118225 ], [ 11.3348761, 48.1118476 ], [ 11.335202, 48.1121865 ], [ 11.3353274, 48.1119713 ], [ 11.3353394, 48.1119638 ], [ 11.3354993, 48.1118969 ], [ 11.3356127, 48.1118845 ], [ 11.3356712, 48.1118611 ], [ 11.3358021, 48.111732 ], [ 11.3357447, 48.1116754 ], [ 11.3364387, 48.1113922 ], [ 11.3386492, 48.1104071 ], [ 11.3403187, 48.1094808 ], [ 11.343334, 48.1078403 ], [ 11.3434612, 48.1076617 ], [ 11.3435172, 48.1075823 ], [ 11.3435741, 48.1075039 ], [ 11.3437062, 48.1073183 ], [ 11.3434842, 48.107144 ], [ 11.3431681, 48.1069051 ], [ 11.3432916, 48.1068871 ], [ 11.3446947, 48.1066668 ], [ 11.3455387, 48.1065621 ], [ 11.3457284, 48.1065375 ], [ 11.3466116, 48.1062941 ], [ 11.346964, 48.106222 ], [ 11.347472, 48.106121 ], [ 11.3481661, 48.1059932 ], [ 11.3485114, 48.105886 ], [ 11.348537, 48.1058743 ], [ 11.3486773, 48.1058109 ], [ 11.3486912, 48.105809 ], [ 11.349601, 48.1057253 ], [ 11.3505495, 48.1057036 ], [ 11.3509951, 48.1064511 ], [ 11.351352, 48.1070361 ], [ 11.3515743, 48.1074423 ], [ 11.3516156, 48.1075028 ], [ 11.3518327, 48.1074892 ], [ 11.3522119, 48.1074877 ], [ 11.3522513, 48.1074889 ], [ 11.3523701, 48.1074926 ], [ 11.3523724, 48.1075135 ], [ 11.3523588, 48.1076277 ], [ 11.3524937, 48.110144 ], [ 11.3525069, 48.1101769 ], [ 11.3525525, 48.1102627 ], [ 11.3525594, 48.1102934 ], [ 11.3524885, 48.1111384 ], [ 11.3531412, 48.1111502 ], [ 11.3532802, 48.1111527 ], [ 11.3534264, 48.1111554 ], [ 11.3535048, 48.1111545 ], [ 11.3537464, 48.1111529 ], [ 11.353882, 48.1111702 ], [ 11.3543539, 48.1112461 ], [ 11.3554794, 48.111427 ], [ 11.3564557, 48.1115225 ], [ 11.3570229, 48.111597 ], [ 11.3572132, 48.1115625 ], [ 11.3578181, 48.1113791 ], [ 11.3586598, 48.1112043 ], [ 11.3590411, 48.1111313 ], [ 11.3591446, 48.1111114 ], [ 11.3592921, 48.1111228 ], [ 11.3597166, 48.1111576 ], [ 11.3616738, 48.111607 ], [ 11.3620975, 48.1119566 ], [ 11.3624728, 48.1125095 ], [ 11.3625465, 48.1126515 ], [ 11.3627381, 48.1129994 ], [ 11.3628607, 48.1132181 ], [ 11.3628914, 48.1133004 ], [ 11.3630584, 48.1133837 ], [ 11.3633855, 48.1135536 ], [ 11.3639772, 48.1139125 ], [ 11.3645004, 48.1141684 ], [ 11.3649466, 48.1143965 ], [ 11.365074, 48.1144507 ], [ 11.3653615, 48.1145318 ], [ 11.3664953, 48.1146985 ], [ 11.366703, 48.1147329 ], [ 11.3667611, 48.1147408 ], [ 11.3670314, 48.1148354 ], [ 11.3671645, 48.1148933 ], [ 11.3672744, 48.1149455 ], [ 11.3674383, 48.1149807 ], [ 11.3680156, 48.1150965 ], [ 11.3686515, 48.1151272 ], [ 11.3691085, 48.115066 ], [ 11.3692749, 48.115101 ], [ 11.3693472, 48.1151162 ], [ 11.3700349, 48.1151951 ], [ 11.3708158, 48.1152611 ], [ 11.3710701, 48.1151874 ], [ 11.371221, 48.1150734 ], [ 11.3714325, 48.1149361 ], [ 11.3716695, 48.1146783 ], [ 11.3717754, 48.1145563 ], [ 11.3718633, 48.1144524 ], [ 11.3719016, 48.1144067 ], [ 11.3719326, 48.1143696 ], [ 11.3720649, 48.1142106 ], [ 11.3725256, 48.113635 ], [ 11.3730474, 48.1130775 ], [ 11.374386, 48.1122344 ], [ 11.3744523, 48.1121997 ], [ 11.3747602, 48.112064 ], [ 11.3750144, 48.1119071 ], [ 11.3769736, 48.1106718 ], [ 11.3783656, 48.1098198 ], [ 11.3784574, 48.1097573 ], [ 11.3785358, 48.109671 ], [ 11.3785358, 48.1096636 ], [ 11.3785619, 48.1096095 ], [ 11.378628, 48.1095061 ], [ 11.3788292, 48.1093129 ], [ 11.3790453, 48.1091323 ], [ 11.379194, 48.1090223 ], [ 11.3793579, 48.1089237 ], [ 11.3795836, 48.1088071 ], [ 11.3799055, 48.1086843 ], [ 11.3802472, 48.1085785 ], [ 11.3804167, 48.1085098 ], [ 11.3805834, 48.108409 ], [ 11.380781, 48.1082602 ], [ 11.380999, 48.1080892 ], [ 11.3810375, 48.108059 ], [ 11.3813569, 48.1077467 ], [ 11.381781, 48.1073076 ], [ 11.3820808, 48.1069622 ], [ 11.3821872, 48.1068717 ], [ 11.3824229, 48.1066994 ], [ 11.3824708, 48.1066772 ], [ 11.3825765, 48.1065976 ], [ 11.3826124, 48.10662 ], [ 11.3826939, 48.1066657 ], [ 11.3827866, 48.1067341 ], [ 11.3829533, 48.1068253 ], [ 11.3830738, 48.1069202 ], [ 11.3831736, 48.1069911 ], [ 11.3839994, 48.1076301 ], [ 11.3841745, 48.1077609 ], [ 11.3847983, 48.1081228 ], [ 11.3855949, 48.1087957 ], [ 11.3850347, 48.108945 ], [ 11.3840693, 48.1092356 ], [ 11.3835054, 48.1094837 ], [ 11.3832848, 48.1096776 ], [ 11.3829823, 48.1099904 ], [ 11.3828946, 48.1100797 ], [ 11.3831438, 48.1102978 ], [ 11.3835255, 48.1106324 ], [ 11.3845577, 48.1115668 ], [ 11.3851496, 48.1121308 ], [ 11.3855112, 48.1125324 ], [ 11.3859498, 48.1130943 ], [ 11.3858238, 48.1131876 ], [ 11.3854019, 48.1134445 ], [ 11.3855925, 48.1136566 ], [ 11.3856167, 48.1136831 ], [ 11.3858572, 48.1139116 ], [ 11.3859584, 48.1140223 ], [ 11.3860097, 48.1141054 ], [ 11.3861592, 48.1142521 ], [ 11.3862098, 48.1143112 ], [ 11.3862353, 48.1143374 ], [ 11.3867946, 48.1150819 ], [ 11.3871747, 48.1154841 ], [ 11.3875058, 48.1160876 ], [ 11.38778, 48.1163319 ], [ 11.3880149, 48.116541 ], [ 11.3886653, 48.1173427 ], [ 11.388919, 48.1176728 ], [ 11.3889932, 48.1177693 ], [ 11.389064, 48.1178719 ], [ 11.389138, 48.1179835 ], [ 11.3894048, 48.1183857 ], [ 11.3894866, 48.118492 ], [ 11.3897241, 48.1184399 ], [ 11.3902432, 48.1183116 ], [ 11.3904619, 48.1183039 ], [ 11.3911388, 48.1183184 ], [ 11.3911964, 48.1182636 ], [ 11.3912721, 48.1181917 ], [ 11.3913477, 48.11812 ], [ 11.3915429, 48.1179401 ], [ 11.3916389, 48.1178528 ], [ 11.3924422, 48.1177624 ], [ 11.392713, 48.1177177 ], [ 11.3932926, 48.1177082 ], [ 11.3932871, 48.1180617 ], [ 11.3936325, 48.1180659 ], [ 11.3941184, 48.1180633 ], [ 11.3943089, 48.1180218 ], [ 11.3947688, 48.1179592 ], [ 11.3951328, 48.1178777 ], [ 11.395475, 48.1177875 ], [ 11.3963426, 48.1174951 ], [ 11.396525, 48.117418 ], [ 11.3968957, 48.1172866 ], [ 11.3977836, 48.1170612 ], [ 11.3998265, 48.1167001 ], [ 11.3999608, 48.1167191 ], [ 11.4000425, 48.1167458 ], [ 11.400395, 48.116933 ], [ 11.4005894, 48.1170401 ], [ 11.4016098, 48.1177328 ], [ 11.4017392, 48.1176788 ], [ 11.4018844, 48.1176461 ], [ 11.4019871, 48.11773 ], [ 11.4020986, 48.117863 ], [ 11.4023666, 48.1181565 ], [ 11.4027326, 48.1185459 ], [ 11.4031004, 48.1189194 ], [ 11.4033572, 48.1191767 ], [ 11.4040511, 48.1197802 ], [ 11.4047971, 48.1203642 ], [ 11.4053979, 48.1208702 ], [ 11.4061145, 48.1214579 ], [ 11.406284, 48.1215864 ], [ 11.4067936, 48.1220173 ], [ 11.407658, 48.1227147 ], [ 11.407952, 48.1229492 ], [ 11.4094627, 48.1242439 ], [ 11.4095774, 48.1243495 ], [ 11.4098078, 48.1245827 ], [ 11.4103912, 48.1251727 ], [ 11.4112051, 48.1259415 ], [ 11.4120637, 48.1266764 ], [ 11.4128816, 48.127491 ], [ 11.4126814, 48.1275508 ], [ 11.4120802, 48.1273715 ], [ 11.411219, 48.1270443 ], [ 11.4100143, 48.1266337 ], [ 11.4089641, 48.1261967 ], [ 11.408172, 48.1260958 ], [ 11.4066689, 48.1259595 ], [ 11.4053336, 48.1258387 ], [ 11.4038308, 48.1256149 ], [ 11.4029318, 48.125448 ], [ 11.4022976, 48.1253264 ], [ 11.4022722, 48.1251677 ], [ 11.3945773, 48.1255071 ], [ 11.3944236, 48.1255105 ], [ 11.3942853, 48.1256635 ], [ 11.3930053, 48.1285263 ], [ 11.3907458, 48.1280443 ], [ 11.3896186, 48.1278656 ], [ 11.3887993, 48.1296105 ], [ 11.388724, 48.1297424 ], [ 11.3892142, 48.1310596 ], [ 11.3893202, 48.1310936 ], [ 11.3894039, 48.1314037 ], [ 11.3894068, 48.1315096 ], [ 11.3893863, 48.1316013 ], [ 11.3894088, 48.1316766 ], [ 11.3893203, 48.131926 ], [ 11.389187, 48.132321 ], [ 11.388975, 48.1329001 ], [ 11.3887205, 48.1328491 ], [ 11.3885113, 48.1334284 ], [ 11.3885519, 48.1334355 ], [ 11.3884807, 48.1336604 ], [ 11.3884441, 48.1337799 ], [ 11.3881907, 48.1345772 ], [ 11.3886071, 48.1347145 ], [ 11.389039, 48.1348704 ], [ 11.3892461, 48.1349181 ], [ 11.3891701, 48.1351323 ], [ 11.3901684, 48.1354416 ], [ 11.3899751, 48.1359786 ], [ 11.3921849, 48.1366638 ], [ 11.3895295, 48.1412227 ], [ 11.3909819, 48.1417798 ], [ 11.3912725, 48.1418913 ], [ 11.390388, 48.143287 ], [ 11.390152, 48.143654 ], [ 11.3904737, 48.1437576 ], [ 11.3904512, 48.1437964 ], [ 11.3906327, 48.1438677 ], [ 11.3894055, 48.1457461 ], [ 11.3902615, 48.1459832 ], [ 11.3898522, 48.1467021 ], [ 11.389144, 48.1479327 ], [ 11.3883477, 48.1477722 ], [ 11.3881189, 48.1476971 ], [ 11.3872366, 48.1473301 ], [ 11.3866319, 48.1481517 ], [ 11.3860788, 48.1488993 ], [ 11.3855294, 48.1496533 ], [ 11.3845394, 48.1492381 ], [ 11.3842808, 48.1491283 ], [ 11.3840216, 48.1490191 ], [ 11.3840156, 48.1497672 ], [ 11.383642, 48.1497248 ], [ 11.3831771, 48.1496722 ], [ 11.3831446, 48.1502745 ], [ 11.3831176, 48.1505825 ], [ 11.3830843, 48.1514987 ], [ 11.3829774, 48.1524968 ], [ 11.3828857, 48.1530762 ], [ 11.3816694, 48.1533278 ], [ 11.3810594, 48.1534286 ], [ 11.380594, 48.1534831 ], [ 11.3795025, 48.1535352 ], [ 11.3795223, 48.1538312 ], [ 11.3787063, 48.1538277 ], [ 11.3782555, 48.153831 ], [ 11.3780394, 48.1538371 ], [ 11.3780223, 48.1532215 ], [ 11.377632, 48.1532531 ], [ 11.376996, 48.1533047 ], [ 11.3756188, 48.1533677 ], [ 11.3739109, 48.1535523 ], [ 11.3735834, 48.1541884 ], [ 11.3744215, 48.1540883 ], [ 11.3740809, 48.1549591 ], [ 11.3738626, 48.1555401 ], [ 11.3751552, 48.1554886 ], [ 11.3749147, 48.155983 ], [ 11.3738101, 48.1560417 ], [ 11.3732801, 48.1560903 ], [ 11.3719407, 48.1562949 ], [ 11.3708289, 48.1566437 ], [ 11.3698222, 48.15683 ], [ 11.3701059, 48.1572727 ], [ 11.369986, 48.157309 ], [ 11.3702689, 48.1577662 ], [ 11.3703328, 48.1577475 ], [ 11.3703666, 48.1578142 ], [ 11.3703434, 48.1578524 ], [ 11.3702663, 48.1578597 ], [ 11.3702468, 48.157973 ], [ 11.3703492, 48.1580501 ], [ 11.3704558, 48.1581098 ], [ 11.3705808, 48.1580641 ], [ 11.3706953, 48.1581386 ], [ 11.370894, 48.1580854 ], [ 11.3711086, 48.1581782 ], [ 11.3711951, 48.1584195 ], [ 11.3706925, 48.1584467 ], [ 11.3702682, 48.1585098 ], [ 11.368739, 48.1586119 ], [ 11.3672258, 48.1586746 ], [ 11.3666368, 48.1586617 ], [ 11.3660671, 48.158621 ], [ 11.3655317, 48.1585659 ], [ 11.3650686, 48.1585413 ], [ 11.3643944, 48.1585382 ], [ 11.3637494, 48.1584906 ], [ 11.3636336, 48.1584867 ], [ 11.3628231, 48.1583839 ], [ 11.3624365, 48.1583045 ], [ 11.3619435, 48.15823 ], [ 11.3610401, 48.1580862 ], [ 11.3608464, 48.1580595 ], [ 11.360777, 48.1580704 ], [ 11.3607363, 48.1580544 ], [ 11.3607231, 48.1580474 ], [ 11.3607128, 48.1580317 ], [ 11.3607091, 48.1580131 ], [ 11.3606954, 48.1579073 ], [ 11.3606884, 48.1577962 ], [ 11.3606902, 48.1577001 ], [ 11.3605994, 48.157362 ], [ 11.3605855, 48.1568365 ], [ 11.3605608, 48.1567382 ], [ 11.3605208, 48.1567086 ], [ 11.3600754, 48.156703 ], [ 11.3600292, 48.1566797 ], [ 11.3599916, 48.1566609 ], [ 11.3599196, 48.1565749 ], [ 11.3598981, 48.1564774 ], [ 11.3598306, 48.1561727 ], [ 11.3598242, 48.155894 ], [ 11.3598741, 48.1558354 ], [ 11.3601308, 48.1557878 ], [ 11.3602281, 48.1557696 ], [ 11.3602887, 48.1557658 ], [ 11.360572, 48.1557075 ], [ 11.3607514, 48.1556354 ], [ 11.3609206, 48.155549 ], [ 11.3609722, 48.1554709 ], [ 11.361165, 48.153907 ], [ 11.3612735, 48.1537274 ], [ 11.3610623, 48.1536313 ], [ 11.3592384, 48.1523342 ], [ 11.3579426, 48.1511957 ], [ 11.3577164, 48.1509455 ], [ 11.3574445, 48.1506544 ], [ 11.3574325, 48.1506315 ], [ 11.3572807, 48.1504789 ], [ 11.3559714, 48.1493649 ], [ 11.3549432, 48.1484901 ], [ 11.354466, 48.148071 ], [ 11.3543024, 48.1479261 ], [ 11.3532311, 48.1469764 ], [ 11.3528389, 48.1466755 ], [ 11.3514873, 48.1455216 ], [ 11.3511994, 48.1452908 ], [ 11.3510014, 48.1451685 ], [ 11.3508977, 48.1451059 ], [ 11.350731, 48.1450059 ], [ 11.3502169, 48.1446384 ], [ 11.3501261, 48.1445776 ], [ 11.3505079, 48.1443178 ], [ 11.3505269, 48.1442966 ], [ 11.3505724, 48.1442004 ], [ 11.3505855, 48.1441725 ], [ 11.3505921, 48.1440315 ], [ 11.3504976, 48.1437927 ], [ 11.3504871, 48.1437772 ], [ 11.350475, 48.143765 ], [ 11.3503903, 48.1436801 ], [ 11.3477549, 48.1410386 ], [ 11.3471423, 48.1404059 ], [ 11.3469909, 48.140314 ], [ 11.3455584, 48.1394728 ], [ 11.3454895, 48.1394181 ], [ 11.3454322, 48.1392712 ], [ 11.3454125, 48.1390645 ], [ 11.345434, 48.1384366 ], [ 11.345279, 48.1384496 ], [ 11.3449598, 48.1384779 ], [ 11.3444236, 48.1386291 ], [ 11.3439808, 48.1387585 ], [ 11.3437947, 48.1388566 ], [ 11.3430747, 48.1392361 ], [ 11.343043, 48.1392529 ], [ 11.3425838, 48.139127 ], [ 11.3421231, 48.1391236 ], [ 11.3414732, 48.139064 ], [ 11.3408119, 48.1389832 ], [ 11.3408577, 48.1388602 ], [ 11.3408776, 48.138807 ], [ 11.3410435, 48.1383657 ], [ 11.3411118, 48.1381692 ], [ 11.3411964, 48.138091 ], [ 11.3412688, 48.1380166 ], [ 11.3413313, 48.1379042 ], [ 11.3413355, 48.137889 ], [ 11.3413375, 48.1378044 ], [ 11.3413152, 48.1376509 ], [ 11.3411848, 48.1374307 ], [ 11.3411938, 48.1373508 ], [ 11.3412183, 48.1371373 ], [ 11.3412482, 48.1368747 ], [ 11.3412582, 48.1367873 ], [ 11.3412908, 48.1367316 ], [ 11.3411803, 48.1366797 ], [ 11.3411224, 48.1366704 ], [ 11.3410922, 48.1366717 ], [ 11.3410521, 48.1366756 ], [ 11.34098, 48.1366825 ], [ 11.3409373, 48.1366865 ], [ 11.3402858, 48.1367219 ], [ 11.3385428, 48.1368158 ], [ 11.3376666, 48.1368547 ], [ 11.3375135, 48.1369112 ], [ 11.3373028, 48.137018 ], [ 11.3370484, 48.1371533 ], [ 11.3367318, 48.1373004 ], [ 11.3364714, 48.1374038 ], [ 11.3345001, 48.1375951 ], [ 11.3343395, 48.1375611 ], [ 11.3342418, 48.1375405 ], [ 11.3327029, 48.1372596 ], [ 11.3319885, 48.1370108 ], [ 11.3318628, 48.136946 ], [ 11.3315025, 48.1368794 ], [ 11.3310977, 48.136834 ], [ 11.3307168, 48.1368055 ], [ 11.3305243, 48.1367666 ], [ 11.3304634, 48.1367511 ], [ 11.3303557, 48.1367956 ], [ 11.3303054, 48.1368165 ], [ 11.3300169, 48.13669 ], [ 11.3298326, 48.1365978 ], [ 11.3295781, 48.136443 ], [ 11.3295676, 48.136305 ], [ 11.3294522, 48.1361823 ], [ 11.3293444, 48.1360312 ], [ 11.3292888, 48.1358545 ], [ 11.3293286, 48.1356667 ], [ 11.3295289, 48.1349435 ], [ 11.3297276, 48.1344321 ], [ 11.3297601, 48.1343516 ], [ 11.3298022, 48.1342435 ], [ 11.3298682, 48.1341006 ], [ 11.3300513, 48.1336786 ], [ 11.3304828, 48.1328183 ], [ 11.3305874, 48.1325709 ], [ 11.3311298, 48.1316352 ], [ 11.3310474, 48.1314931 ], [ 11.33124, 48.131208 ], [ 11.3311154, 48.1311957 ], [ 11.3296699, 48.1311034 ], [ 11.3286768, 48.1310353 ], [ 11.3282533, 48.1310057 ], [ 11.3277855, 48.1310968 ], [ 11.3270528, 48.1312392 ], [ 11.3259095, 48.1314704 ], [ 11.3247903, 48.1317219 ], [ 11.3240157, 48.1319295 ], [ 11.3237189, 48.1319958 ], [ 11.3233848, 48.132121 ], [ 11.3230132, 48.1322712 ], [ 11.3226762, 48.1323665 ], [ 11.3221155, 48.1325169 ], [ 11.3220585, 48.1325261 ], [ 11.3216173, 48.1325662 ], [ 11.3212688, 48.1325873 ], [ 11.3208366, 48.1325618 ], [ 11.3206746, 48.1325614 ], [ 11.3203203, 48.1323837 ], [ 11.3202904, 48.1319728 ], [ 11.3199702, 48.1317457 ], [ 11.3198122, 48.1316525 ], [ 11.3202113, 48.1313804 ], [ 11.3207319, 48.1309653 ], [ 11.3215778, 48.1302623 ], [ 11.3216781, 48.1301949 ], [ 11.3217784, 48.1301276 ], [ 11.3203675, 48.1292431 ], [ 11.3193462, 48.1286215 ], [ 11.3193444, 48.1286159 ], [ 11.3192908, 48.1284626 ], [ 11.3192439, 48.1282976 ], [ 11.3189206, 48.1283096 ], [ 11.3186764, 48.1283204 ], [ 11.3186995, 48.1278165 ], [ 11.3187217, 48.127507 ], [ 11.3187555, 48.127237 ], [ 11.3189256, 48.1267611 ], [ 11.3191832, 48.1260098 ], [ 11.3192942, 48.1256439 ], [ 11.3193842, 48.1253507 ], [ 11.3195487, 48.1248156 ], [ 11.3195699, 48.1247527 ], [ 11.3197502, 48.1243245 ], [ 11.3198472, 48.1241536 ], [ 11.3189361, 48.1235862 ], [ 11.3185524, 48.1233377 ], [ 11.3172825, 48.1225302 ], [ 11.3164627, 48.1219952 ], [ 11.3163395, 48.1219145 ], [ 11.3162174, 48.1218347 ], [ 11.3159984, 48.1217502 ], [ 11.3158049, 48.1217055 ], [ 11.3155415, 48.1216779 ], [ 11.3152071, 48.121629 ], [ 11.3149234, 48.1215658 ], [ 11.3145773, 48.1214507 ], [ 11.3142515, 48.1213265 ], [ 11.3139899, 48.1212139 ], [ 11.3133863, 48.1209352 ], [ 11.3131907, 48.1208032 ], [ 11.313026, 48.1206298 ], [ 11.3128787, 48.1204857 ], [ 11.3127453, 48.1203161 ], [ 11.3126679, 48.1201915 ], [ 11.3125443, 48.1199327 ], [ 11.3123605, 48.1195384 ], [ 11.3122749, 48.119576 ], [ 11.3121941, 48.1196091 ], [ 11.3120876, 48.1196208 ], [ 11.3118404, 48.1196919 ], [ 11.3116914, 48.1198022 ], [ 11.3112255, 48.1202419 ], [ 11.3104886, 48.1206907 ], [ 11.3101284, 48.1208855 ], [ 11.3098965, 48.1209998 ], [ 11.3098696, 48.1209996 ], [ 11.3092343, 48.1209797 ], [ 11.3085633, 48.1209439 ], [ 11.3082907, 48.1209532 ], [ 11.3080416, 48.1209638 ], [ 11.3083134, 48.1202526 ], [ 11.3059679, 48.1199641 ] ] ] } },
{ "type": "Feature", "properties": { "bbox_west": 11.6430463, "bbox_south": 48.0507051, "bbox_east": 11.6950369, "bbox_north": 48.0757162, "place_id": 117814327, "osm_type": "relation", "osm_id": 2168250, "lat": 48.0648406, "lon": 11.6647814, "class": "boundary", "type": "administrative", "place_rank": 16, "importance": 0.4628110240839089, "addresstype": "town", "name": "Ottobrunn", "display_name": "Ottobrunn, Landkreis München, Bavaria, 85521, Germany", "place_name": "Ottobrunn, Bavaria, Germany" }, "geometry": { "type": "Polygon", "coordinates": [ [ [ 11.6430463, 48.0560361 ], [ 11.6431765, 48.0558454 ], [ 11.6435929, 48.055351 ], [ 11.643932, 48.0549282 ], [ 11.6441997, 48.0545696 ], [ 11.6443823, 48.0543181 ], [ 11.6444717, 48.054185 ], [ 11.6470736, 48.0541018 ], [ 11.6504618, 48.0540899 ], [ 11.6507185, 48.0540979 ], [ 11.6506807, 48.0538227 ], [ 11.6506735, 48.0537269 ], [ 11.6506633, 48.0536825 ], [ 11.6509679, 48.0536556 ], [ 11.6513051, 48.053573 ], [ 11.6513602, 48.0535697 ], [ 11.6514147, 48.0535761 ], [ 11.6515404, 48.0536146 ], [ 11.6524008, 48.0537839 ], [ 11.6526011, 48.053819 ], [ 11.6528003, 48.0538441 ], [ 11.6530554, 48.0538659 ], [ 11.6533117, 48.0538986 ], [ 11.6537305, 48.0539864 ], [ 11.6540187, 48.0532222 ], [ 11.6542609, 48.0526418 ], [ 11.6544779, 48.0520812 ], [ 11.6545987, 48.0519093 ], [ 11.6546429, 48.0518051 ], [ 11.6551272, 48.0518439 ], [ 11.6553593, 48.0518584 ], [ 11.6554214, 48.0518574 ], [ 11.6555394, 48.051834 ], [ 11.6559653, 48.0518569 ], [ 11.6560067, 48.0518661 ], [ 11.6560694, 48.0518694 ], [ 11.658667, 48.052083 ], [ 11.6591121, 48.0521196 ], [ 11.659801, 48.0521763 ], [ 11.6605337, 48.0522365 ], [ 11.6614194, 48.0523055 ], [ 11.6616213, 48.052002 ], [ 11.6616917, 48.0518591 ], [ 11.6619676, 48.0512873 ], [ 11.6622175, 48.0507051 ], [ 11.6624143, 48.0507354 ], [ 11.6633054, 48.0509426 ], [ 11.6642401, 48.0511008 ], [ 11.6644533, 48.0511369 ], [ 11.6645938, 48.0511537 ], [ 11.6645746, 48.0512392 ], [ 11.6645631, 48.0512715 ], [ 11.6647132, 48.0513016 ], [ 11.6652744, 48.0513761 ], [ 11.6659788, 48.0515183 ], [ 11.6664493, 48.0515806 ], [ 11.666849, 48.0516296 ], [ 11.6670492, 48.0516503 ], [ 11.6679469, 48.0517433 ], [ 11.6699262, 48.0519756 ], [ 11.670019, 48.052021 ], [ 11.6702918, 48.0520643 ], [ 11.6701932, 48.0522161 ], [ 11.6700845, 48.0524129 ], [ 11.6694161, 48.053544 ], [ 11.6692528, 48.053825 ], [ 11.6688753, 48.0544175 ], [ 11.6687464, 48.0546119 ], [ 11.6686592, 48.0547439 ], [ 11.6681401, 48.055518 ], [ 11.6679072, 48.0558891 ], [ 11.6675888, 48.0563929 ], [ 11.6667231, 48.0576641 ], [ 11.6666577, 48.0577598 ], [ 11.6670324, 48.0580498 ], [ 11.6675069, 48.0584445 ], [ 11.6683456, 48.0589826 ], [ 11.6687028, 48.05924 ], [ 11.6691045, 48.0594964 ], [ 11.6692586, 48.0595729 ], [ 11.6695064, 48.059613 ], [ 11.6697348, 48.059593 ], [ 11.6699655, 48.0595729 ], [ 11.6705603, 48.0597867 ], [ 11.670829, 48.0598801 ], [ 11.6711674, 48.060026 ], [ 11.6713446, 48.060101 ], [ 11.6712554, 48.0602272 ], [ 11.6711663, 48.0603535 ], [ 11.6713554, 48.0604304 ], [ 11.6716158, 48.0604909 ], [ 11.6720882, 48.0605876 ], [ 11.6725682, 48.0606624 ], [ 11.6729359, 48.060709 ], [ 11.6734984, 48.060782 ], [ 11.6746246, 48.0609509 ], [ 11.6747823, 48.0609805 ], [ 11.6746944, 48.0611334 ], [ 11.6784332, 48.0617865 ], [ 11.6792352, 48.0619467 ], [ 11.6800275, 48.0621649 ], [ 11.6801945, 48.0622111 ], [ 11.6814165, 48.0625499 ], [ 11.6815907, 48.0626276 ], [ 11.6834593, 48.0634667 ], [ 11.6837, 48.0635165 ], [ 11.6844995, 48.0636766 ], [ 11.6864172, 48.064059 ], [ 11.6879988, 48.0643567 ], [ 11.688909, 48.0645195 ], [ 11.6892239, 48.0645813 ], [ 11.6900552, 48.0647246 ], [ 11.6901868, 48.0647496 ], [ 11.6911523, 48.0649205 ], [ 11.6927038, 48.0651575 ], [ 11.6936397, 48.0652669 ], [ 11.694975, 48.0654052 ], [ 11.6950369, 48.0654263 ], [ 11.6950056, 48.0654602 ], [ 11.6949153, 48.0655412 ], [ 11.6946698, 48.0657528 ], [ 11.6946088, 48.0658025 ], [ 11.6944387, 48.065941 ], [ 11.6928954, 48.0671875 ], [ 11.6879304, 48.0712191 ], [ 11.6895345, 48.0714204 ], [ 11.6931532, 48.0718744 ], [ 11.6930621, 48.0719853 ], [ 11.6923672, 48.0728318 ], [ 11.6921595, 48.0729637 ], [ 11.6921366, 48.072978 ], [ 11.6920123, 48.0731298 ], [ 11.6917203, 48.0730526 ], [ 11.6915826, 48.0730162 ], [ 11.6911251, 48.0734223 ], [ 11.6897706, 48.0730306 ], [ 11.6886213, 48.0727268 ], [ 11.6874037, 48.0724065 ], [ 11.6843846, 48.0715799 ], [ 11.6838493, 48.0714337 ], [ 11.6836988, 48.0713927 ], [ 11.6827185, 48.0711272 ], [ 11.6816548, 48.0707571 ], [ 11.6811578, 48.0705821 ], [ 11.6800644, 48.0702729 ], [ 11.6798369, 48.0702554 ], [ 11.6793252, 48.0702157 ], [ 11.6785272, 48.0701531 ], [ 11.6772273, 48.0701049 ], [ 11.6769297, 48.0699764 ], [ 11.6766616, 48.0698051 ], [ 11.6759942, 48.0697487 ], [ 11.6759194, 48.0697521 ], [ 11.6757349, 48.0696775 ], [ 11.6748205, 48.0693073 ], [ 11.6749417, 48.0691376 ], [ 11.6738388, 48.0687775 ], [ 11.6736782, 48.0689518 ], [ 11.6728702, 48.0694152 ], [ 11.6711033, 48.0690829 ], [ 11.670362, 48.0689435 ], [ 11.6701734, 48.0689124 ], [ 11.6700774, 48.0688968 ], [ 11.6690056, 48.0688745 ], [ 11.6684543, 48.068857 ], [ 11.6673759, 48.0687887 ], [ 11.6672122, 48.0687689 ], [ 11.6669982, 48.0687718 ], [ 11.6669711, 48.0688727 ], [ 11.6660566, 48.0690839 ], [ 11.666031, 48.0690879 ], [ 11.6657629, 48.0691336 ], [ 11.6652894, 48.0691996 ], [ 11.6652744, 48.0691988 ], [ 11.6648567, 48.0692554 ], [ 11.6646158, 48.0696063 ], [ 11.6643499, 48.0699923 ], [ 11.6644581, 48.0705279 ], [ 11.6645367, 48.0709988 ], [ 11.6638637, 48.0710799 ], [ 11.6638703, 48.0708356 ], [ 11.6629319, 48.0708934 ], [ 11.6615252, 48.0710623 ], [ 11.6613926, 48.0710882 ], [ 11.6599487, 48.0713818 ], [ 11.6605331, 48.0717095 ], [ 11.6607907, 48.0718449 ], [ 11.661044, 48.0719976 ], [ 11.6612174, 48.0720903 ], [ 11.6614849, 48.0722268 ], [ 11.6617718, 48.0723687 ], [ 11.6623533, 48.0726023 ], [ 11.6625149, 48.0726663 ], [ 11.6628534, 48.0727713 ], [ 11.6630586, 48.0728349 ], [ 11.6636708, 48.0730513 ], [ 11.6638461, 48.0731168 ], [ 11.6639986, 48.073174 ], [ 11.6640423, 48.0731921 ], [ 11.664532, 48.0733925 ], [ 11.6641305, 48.0734505 ], [ 11.663778, 48.0735427 ], [ 11.6633663, 48.0736376 ], [ 11.6632184, 48.0736769 ], [ 11.6627801, 48.0737784 ], [ 11.6625669, 48.0738278 ], [ 11.658958, 48.0745227 ], [ 11.657707, 48.0747636 ], [ 11.6574368, 48.0748129 ], [ 11.6567807, 48.0749308 ], [ 11.6549591, 48.0752726 ], [ 11.6547827, 48.0752089 ], [ 11.6541911, 48.0750079 ], [ 11.6539459, 48.0754163 ], [ 11.6532898, 48.0752649 ], [ 11.6532764, 48.0752795 ], [ 11.6532088, 48.0753244 ], [ 11.6531321, 48.0753716 ], [ 11.6530436, 48.075416 ], [ 11.6528236, 48.0754875 ], [ 11.6522257, 48.0755963 ], [ 11.6519594, 48.0756293 ], [ 11.6513995, 48.0757162 ], [ 11.6514264, 48.0756175 ], [ 11.6515318, 48.0752275 ], [ 11.6515195, 48.0752021 ], [ 11.6514891, 48.0751804 ], [ 11.6514758, 48.0751526 ], [ 11.6514819, 48.0751331 ], [ 11.6515397, 48.0750787 ], [ 11.6515434, 48.0750705 ], [ 11.6514935, 48.0747991 ], [ 11.651439, 48.0745855 ], [ 11.6512573, 48.0746111 ], [ 11.6505133, 48.0747295 ], [ 11.650254, 48.0747782 ], [ 11.6487227, 48.0750403 ], [ 11.6473297, 48.0753079 ], [ 11.6468743, 48.0754137 ], [ 11.6466914, 48.0754412 ], [ 11.6464783, 48.0754732 ], [ 11.6461059, 48.0745173 ], [ 11.6458474, 48.073857 ], [ 11.6454687, 48.0728909 ], [ 11.6454229, 48.072612 ], [ 11.6453963, 48.0725191 ], [ 11.6449585, 48.0709795 ], [ 11.6449015, 48.0708444 ], [ 11.648116, 48.0702961 ], [ 11.6491753, 48.0701153 ], [ 11.6494933, 48.0700681 ], [ 11.6504829, 48.0699214 ], [ 11.6504385, 48.0697634 ], [ 11.6502613, 48.0692561 ], [ 11.6498555, 48.0680978 ], [ 11.6498863, 48.0678294 ], [ 11.6499073, 48.0677021 ], [ 11.6498211, 48.0676101 ], [ 11.649721, 48.0674756 ], [ 11.6496138, 48.0673414 ], [ 11.649527, 48.0672213 ], [ 11.6492895, 48.0668522 ], [ 11.6491824, 48.0666569 ], [ 11.6491638, 48.0666194 ], [ 11.6490651, 48.0664051 ], [ 11.6487648, 48.0656204 ], [ 11.6486559, 48.0653417 ], [ 11.6487124, 48.0652531 ], [ 11.648786, 48.0651208 ], [ 11.6489575, 48.0648179 ], [ 11.6489124, 48.0647158 ], [ 11.6487797, 48.0644319 ], [ 11.6487084, 48.0642831 ], [ 11.6484424, 48.0639159 ], [ 11.6479198, 48.0623063 ], [ 11.647862, 48.0621389 ], [ 11.6476576, 48.0615445 ], [ 11.6475262, 48.0611444 ], [ 11.6472926, 48.0604095 ], [ 11.6470967, 48.0597929 ], [ 11.6460617, 48.0564923 ], [ 11.6445297, 48.0565154 ], [ 11.6445256, 48.0563749 ], [ 11.6445215, 48.0562342 ], [ 11.6433524, 48.0562515 ], [ 11.6432305, 48.0562375 ], [ 11.643147, 48.0562099 ], [ 11.6430974, 48.0561678 ], [ 11.6430543, 48.0561142 ], [ 11.6430463, 48.0560361 ] ] ] } },
{ "type": "Feature", "properties": { "bbox_west": 11.5748097, "bbox_south": 48.0523402, "bbox_east": 11.6504829, "bbox_north": 48.0873456, "place_id": 128114304, "osm_type": "relation", "osm_id": 497335, "lat": 48.0662249, "lon": 11.6102245, "class": "boundary", "type": "administrative", "place_rank": 16, "importance": 0.50026122182867339, "addresstype": "town", "name": "Unterhaching", "display_name": "Unterhaching, Landkreis München, Bavaria, 82008, Germany", "place_name": "Unterhaching, Bavaria, Germany" }, "geometry": { "type": "MultiPolygon", "coordinates": [ [ [ [ 11.5748097, 48.0695613 ], [ 11.5753699, 48.0692471 ], [ 11.5758593, 48.069609 ], [ 11.5752994, 48.0699239 ], [ 11.5748097, 48.0695613 ] ] ], [ [ [ 11.5930057, 48.0831925 ], [ 11.5930215, 48.0830287 ], [ 11.593031, 48.0830004 ], [ 11.5931267, 48.0828384 ], [ 11.5931563, 48.0828077 ], [ 11.5931949, 48.0827852 ], [ 11.5933623, 48.0826653 ], [ 11.5933985, 48.0826473 ], [ 11.5936752, 48.0825515 ], [ 11.5937233, 48.0825417 ], [ 11.5940181, 48.0825191 ], [ 11.5943196, 48.08253 ], [ 11.5949657, 48.0825898 ], [ 11.5957337, 48.0811008 ], [ 11.5958689, 48.0808385 ], [ 11.5959087, 48.0807986 ], [ 11.596113, 48.0806773 ], [ 11.5962247, 48.0806265 ], [ 11.5963347, 48.0803901 ], [ 11.5964925, 48.0800502 ], [ 11.5967711, 48.0793499 ], [ 11.5969191, 48.0789064 ], [ 11.5973344, 48.0772546 ], [ 11.5973887, 48.0769986 ], [ 11.5974253, 48.0767924 ], [ 11.5974295, 48.0767652 ], [ 11.5975318, 48.0761082 ], [ 11.5976117, 48.0754125 ], [ 11.5976571, 48.074475 ], [ 11.5976391, 48.0731202 ], [ 11.5975001, 48.0719376 ], [ 11.5973015, 48.0709238 ], [ 11.5970333, 48.0698133 ], [ 11.5966046, 48.0682946 ], [ 11.5965698, 48.0681824 ], [ 11.5965253, 48.06804 ], [ 11.596253, 48.0670415 ], [ 11.5959291, 48.0659372 ], [ 11.5956725, 48.0650197 ], [ 11.5953215, 48.063531 ], [ 11.5949631, 48.0617937 ], [ 11.5948067, 48.060838 ], [ 11.5947979, 48.0607746 ], [ 11.5946178, 48.0589676 ], [ 11.5945303, 48.0571375 ], [ 11.5945315, 48.0569718 ], [ 11.5944725, 48.0568289 ], [ 11.5943082, 48.0565267 ], [ 11.5942596, 48.0564509 ], [ 11.5942388, 48.0564185 ], [ 11.5940932, 48.0562443 ], [ 11.5939623, 48.0561179 ], [ 11.593771, 48.0559604 ], [ 11.5936258, 48.0558452 ], [ 11.5934786, 48.055714 ], [ 11.5933274, 48.0555546 ], [ 11.5932312, 48.0554193 ], [ 11.5931521, 48.0552761 ], [ 11.5931051, 48.0551402 ], [ 11.5930972, 48.054965 ], [ 11.5930999, 48.0546305 ], [ 11.5931099, 48.0543361 ], [ 11.5931199, 48.0542297 ], [ 11.5933289, 48.0542437 ], [ 11.5936056, 48.0542539 ], [ 11.5940114, 48.0542691 ], [ 11.5949111, 48.0542966 ], [ 11.5950046, 48.0543005 ], [ 11.5950985, 48.0543025 ], [ 11.5956348, 48.0543218 ], [ 11.5961727, 48.0543478 ], [ 11.5961862, 48.0543485 ], [ 11.5962331, 48.0543595 ], [ 11.5962307, 48.0543406 ], [ 11.5962328, 48.054304 ], [ 11.5962408, 48.054268 ], [ 11.5962532, 48.0542379 ], [ 11.5962817, 48.0541933 ], [ 11.5963702, 48.0541147 ], [ 11.5964441, 48.0540685 ], [ 11.5965077, 48.0540356 ], [ 11.5965783, 48.0540218 ], [ 11.5966705, 48.0540167 ], [ 11.5966855, 48.0540176 ], [ 11.5967422, 48.0540206 ], [ 11.5968165, 48.0540334 ], [ 11.5968654, 48.0540466 ], [ 11.5969279, 48.0540703 ], [ 11.5969695, 48.0540914 ], [ 11.5970496, 48.0541451 ], [ 11.5971275, 48.0541984 ], [ 11.5971344, 48.0542108 ], [ 11.5971639, 48.0542643 ], [ 11.5973098, 48.0545606 ], [ 11.6011916, 48.054562 ], [ 11.6013312, 48.0545617 ], [ 11.6013709, 48.0548536 ], [ 11.6038254, 48.0547774 ], [ 11.6052686, 48.0548332 ], [ 11.6064303, 48.0548212 ], [ 11.6065172, 48.0548263 ], [ 11.6065352, 48.0548348 ], [ 11.6065991, 48.0548892 ], [ 11.6066678, 48.0549302 ], [ 11.6067982, 48.0550081 ], [ 11.6068493, 48.0550321 ], [ 11.6068868, 48.0550441 ], [ 11.6069631, 48.05505 ], [ 11.6070518, 48.0550524 ], [ 11.607094, 48.0548999 ], [ 11.6075628, 48.0548248 ], [ 11.6081144, 48.0548345 ], [ 11.6090593, 48.0547849 ], [ 11.6102792, 48.0546976 ], [ 11.6103566, 48.0546904 ], [ 11.6105631, 48.054671 ], [ 11.6107562, 48.054653 ], [ 11.6109619, 48.0546338 ], [ 11.6113239, 48.0545999 ], [ 11.6114662, 48.0545866 ], [ 11.6116463, 48.0549671 ], [ 11.6117555, 48.0552141 ], [ 11.6160511, 48.0550543 ], [ 11.6160473, 48.0547538 ], [ 11.6160495, 48.0543262 ], [ 11.6161919, 48.0543224 ], [ 11.6189197, 48.0542035 ], [ 11.6191306, 48.0541945 ], [ 11.6190032, 48.0537291 ], [ 11.6189641, 48.0536455 ], [ 11.6189363, 48.0535544 ], [ 11.6188951, 48.0534705 ], [ 11.6187838, 48.0532272 ], [ 11.6188779, 48.0532235 ], [ 11.6190151, 48.0532138 ], [ 11.6200377, 48.0531239 ], [ 11.6214592, 48.0530726 ], [ 11.6219898, 48.0530443 ], [ 11.6225296, 48.0530742 ], [ 11.6230845, 48.0531684 ], [ 11.6225099, 48.0534141 ], [ 11.6226509, 48.0534249 ], [ 11.6233595, 48.053513 ], [ 11.6235047, 48.0530033 ], [ 11.6235209, 48.0529969 ], [ 11.6237638, 48.0529475 ], [ 11.6240443, 48.0529104 ], [ 11.6241659, 48.0528992 ], [ 11.6244949, 48.0528641 ], [ 11.6249291, 48.0528179 ], [ 11.625503, 48.052749 ], [ 11.625779, 48.0526895 ], [ 11.6258901, 48.0526585 ], [ 11.6260126, 48.0526049 ], [ 11.6260316, 48.0526127 ], [ 11.6261046, 48.0526323 ], [ 11.6262028, 48.0526374 ], [ 11.6263038, 48.0526413 ], [ 11.6263296, 48.052638 ], [ 11.6263772, 48.0526288 ], [ 11.6264499, 48.052607 ], [ 11.6265098, 48.0525799 ], [ 11.6265451, 48.052559 ], [ 11.6265942, 48.0525209 ], [ 11.6266134, 48.0524995 ], [ 11.6266344, 48.0524756 ], [ 11.6266611, 48.0524278 ], [ 11.6266724, 48.0523914 ], [ 11.6267391, 48.0523701 ], [ 11.6268115, 48.0523402 ], [ 11.6268147, 48.0523682 ], [ 11.6268148, 48.0524303 ], [ 11.6268063, 48.0524565 ], [ 11.6267837, 48.0524969 ], [ 11.6267706, 48.0525201 ], [ 11.6267172, 48.0525803 ], [ 11.6266528, 48.0526303 ], [ 11.6265997, 48.0526618 ], [ 11.6265663, 48.052674 ], [ 11.6263373, 48.0529393 ], [ 11.6263046, 48.053126 ], [ 11.6263154, 48.053817 ], [ 11.6292812, 48.0538396 ], [ 11.6340579, 48.0537959 ], [ 11.6437081, 48.0536688 ], [ 11.6434744, 48.0541558 ], [ 11.6438015, 48.0541649 ], [ 11.643904, 48.0541679 ], [ 11.6440048, 48.054171 ], [ 11.6443185, 48.0541804 ], [ 11.6444717, 48.054185 ], [ 11.6443823, 48.0543181 ], [ 11.6441997, 48.0545696 ], [ 11.643932, 48.0549282 ], [ 11.6435929, 48.055351 ], [ 11.6431765, 48.0558454 ], [ 11.6430463, 48.0560361 ], [ 11.6430543, 48.0561142 ], [ 11.6430974, 48.0561678 ], [ 11.643147, 48.0562099 ], [ 11.6432305, 48.0562375 ], [ 11.6433524, 48.0562515 ], [ 11.6445215, 48.0562342 ], [ 11.6445256, 48.0563749 ], [ 11.6445297, 48.0565154 ], [ 11.6460617, 48.0564923 ], [ 11.6470967, 48.0597929 ], [ 11.6472926, 48.0604095 ], [ 11.6475262, 48.0611444 ], [ 11.6476576, 48.0615445 ], [ 11.647862, 48.0621389 ], [ 11.6479198, 48.0623063 ], [ 11.6484424, 48.0639159 ], [ 11.6487084, 48.0642831 ], [ 11.6487797, 48.0644319 ], [ 11.6489124, 48.0647158 ], [ 11.6489575, 48.0648179 ], [ 11.648786, 48.0651208 ], [ 11.6487124, 48.0652531 ], [ 11.6486559, 48.0653417 ], [ 11.6487648, 48.0656204 ], [ 11.6490651, 48.0664051 ], [ 11.6491638, 48.0666194 ], [ 11.6491824, 48.0666569 ], [ 11.6492895, 48.0668522 ], [ 11.649527, 48.0672213 ], [ 11.6496138, 48.0673414 ], [ 11.649721, 48.0674756 ], [ 11.6498211, 48.0676101 ], [ 11.6499073, 48.0677021 ], [ 11.6498863, 48.0678294 ], [ 11.6498555, 48.0680978 ], [ 11.6502613, 48.0692561 ], [ 11.6504385, 48.0697634 ], [ 11.6504829, 48.0699214 ], [ 11.6494933, 48.0700681 ], [ 11.6491753, 48.0701153 ], [ 11.648116, 48.0702961 ], [ 11.6449015, 48.0708444 ], [ 11.6449585, 48.0709795 ], [ 11.6453963, 48.0725191 ], [ 11.6454229, 48.072612 ], [ 11.6454687, 48.0728909 ], [ 11.6458474, 48.073857 ], [ 11.6461059, 48.0745173 ], [ 11.6464783, 48.0754732 ], [ 11.6453589, 48.0756736 ], [ 11.6451018, 48.0757261 ], [ 11.6449467, 48.0757494 ], [ 11.6445609, 48.0758038 ], [ 11.6441779, 48.0758738 ], [ 11.6440883, 48.0758882 ], [ 11.635507, 48.0772733 ], [ 11.6334178, 48.077582 ], [ 11.6321504, 48.0757289 ], [ 11.6310651, 48.0742486 ], [ 11.6297709, 48.0744035 ], [ 11.62943, 48.074449 ], [ 11.628833, 48.0745443 ], [ 11.6275974, 48.0747779 ], [ 11.6272607, 48.075036 ], [ 11.6265848, 48.075174 ], [ 11.6259523, 48.0749819 ], [ 11.6259061, 48.0737628 ], [ 11.6259052, 48.0737378 ], [ 11.625532, 48.0735399 ], [ 11.6254609, 48.0734976 ], [ 11.625226, 48.0733695 ], [ 11.624427, 48.0741975 ], [ 11.6232964, 48.0753693 ], [ 11.6232202, 48.0754482 ], [ 11.6229355, 48.0757457 ], [ 11.62255, 48.0761469 ], [ 11.6223758, 48.075876 ], [ 11.6217862, 48.0748576 ], [ 11.6217498, 48.0747858 ], [ 11.6216498, 48.0745516 ], [ 11.6215493, 48.0745157 ], [ 11.6192711, 48.0747361 ], [ 11.6128494, 48.0753573 ], [ 11.6112673, 48.0754221 ], [ 11.611145, 48.0754232 ], [ 11.6110095, 48.0754283 ], [ 11.6107804, 48.0754319 ], [ 11.6105564, 48.0754302 ], [ 11.6104463, 48.0754265 ], [ 11.6102144, 48.0762502 ], [ 11.609956, 48.0771671 ], [ 11.609677, 48.0783061 ], [ 11.6095632, 48.0787427 ], [ 11.6094262, 48.0791793 ], [ 11.6093179, 48.0795359 ], [ 11.609264, 48.079661 ], [ 11.6092322, 48.0797508 ], [ 11.6090586, 48.0804935 ], [ 11.6077641, 48.0856188 ], [ 11.6074765, 48.0868027 ], [ 11.6064974, 48.086808 ], [ 11.6062907, 48.0866651 ], [ 11.6059078, 48.0863871 ], [ 11.6055025, 48.0861501 ], [ 11.6052422, 48.086002 ], [ 11.6042136, 48.0854098 ], [ 11.6035253, 48.0850642 ], [ 11.6031338, 48.0855756 ], [ 11.6031191, 48.0855778 ], [ 11.6017741, 48.0873456 ], [ 11.6006051, 48.087092 ], [ 11.5999665, 48.086956 ], [ 11.5990531, 48.0867588 ], [ 11.5985459, 48.0866489 ], [ 11.5983569, 48.0865858 ], [ 11.5982782, 48.086529 ], [ 11.5981889, 48.0864497 ], [ 11.5981364, 48.0863389 ], [ 11.5980406, 48.0860577 ], [ 11.5978834, 48.0859325 ], [ 11.5976965, 48.0858711 ], [ 11.5974095, 48.0858382 ], [ 11.5968988, 48.0858324 ], [ 11.5964285, 48.0857868 ], [ 11.5959717, 48.0856984 ], [ 11.5955265, 48.0855637 ], [ 11.5950305, 48.0854296 ], [ 11.594832, 48.0856828 ], [ 11.5947192, 48.0858191 ], [ 11.5944394, 48.085714 ], [ 11.5945193, 48.0855746 ], [ 11.5943263, 48.0855192 ], [ 11.5945095, 48.0852642 ], [ 11.5941335, 48.0851413 ], [ 11.5936151, 48.0849751 ], [ 11.5937128, 48.0846824 ], [ 11.5937255, 48.0846012 ], [ 11.5937236, 48.0844762 ], [ 11.5936921, 48.0843589 ], [ 11.593624, 48.0842145 ], [ 11.5933724, 48.0838478 ], [ 11.5932079, 48.0836873 ], [ 11.593093, 48.0835177 ], [ 11.5930317, 48.0833509 ], [ 11.5930057, 48.0831925 ] ] ] ] } }
]
}
